時系列No,進行目安,区分,地域・クエスト,会話ID,name,text,charId,行,イベントID,条件・演出備考,参照状態,source,修正案,編集メモ
1,序章・5年前～現在への移行,メイン・イベント,,PROLOGUE_WEST_HILL_OPENING,システム,――山奥の小さな村。,,1/7,game_start,"event=game_start; actions=WORLD_STATE(value=1,key=prologueStage) -> FLAG(key=playablePrologueStarted,state=True) -> CONV:PROLOGUE_WEST_HILL_OPENING",現行参照,story.js:94,,
2,序章・5年前～現在への移行,メイン・イベント,,PROLOGUE_WEST_HILL_OPENING,システム,眼下の村では、小さな光神の祠へ朝日が差し、白い祈り布が風に揺れている。水路の音に、炊事の匂いが混じっていた。,,2/7,game_start,"event=game_start; actions=WORLD_STATE(value=1,key=prologueStage) -> FLAG(key=playablePrologueStarted,state=True) -> CONV:PROLOGUE_WEST_HILL_OPENING",現行参照,story.js:94,,
3,序章・5年前～現在への移行,メイン・イベント,,PROLOGUE_WEST_HILL_OPENING,ルーナ,今日のお供え、これならきっと喜んでもらえるね。あと少しだけ摘んで帰ろう、アルス。,403,3/7,game_start,"event=game_start; actions=WORLD_STATE(value=1,key=prologueStage) -> FLAG(key=playablePrologueStarted,state=True) -> CONV:PROLOGUE_WEST_HILL_OPENING",現行参照,story.js:94,,
4,序章・5年前～現在への移行,メイン・イベント,,PROLOGUE_WEST_HILL_OPENING,システム,東の空が、白く弾けた。,,4/7,game_start,"event=game_start; actions=WORLD_STATE(value=1,key=prologueStage) -> FLAG(key=playablePrologueStarted,state=True) -> CONV:PROLOGUE_WEST_HILL_OPENING",現行参照,story.js:94,,
5,序章・5年前～現在への移行,メイン・イベント,,PROLOGUE_WEST_HILL_OPENING,ルーナ,……え？,403,5/7,game_start,"event=game_start; actions=WORLD_STATE(value=1,key=prologueStage) -> FLAG(key=playablePrologueStarted,state=True) -> CONV:PROLOGUE_WEST_HILL_OPENING",現行参照,story.js:94,,
6,序章・5年前～現在への移行,メイン・イベント,,PROLOGUE_WEST_HILL_OPENING,システム,遅れて、腹の底まで響く轟音。高台が大きく跳ね、山のどこかで土砂が崩れる音がした。,,6/7,game_start,"event=game_start; actions=WORLD_STATE(value=1,key=prologueStage) -> FLAG(key=playablePrologueStarted,state=True) -> CONV:PROLOGUE_WEST_HILL_OPENING",現行参照,story.js:94,,
7,序章・5年前～現在への移行,メイン・イベント,,PROLOGUE_WEST_HILL_OPENING,ルーナ,村……！　アルス、私、先に行く！,403,7/7,game_start,"event=game_start; actions=WORLD_STATE(value=1,key=prologueStage) -> FLAG(key=playablePrologueStarted,state=True) -> CONV:PROLOGUE_WEST_HILL_OPENING",現行参照,story.js:94,,
8,序章・5年前～現在への移行,メイン・イベント,,PROLOGUE_SOUTH_AMBUSH,ルーナ,きゃあっ……！,403,1/3,prologue_south_arrival,"event=prologue_south_arrival; actions=WORLD_STATE(value=2,key=prologueStage) -> CONV:PROLOGUE_SOUTH_AMBUSH -> BOSS(value=802000); win=FLAG(key=prologueFirstBattleCleared,state=True) -> TEMP_ALLY(charId=403) -> WORLD_STATE(value=3,key=prologueStage) -> HEAL -> CONV:PROLOGUE_SOUTH_AFTER_BATTLE",現行参照,story.js:103,,
9,序章・5年前～現在への移行,メイン・イベント,,PROLOGUE_SOUTH_AMBUSH,システム,道の先で、毛を逆立てた魔物がルーナへ飛びかかった。,,2/3,prologue_south_arrival,"event=prologue_south_arrival; actions=WORLD_STATE(value=2,key=prologueStage) -> CONV:PROLOGUE_SOUTH_AMBUSH -> BOSS(value=802000); win=FLAG(key=prologueFirstBattleCleared,state=True) -> TEMP_ALLY(charId=403) -> WORLD_STATE(value=3,key=prologueStage) -> HEAL -> CONV:PROLOGUE_SOUTH_AFTER_BATTLE",現行参照,story.js:103,,
10,序章・5年前～現在への移行,メイン・イベント,,PROLOGUE_SOUTH_AMBUSH,アルス,ルーナ！,301,3/3,prologue_south_arrival,"event=prologue_south_arrival; actions=WORLD_STATE(value=2,key=prologueStage) -> CONV:PROLOGUE_SOUTH_AMBUSH -> BOSS(value=802000); win=FLAG(key=prologueFirstBattleCleared,state=True) -> TEMP_ALLY(charId=403) -> WORLD_STATE(value=3,key=prologueStage) -> HEAL -> CONV:PROLOGUE_SOUTH_AFTER_BATTLE",現行参照,story.js:103,,
11,序章・5年前～現在への移行,メイン・イベント,,PROLOGUE_LUCION_RECOVER,？？？？,……立って。,,1/2,prologue_south_ambush_retry / prologue_field_wipeout_recover,"event=prologue_south_ambush_retry; actions=CONV:PROLOGUE_LUCION_RECOVER -> HEAL -> BOSS(value=802000); win=FLAG(key=prologueFirstBattleCleared,state=True) -> TEMP_ALLY(charId=403) -> WORLD_STATE(value=3,key=prologueStage) -> HEAL -> CONV:PROLOGUE_SOUTH_AFTER_BATTLE || event=prologue_field_wipeout_recover; actions=HEAL -> CONV:PROLOGUE_LUCION_RECOVER",現行参照,story.js:108,,
12,序章・5年前～現在への移行,メイン・イベント,,PROLOGUE_LUCION_RECOVER,システム,閉じかけた視界に、淡い光がにじむ。痛みが引き、指先に力が戻った。,,2/2,prologue_south_ambush_retry / prologue_field_wipeout_recover,"event=prologue_south_ambush_retry; actions=CONV:PROLOGUE_LUCION_RECOVER -> HEAL -> BOSS(value=802000); win=FLAG(key=prologueFirstBattleCleared,state=True) -> TEMP_ALLY(charId=403) -> WORLD_STATE(value=3,key=prologueStage) -> HEAL -> CONV:PROLOGUE_SOUTH_AFTER_BATTLE || event=prologue_field_wipeout_recover; actions=HEAL -> CONV:PROLOGUE_LUCION_RECOVER",現行参照,story.js:108,,
13,序章・5年前～現在への移行,メイン・イベント,,PROLOGUE_SOUTH_AFTER_BATTLE,ルーナ,……ありがとう。,403,1/2,prologue_south_arrival / prologue_south_ambush_retry,"event=prologue_south_arrival; actions=WORLD_STATE(value=2,key=prologueStage) -> CONV:PROLOGUE_SOUTH_AMBUSH -> BOSS(value=802000); win=FLAG(key=prologueFirstBattleCleared,state=True) -> TEMP_ALLY(charId=403) -> WORLD_STATE(value=3,key=prologueStage) -> HEAL -> CONV:PROLOGUE_SOUTH_AFTER_BATTLE || event=prologue_south_ambush_retry; actions=CONV:PROLOGUE_LUCION_RECOVER -> HEAL -> BOSS(value=802000); win=FLAG(key=prologueFirstBattleCleared,state=True) -> TEMP_ALLY(charId=403) -> WORLD_STATE(value=3,key=prologueStage) -> HEAL -> CONV:PROLOGUE_SOUTH_AFTER_BATTLE",現行参照,story.js:112,,
14,序章・5年前～現在への移行,メイン・イベント,,PROLOGUE_SOUTH_AFTER_BATTLE,ルーナ,家へ行こう。お父さんたちが心配……。,403,2/2,prologue_south_arrival / prologue_south_ambush_retry,"event=prologue_south_arrival; actions=WORLD_STATE(value=2,key=prologueStage) -> CONV:PROLOGUE_SOUTH_AMBUSH -> BOSS(value=802000); win=FLAG(key=prologueFirstBattleCleared,state=True) -> TEMP_ALLY(charId=403) -> WORLD_STATE(value=3,key=prologueStage) -> HEAL -> CONV:PROLOGUE_SOUTH_AFTER_BATTLE || event=prologue_south_ambush_retry; actions=CONV:PROLOGUE_LUCION_RECOVER -> HEAL -> BOSS(value=802000); win=FLAG(key=prologueFirstBattleCleared,state=True) -> TEMP_ALLY(charId=403) -> WORLD_STATE(value=3,key=prologueStage) -> HEAL -> CONV:PROLOGUE_SOUTH_AFTER_BATTLE",現行参照,story.js:112,,
15,序章・5年前～現在への移行,メイン・イベント,名もなき山村・南側 FMAP000066-01,PROLOGUE_HOME_LOST,システム,家へ続いていた道は、途中で途切れていた。,,1/6,prologue_home_loss,"event=prologue_home_loss; actions=CONV:PROLOGUE_HOME_LOST -> FLAG(key=prologueHomeLostSeen,state=True) -> WORLD_STATE(value=4,key=prologueStage); 名もなき山村・南側 FMAP000066-01 / 家のあった場所へ向かう",現行参照,story.js:116,,
16,序章・5年前～現在への移行,メイン・イベント,名もなき山村・南側 FMAP000066-01,PROLOGUE_HOME_LOST,システム,その先には、底の見えない裂け目しかない。,,2/6,prologue_home_loss,"event=prologue_home_loss; actions=CONV:PROLOGUE_HOME_LOST -> FLAG(key=prologueHomeLostSeen,state=True) -> WORLD_STATE(value=4,key=prologueStage); 名もなき山村・南側 FMAP000066-01 / 家のあった場所へ向かう",現行参照,story.js:116,,
17,序章・5年前～現在への移行,メイン・イベント,名もなき山村・南側 FMAP000066-01,PROLOGUE_HOME_LOST,ルーナ,……うそ。,403,3/6,prologue_home_loss,"event=prologue_home_loss; actions=CONV:PROLOGUE_HOME_LOST -> FLAG(key=prologueHomeLostSeen,state=True) -> WORLD_STATE(value=4,key=prologueStage); 名もなき山村・南側 FMAP000066-01 / 家のあった場所へ向かう",現行参照,story.js:116,,
18,序章・5年前～現在への移行,メイン・イベント,名もなき山村・南側 FMAP000066-01,PROLOGUE_HOME_LOST,ルーナ,アルスの家も……私の家も、ここにあったのに……。,403,4/6,prologue_home_loss,"event=prologue_home_loss; actions=CONV:PROLOGUE_HOME_LOST -> FLAG(key=prologueHomeLostSeen,state=True) -> WORLD_STATE(value=4,key=prologueStage); 名もなき山村・南側 FMAP000066-01 / 家のあった場所へ向かう",現行参照,story.js:116,,
19,序章・5年前～現在への移行,メイン・イベント,名もなき山村・南側 FMAP000066-01,PROLOGUE_HOME_LOST,システム,足元で石が崩れ、闇の中へ吸い込まれていく。,,5/6,prologue_home_loss,"event=prologue_home_loss; actions=CONV:PROLOGUE_HOME_LOST -> FLAG(key=prologueHomeLostSeen,state=True) -> WORLD_STATE(value=4,key=prologueStage); 名もなき山村・南側 FMAP000066-01 / 家のあった場所へ向かう",現行参照,story.js:116,,
20,序章・5年前～現在への移行,メイン・イベント,名もなき山村・南側 FMAP000066-01,PROLOGUE_HOME_LOST,ルーナ,ここも崩れる。外へ……早く！,403,6/6,prologue_home_loss,"event=prologue_home_loss; actions=CONV:PROLOGUE_HOME_LOST -> FLAG(key=prologueHomeLostSeen,state=True) -> WORLD_STATE(value=4,key=prologueStage); 名もなき山村・南側 FMAP000066-01 / 家のあった場所へ向かう",現行参照,story.js:116,,
21,序章・5年前～現在への移行,メイン・イベント,名もなき山村・南側 FMAP000066-01,PROLOGUE_SOUTH_EXIT_BOSS,システム,村を抜ける道へ駆け込んだ、その時。,,1/5,prologue_south_exit_boss,"event=prologue_south_exit_boss; actions=WORLD_STATE(value=5,key=prologueStage) -> CONV:PROLOGUE_SOUTH_EXIT_BOSS -> TEMP_LB_START -> HEAL -> BOSS(value=802001); 名もなき山村・南側 FMAP000066-01 / 村を出る",現行参照,story.js:124,,
22,序章・5年前～現在への移行,メイン・イベント,名もなき山村・南側 FMAP000066-01,PROLOGUE_SOUTH_EXIT_BOSS,システム,裂け目の底から、形の定まらない巨大な影が這い上がった。,,2/5,prologue_south_exit_boss,"event=prologue_south_exit_boss; actions=WORLD_STATE(value=5,key=prologueStage) -> CONV:PROLOGUE_SOUTH_EXIT_BOSS -> TEMP_LB_START -> HEAL -> BOSS(value=802001); 名もなき山村・南側 FMAP000066-01 / 村を出る",現行参照,story.js:124,,
23,序章・5年前～現在への移行,メイン・イベント,名もなき山村・南側 FMAP000066-01,PROLOGUE_SOUTH_EXIT_BOSS,ルーナ,……アルス。来る。,403,3/5,prologue_south_exit_boss,"event=prologue_south_exit_boss; actions=WORLD_STATE(value=5,key=prologueStage) -> CONV:PROLOGUE_SOUTH_EXIT_BOSS -> TEMP_LB_START -> HEAL -> BOSS(value=802001); 名もなき山村・南側 FMAP000066-01 / 村を出る",現行参照,story.js:124,,
24,序章・5年前～現在への移行,メイン・イベント,名もなき山村・南側 FMAP000066-01,PROLOGUE_SOUTH_EXIT_BOSS,？？？？,――まだ、ここでは終わらせません。,,4/5,prologue_south_exit_boss,"event=prologue_south_exit_boss; actions=WORLD_STATE(value=5,key=prologueStage) -> CONV:PROLOGUE_SOUTH_EXIT_BOSS -> TEMP_LB_START -> HEAL -> BOSS(value=802001); 名もなき山村・南側 FMAP000066-01 / 村を出る",現行参照,story.js:124,,
25,序章・5年前～現在への移行,メイン・イベント,名もなき山村・南側 FMAP000066-01,PROLOGUE_SOUTH_EXIT_BOSS,システム,白い光が胸の奥へ沈み、冷えていた手が熱を取り戻した。,,5/5,prologue_south_exit_boss,"event=prologue_south_exit_boss; actions=WORLD_STATE(value=5,key=prologueStage) -> CONV:PROLOGUE_SOUTH_EXIT_BOSS -> TEMP_LB_START -> HEAL -> BOSS(value=802001); 名もなき山村・南側 FMAP000066-01 / 村を出る",現行参照,story.js:124,,
26,序章・5年前～現在への移行,メイン・イベント,,PROLOGUE_COLLAPSE_AND_PENDANT,システム,大きな亀裂が走り、足場が一気に傾いた。,,1/5,prologue_first_boss_loss / prologue_illuminacia_loss,"event=prologue_first_boss_loss; actions=FLAG(key=prologueResult1,state=True) -> FLAG(key=prologueFirstBossResolved,state=True) -> CONV:PROLOGUE_COLLAPSE_AND_PENDANT -> TEMP_LB_CLEAR -> ITEM(id=701009,count=1) -> RESET_TEMP_ALLY -> WORLD_STATE(value=100,key=prologueStage) -> HEAL -> START_FIXED_MAP(value=REES_MOUNTAIN_HUT,targetX=5,targetY=5) || event=prologue_illuminacia_loss; actions=FLAG(key=prologueResult3,state=True) -> CONV:PROLOGUE_COLLAPSE_AND_PENDANT -> TEMP_LB_CLEAR -> ITEM(id=701009,count=1) -> RESET_TEMP_ALLY -> WORLD_STATE(value=100,key=prologueStage) -> HEAL -> START_FIXED_MAP(value=REES_MOUNTAIN_HUT,targetX=5,targetY=5)",現行参照,story.js:131,,
27,序章・5年前～現在への移行,メイン・イベント,,PROLOGUE_COLLAPSE_AND_PENDANT,ルーナ,アルス、これ……持ってて。お願い。,403,2/5,prologue_first_boss_loss / prologue_illuminacia_loss,"event=prologue_first_boss_loss; actions=FLAG(key=prologueResult1,state=True) -> FLAG(key=prologueFirstBossResolved,state=True) -> CONV:PROLOGUE_COLLAPSE_AND_PENDANT -> TEMP_LB_CLEAR -> ITEM(id=701009,count=1) -> RESET_TEMP_ALLY -> WORLD_STATE(value=100,key=prologueStage) -> HEAL -> START_FIXED_MAP(value=REES_MOUNTAIN_HUT,targetX=5,targetY=5) || event=prologue_illuminacia_loss; actions=FLAG(key=prologueResult3,state=True) -> CONV:PROLOGUE_COLLAPSE_AND_PENDANT -> TEMP_LB_CLEAR -> ITEM(id=701009,count=1) -> RESET_TEMP_ALLY -> WORLD_STATE(value=100,key=prologueStage) -> HEAL -> START_FIXED_MAP(value=REES_MOUNTAIN_HUT,targetX=5,targetY=5)",現行参照,story.js:131,,
28,序章・5年前～現在への移行,メイン・イベント,,PROLOGUE_COLLAPSE_AND_PENDANT,システム,ルーナが首元のペンダントを外し、アルスの手へ押し込んだ。,,3/5,prologue_first_boss_loss / prologue_illuminacia_loss,"event=prologue_first_boss_loss; actions=FLAG(key=prologueResult1,state=True) -> FLAG(key=prologueFirstBossResolved,state=True) -> CONV:PROLOGUE_COLLAPSE_AND_PENDANT -> TEMP_LB_CLEAR -> ITEM(id=701009,count=1) -> RESET_TEMP_ALLY -> WORLD_STATE(value=100,key=prologueStage) -> HEAL -> START_FIXED_MAP(value=REES_MOUNTAIN_HUT,targetX=5,targetY=5) || event=prologue_illuminacia_loss; actions=FLAG(key=prologueResult3,state=True) -> CONV:PROLOGUE_COLLAPSE_AND_PENDANT -> TEMP_LB_CLEAR -> ITEM(id=701009,count=1) -> RESET_TEMP_ALLY -> WORLD_STATE(value=100,key=prologueStage) -> HEAL -> START_FIXED_MAP(value=REES_MOUNTAIN_HUT,targetX=5,targetY=5)",現行参照,story.js:131,,
29,序章・5年前～現在への移行,メイン・イベント,,PROLOGUE_COLLAPSE_AND_PENDANT,ルーナ,忘れないで。私たちが、ここにいたこと……。,403,4/5,prologue_first_boss_loss / prologue_illuminacia_loss,"event=prologue_first_boss_loss; actions=FLAG(key=prologueResult1,state=True) -> FLAG(key=prologueFirstBossResolved,state=True) -> CONV:PROLOGUE_COLLAPSE_AND_PENDANT -> TEMP_LB_CLEAR -> ITEM(id=701009,count=1) -> RESET_TEMP_ALLY -> WORLD_STATE(value=100,key=prologueStage) -> HEAL -> START_FIXED_MAP(value=REES_MOUNTAIN_HUT,targetX=5,targetY=5) || event=prologue_illuminacia_loss; actions=FLAG(key=prologueResult3,state=True) -> CONV:PROLOGUE_COLLAPSE_AND_PENDANT -> TEMP_LB_CLEAR -> ITEM(id=701009,count=1) -> RESET_TEMP_ALLY -> WORLD_STATE(value=100,key=prologueStage) -> HEAL -> START_FIXED_MAP(value=REES_MOUNTAIN_HUT,targetX=5,targetY=5)",現行参照,story.js:131,,
30,序章・5年前～現在への移行,メイン・イベント,,PROLOGUE_COLLAPSE_AND_PENDANT,システム,掴んだ手が離れる。次の瞬間、視界が暗闇に呑まれた。,,5/5,prologue_first_boss_loss / prologue_illuminacia_loss,"event=prologue_first_boss_loss; actions=FLAG(key=prologueResult1,state=True) -> FLAG(key=prologueFirstBossResolved,state=True) -> CONV:PROLOGUE_COLLAPSE_AND_PENDANT -> TEMP_LB_CLEAR -> ITEM(id=701009,count=1) -> RESET_TEMP_ALLY -> WORLD_STATE(value=100,key=prologueStage) -> HEAL -> START_FIXED_MAP(value=REES_MOUNTAIN_HUT,targetX=5,targetY=5) || event=prologue_illuminacia_loss; actions=FLAG(key=prologueResult3,state=True) -> CONV:PROLOGUE_COLLAPSE_AND_PENDANT -> TEMP_LB_CLEAR -> ITEM(id=701009,count=1) -> RESET_TEMP_ALLY -> WORLD_STATE(value=100,key=prologueStage) -> HEAL -> START_FIXED_MAP(value=REES_MOUNTAIN_HUT,targetX=5,targetY=5)",現行参照,story.js:131,,
31,序章・5年前～現在への移行,メイン・イベント,,PROLOGUE_FIRST_BOSS_WIN,システム,巨大な影が揺らぎ、裂け目の縁へ崩れ落ちた。,,1/4,prologue_first_boss_win,"event=prologue_first_boss_win; actions=FLAG(key=prologueFirstBossDefeated,state=True) -> FLAG(key=prologueFirstBossResolved,state=True) -> FLAG(key=prologueResult2,state=True) -> CONV:PROLOGUE_FIRST_BOSS_WIN -> BOSS(value=802002)",現行参照,story.js:138,,
32,序章・5年前～現在への移行,メイン・イベント,,PROLOGUE_FIRST_BOSS_WIN,ルーナ,……倒した、の？,403,2/4,prologue_first_boss_win,"event=prologue_first_boss_win; actions=FLAG(key=prologueFirstBossDefeated,state=True) -> FLAG(key=prologueFirstBossResolved,state=True) -> FLAG(key=prologueResult2,state=True) -> CONV:PROLOGUE_FIRST_BOSS_WIN -> BOSS(value=802002)",現行参照,story.js:138,,
33,序章・5年前～現在への移行,メイン・イベント,,PROLOGUE_FIRST_BOSS_WIN,システム,返事の代わりに、地の底から冷たい気配が吹き上がる。,,3/4,prologue_first_boss_win,"event=prologue_first_boss_win; actions=FLAG(key=prologueFirstBossDefeated,state=True) -> FLAG(key=prologueFirstBossResolved,state=True) -> FLAG(key=prologueResult2,state=True) -> CONV:PROLOGUE_FIRST_BOSS_WIN -> BOSS(value=802002)",現行参照,story.js:138,,
34,序章・5年前～現在への移行,メイン・イベント,,PROLOGUE_FIRST_BOSS_WIN,混沌姫イルミナシア,……面白い。そんな小さな身体で、まだ立つのね。,,4/4,prologue_first_boss_win,"event=prologue_first_boss_win; actions=FLAG(key=prologueFirstBossDefeated,state=True) -> FLAG(key=prologueFirstBossResolved,state=True) -> FLAG(key=prologueResult2,state=True) -> CONV:PROLOGUE_FIRST_BOSS_WIN -> BOSS(value=802002)",現行参照,story.js:138,,
35,序章・5年前～現在への移行,メイン・イベント,,PROLOGUE_PRESENT_WAKE,システム,――山中の小さな山小屋。,,1/3,prologue_present_wake,"event=prologue_present_wake; actions=CONV:PROLOGUE_PRESENT_WAKE -> FLAG(key=prologuePresentWakeSeen,state=True)",現行参照,story.js:144,,
36,序章・5年前～現在への移行,メイン・イベント,,PROLOGUE_PRESENT_WAKE,システム,地鳴りで目が覚めた。枕元では、焼け焦げたペンダントが小さく揺れている。,,2/3,prologue_present_wake,"event=prologue_present_wake; actions=CONV:PROLOGUE_PRESENT_WAKE -> FLAG(key=prologuePresentWakeSeen,state=True)",現行参照,story.js:144,,
37,序章・5年前～現在への移行,メイン・イベント,,PROLOGUE_PRESENT_WAKE,リース,起きたかい。顔を洗ったら、こっちへおいで。少し話そう。,,3/3,prologue_present_wake,"event=prologue_present_wake; actions=CONV:PROLOGUE_PRESENT_WAKE -> FLAG(key=prologuePresentWakeSeen,state=True)",現行参照,story.js:144,,
38,序章・5年前～現在への移行,メイン・イベント,,PRESENT_LUMINA_RESCUE,システム,山を下りて最初に見えた村から、鋭い悲鳴が上がった。,,1/2,present_lumina_rescue,"event=present_lumina_rescue; actions=CONV:PRESENT_LUMINA_RESCUE -> BOSS(value=[1, 1]); win=FLAG(key=presentLuminaRescueSeen,state=True) -> SUB(value=1) -> HEAL -> CONV:PRESENT_LUMINA_RESCUE_AFTER -> FLAG(key=luminaVillageNameKnown,state=True)",現行参照,story.js:159,,
39,序章・5年前～現在への移行,メイン・イベント,,PRESENT_LUMINA_RESCUE,村人,誰か！　子どもたちが魔物に……！,1003,2/2,present_lumina_rescue,"event=present_lumina_rescue; actions=CONV:PRESENT_LUMINA_RESCUE -> BOSS(value=[1, 1]); win=FLAG(key=presentLuminaRescueSeen,state=True) -> SUB(value=1) -> HEAL -> CONV:PRESENT_LUMINA_RESCUE_AFTER -> FLAG(key=luminaVillageNameKnown,state=True)",現行参照,story.js:159,,
40,序章・5年前～現在への移行,メイン・イベント,,PRESENT_LUMINA_RESCUE_AFTER,長老,旅のお方……助かりました。あの子たちを救ってくださり、本当にありがとうございます。,1001,1/3,present_lumina_rescue / present_lumina_rescue_retry,"event=present_lumina_rescue; actions=CONV:PRESENT_LUMINA_RESCUE -> BOSS(value=[1, 1]); win=FLAG(key=presentLuminaRescueSeen,state=True) -> SUB(value=1) -> HEAL -> CONV:PRESENT_LUMINA_RESCUE_AFTER -> FLAG(key=luminaVillageNameKnown,state=True) || event=present_lumina_rescue_retry; actions=CONV:PRESENT_LUMINA_RESCUE_RETRY -> HEAL -> BOSS(value=[1, 1]); win=FLAG(key=presentLuminaRescueSeen,state=True) -> SUB(value=1) -> HEAL -> CONV:PRESENT_LUMINA_RESCUE_AFTER -> FLAG(key=luminaVillageNameKnown,state=True)",現行参照,story.js:163,,
41,序章・5年前～現在への移行,メイン・イベント,,PRESENT_LUMINA_RESCUE_AFTER,長老,ここはリュミナ村です。村の北東に、少し前から妙な穴が開いておりましてな。,1001,2/3,present_lumina_rescue / present_lumina_rescue_retry,"event=present_lumina_rescue; actions=CONV:PRESENT_LUMINA_RESCUE -> BOSS(value=[1, 1]); win=FLAG(key=presentLuminaRescueSeen,state=True) -> SUB(value=1) -> HEAL -> CONV:PRESENT_LUMINA_RESCUE_AFTER -> FLAG(key=luminaVillageNameKnown,state=True) || event=present_lumina_rescue_retry; actions=CONV:PRESENT_LUMINA_RESCUE_RETRY -> HEAL -> BOSS(value=[1, 1]); win=FLAG(key=presentLuminaRescueSeen,state=True) -> SUB(value=1) -> HEAL -> CONV:PRESENT_LUMINA_RESCUE_AFTER -> FLAG(key=luminaVillageNameKnown,state=True)",現行参照,story.js:163,,
42,序章・5年前～現在への移行,メイン・イベント,,PRESENT_LUMINA_RESCUE_AFTER,長老,立ち話もなんです。よろしければ、奥の家へ。,1001,3/3,present_lumina_rescue / present_lumina_rescue_retry,"event=present_lumina_rescue; actions=CONV:PRESENT_LUMINA_RESCUE -> BOSS(value=[1, 1]); win=FLAG(key=presentLuminaRescueSeen,state=True) -> SUB(value=1) -> HEAL -> CONV:PRESENT_LUMINA_RESCUE_AFTER -> FLAG(key=luminaVillageNameKnown,state=True) || event=present_lumina_rescue_retry; actions=CONV:PRESENT_LUMINA_RESCUE_RETRY -> HEAL -> BOSS(value=[1, 1]); win=FLAG(key=presentLuminaRescueSeen,state=True) -> SUB(value=1) -> HEAL -> CONV:PRESENT_LUMINA_RESCUE_AFTER -> FLAG(key=luminaVillageNameKnown,state=True)",現行参照,story.js:163,,
43,序章・5年前～現在への移行,メイン・イベント,,PRESENT_LUMINA_RESCUE_RETRY,システム,倒れかけたアルスは息を整え、もう一度剣を握った。子どもたちはまだ逃げ切れていない。,,1/1,present_lumina_rescue_retry,"event=present_lumina_rescue_retry; actions=CONV:PRESENT_LUMINA_RESCUE_RETRY -> HEAL -> BOSS(value=[1, 1]); win=FLAG(key=presentLuminaRescueSeen,state=True) -> SUB(value=1) -> HEAL -> CONV:PRESENT_LUMINA_RESCUE_AFTER -> FLAG(key=luminaVillageNameKnown,state=True)",現行参照,story.js:168,,
44,序章・5年前～現在への移行,メイン・イベント,,PROLOGUE_HIDDEN_ILLUMINACIA_WIN,システム,あり得ないはずの一撃が、イルミナシアの混沌を打ち砕いた。,,1/3,prologue_hidden_route_pending,"event=prologue_hidden_route_pending; actions=FLAG(key=prologueIlluminaciaDefeated,state=True) -> FLAG(key=prologueResult4,state=True) -> WORLD_STATE(value=6,key=prologueStage) -> CONV:PROLOGUE_HIDDEN_ILLUMINACIA_WIN -> ALLY(value=501) -> ALLY(value=402) -> SET_CHARACTER_LB -> SET_CHARACTER_LB -> START_FIXED_MAP(value=PROLOGUE_FINAL_ALTAR,targetX=6,targetY=6)",現行参照,story.js:171,,
45,序章・5年前～現在への移行,メイン・イベント,,PROLOGUE_HIDDEN_ILLUMINACIA_WIN,？？？？,……ここまで抗うとは。ならば、その先まで見届けましょう。,,2/3,prologue_hidden_route_pending,"event=prologue_hidden_route_pending; actions=FLAG(key=prologueIlluminaciaDefeated,state=True) -> FLAG(key=prologueResult4,state=True) -> WORLD_STATE(value=6,key=prologueStage) -> CONV:PROLOGUE_HIDDEN_ILLUMINACIA_WIN -> ALLY(value=501) -> ALLY(value=402) -> SET_CHARACTER_LB -> SET_CHARACTER_LB -> START_FIXED_MAP(value=PROLOGUE_FINAL_ALTAR,targetX=6,targetY=6)",現行参照,story.js:171,,
46,序章・5年前～現在への移行,メイン・イベント,,PROLOGUE_HIDDEN_ILLUMINACIA_WIN,システム,相反する二つの気配が、時の裂け目の向こうから近づいてくる。,,3/3,prologue_hidden_route_pending,"event=prologue_hidden_route_pending; actions=FLAG(key=prologueIlluminaciaDefeated,state=True) -> FLAG(key=prologueResult4,state=True) -> WORLD_STATE(value=6,key=prologueStage) -> CONV:PROLOGUE_HIDDEN_ILLUMINACIA_WIN -> ALLY(value=501) -> ALLY(value=402) -> SET_CHARACTER_LB -> SET_CHARACTER_LB -> START_FIXED_MAP(value=PROLOGUE_FINAL_ALTAR,targetX=6,targetY=6)",現行参照,story.js:171,,
47,序章・5年前～現在への移行,メイン・イベント,,PROLOGUE_HIDDEN_ALTAR,システム,裂け目の向こうに、見覚えのない祭壇が浮かんでいる。空気だけが、ひどく古い。,,1/4,prologue_hidden_azelgarag_start,event=prologue_hidden_azelgarag_start; actions=CONV:PROLOGUE_HIDDEN_ALTAR -> BOSS(value=802003),現行参照,story.js:176,,
48,序章・5年前～現在への移行,メイン・イベント,,PROLOGUE_HIDDEN_ALTAR,リュシオン,……こんな場所まで来てしまったのですね。けれど、あなたがここまで歩いたことは消せません。,501,2/4,prologue_hidden_azelgarag_start,event=prologue_hidden_azelgarag_start; actions=CONV:PROLOGUE_HIDDEN_ALTAR -> BOSS(value=802003),現行参照,story.js:176,,
49,序章・5年前～現在への移行,メイン・イベント,,PROLOGUE_HIDDEN_ALTAR,ゼノン,深淵王を引きずり出す。勝てるかどうかではない。ここまで来たなら、最後まで付き合え。,402,3/4,prologue_hidden_azelgarag_start,event=prologue_hidden_azelgarag_start; actions=CONV:PROLOGUE_HIDDEN_ALTAR -> BOSS(value=802003),現行参照,story.js:176,,
50,序章・5年前～現在への移行,メイン・イベント,,PROLOGUE_HIDDEN_ALTAR,システム,祭壇の奥で、巨大な影が何度も輪郭を失っている。,,4/4,prologue_hidden_azelgarag_start,event=prologue_hidden_azelgarag_start; actions=CONV:PROLOGUE_HIDDEN_ALTAR -> BOSS(value=802003),現行参照,story.js:176,,
51,序章・5年前～現在への移行,メイン・イベント,,PROLOGUE_HIDDEN_END_WIN,システム,祭壇を覆っていた闇が裂け、白い光が足元から押し寄せる。,,1/2,prologue_hidden_special_end_win,"event=prologue_hidden_special_end_win; actions=FLAG(key=prologueHiddenAzelgaragResolved,state=True) -> FLAG(key=prologueHiddenAzelgaragWon,state=True) -> CONV:PROLOGUE_HIDDEN_END_WIN -> TEMP_LB_CLEAR -> PROMOTE_TEMP_ALLY -> SET_CHARACTER_LB -> SET_CHARACTER_LB -> SET_CHARACTER_LB -> SET_CHARACTER_LB -> IF_ITEM -> FLAG(key=prologueSpecialEndingSeen,state=True) -> WORLD_STATE(value=100,key=prologueStage) -> HEAL -> START_FIXED_MAP(value=REES_MOUNTAIN_HUT,targetX=5,targetY=5)",現行参照,story.js:182,,
52,序章・5年前～現在への移行,メイン・イベント,,PROLOGUE_HIDDEN_END_WIN,システム,光に呑まれても、手のひらに残った熱だけは消えなかった。,,2/2,prologue_hidden_special_end_win,"event=prologue_hidden_special_end_win; actions=FLAG(key=prologueHiddenAzelgaragResolved,state=True) -> FLAG(key=prologueHiddenAzelgaragWon,state=True) -> CONV:PROLOGUE_HIDDEN_END_WIN -> TEMP_LB_CLEAR -> PROMOTE_TEMP_ALLY -> SET_CHARACTER_LB -> SET_CHARACTER_LB -> SET_CHARACTER_LB -> SET_CHARACTER_LB -> IF_ITEM -> FLAG(key=prologueSpecialEndingSeen,state=True) -> WORLD_STATE(value=100,key=prologueStage) -> HEAL -> START_FIXED_MAP(value=REES_MOUNTAIN_HUT,targetX=5,targetY=5)",現行参照,story.js:182,,
53,序章・5年前～現在への移行,メイン・イベント,,PROLOGUE_HIDDEN_END_LOSS,システム,不完全な顕現でさえ、深淵王の力は圧倒的だった。四人の意識が闇へ沈む。,,1/2,prologue_hidden_special_end_loss,"event=prologue_hidden_special_end_loss; actions=FLAG(key=prologueHiddenAzelgaragResolved,state=True) -> FLAG(key=prologueHiddenAzelgaragLost,state=True) -> CONV:PROLOGUE_HIDDEN_END_LOSS -> TEMP_LB_CLEAR -> PROMOTE_TEMP_ALLY -> SET_CHARACTER_LB -> SET_CHARACTER_LB -> SET_CHARACTER_LB -> SET_CHARACTER_LB -> IF_ITEM -> FLAG(key=prologueSpecialEndingSeen,state=True) -> WORLD_STATE(value=100,key=prologueStage) -> HEAL -> START_FIXED_MAP(value=REES_MOUNTAIN_HUT,targetX=5,targetY=5)",現行参照,story.js:186,,
54,序章・5年前～現在への移行,メイン・イベント,,PROLOGUE_HIDDEN_END_LOSS,システム,意識が沈む寸前まで握っていた力だけが、熱のように身体へ残った。,,2/2,prologue_hidden_special_end_loss,"event=prologue_hidden_special_end_loss; actions=FLAG(key=prologueHiddenAzelgaragResolved,state=True) -> FLAG(key=prologueHiddenAzelgaragLost,state=True) -> CONV:PROLOGUE_HIDDEN_END_LOSS -> TEMP_LB_CLEAR -> PROMOTE_TEMP_ALLY -> SET_CHARACTER_LB -> SET_CHARACTER_LB -> SET_CHARACTER_LB -> SET_CHARACTER_LB -> IF_ITEM -> FLAG(key=prologueSpecialEndingSeen,state=True) -> WORLD_STATE(value=100,key=prologueStage) -> HEAL -> START_FIXED_MAP(value=REES_MOUNTAIN_HUT,targetX=5,targetY=5)",現行参照,story.js:186,,
55,序章・5年前～現在への移行,メイン・イベント,リュミナ村 FMAP000002-00,PROLOGUE,長老,"おお、[N:301]様。
子ども達を救ってくださりありがとうございます。",1001,1/11,start_adventure,event=start_adventure; actions=CONV:PROLOGUE -> ALLY(value=109) -> ALLY(value=110) -> STEP(value=1) -> SUB(value=1) -> LOG(value=); リュミナ村 FMAP000002-00 / 長老と話す / storyStep>=0; storyStep<=0; リュミナ村 FMAP000002-00,現行参照,story.js:213,,
56,序章・5年前～現在への移行,メイン・イベント,リュミナ村 FMAP000002-00,PROLOGUE,長老,実は、村の北東に突如大穴が開き、魔物が襲ってくるようになったのです…,1001,2/11,start_adventure,event=start_adventure; actions=CONV:PROLOGUE -> ALLY(value=109) -> ALLY(value=110) -> STEP(value=1) -> SUB(value=1) -> LOG(value=); リュミナ村 FMAP000002-00 / 長老と話す / storyStep>=0; storyStep<=0; リュミナ村 FMAP000002-00,現行参照,story.js:213,,
57,序章・5年前～現在への移行,メイン・イベント,リュミナ村 FMAP000002-00,PROLOGUE,長老,村の若い衆で塞ごうとしたんですが、奥に巨大な化け物がいてどうにも手が出せず…,1001,3/11,start_adventure,event=start_adventure; actions=CONV:PROLOGUE -> ALLY(value=109) -> ALLY(value=110) -> STEP(value=1) -> SUB(value=1) -> LOG(value=); リュミナ村 FMAP000002-00 / 長老と話す / storyStep>=0; storyStep<=0; リュミナ村 FMAP000002-00,現行参照,story.js:213,,
58,序章・5年前～現在への移行,メイン・イベント,リュミナ村 FMAP000002-00,PROLOGUE,長老,勝手なお願いとは思うのですが、どうか、化け物を討伐してくれないじゃろうか。,1001,4/11,start_adventure,event=start_adventure; actions=CONV:PROLOGUE -> ALLY(value=109) -> ALLY(value=110) -> STEP(value=1) -> SUB(value=1) -> LOG(value=); リュミナ村 FMAP000002-00 / 長老と話す / storyStep>=0; storyStep<=0; リュミナ村 FMAP000002-00,現行参照,story.js:213,,
59,序章・5年前～現在への移行,メイン・イベント,リュミナ村 FMAP000002-00,PROLOGUE,システム,[N:301]は静かに頷いた,,5/11,start_adventure,event=start_adventure; actions=CONV:PROLOGUE -> ALLY(value=109) -> ALLY(value=110) -> STEP(value=1) -> SUB(value=1) -> LOG(value=); リュミナ村 FMAP000002-00 / 長老と話す / storyStep>=0; storyStep<=0; リュミナ村 FMAP000002-00,現行参照,story.js:213,,
60,序章・5年前～現在への移行,メイン・イベント,リュミナ村 FMAP000002-00,PROLOGUE,長老,おお…ありがとうございます。,1001,6/11,start_adventure,event=start_adventure; actions=CONV:PROLOGUE -> ALLY(value=109) -> ALLY(value=110) -> STEP(value=1) -> SUB(value=1) -> LOG(value=); リュミナ村 FMAP000002-00 / 長老と話す / storyStep>=0; storyStep<=0; リュミナ村 FMAP000002-00,現行参照,story.js:213,,
61,序章・5年前～現在への移行,メイン・イベント,リュミナ村 FMAP000002-00,PROLOGUE,ガイル,"頼む、俺たちも連れて行ってくれ！
あんたみたいに戦いたいんだ。",109,7/11,start_adventure,event=start_adventure; actions=CONV:PROLOGUE -> ALLY(value=109) -> ALLY(value=110) -> STEP(value=1) -> SUB(value=1) -> LOG(value=); リュミナ村 FMAP000002-00 / 長老と話す / storyStep>=0; storyStep<=0; リュミナ村 FMAP000002-00,現行参照,story.js:213,,
62,序章・5年前～現在への移行,メイン・イベント,リュミナ村 FMAP000002-00,PROLOGUE,サラ,[N:109]がすみません…ただ、私からもお願いします。簡単な回復しかできませんが…,110,8/11,start_adventure,event=start_adventure; actions=CONV:PROLOGUE -> ALLY(value=109) -> ALLY(value=110) -> STEP(value=1) -> SUB(value=1) -> LOG(value=); リュミナ村 FMAP000002-00 / 長老と話す / storyStep>=0; storyStep<=0; リュミナ村 FMAP000002-00,現行参照,story.js:213,,
63,序章・5年前～現在への移行,メイン・イベント,リュミナ村 FMAP000002-00,PROLOGUE,長老,"お、お前たち…
しかし、道案内は必要かもしれん。連れて行ってもらえるじゃろうか。",1001,9/11,start_adventure,event=start_adventure; actions=CONV:PROLOGUE -> ALLY(value=109) -> ALLY(value=110) -> STEP(value=1) -> SUB(value=1) -> LOG(value=); リュミナ村 FMAP000002-00 / 長老と話す / storyStep>=0; storyStep<=0; リュミナ村 FMAP000002-00,現行参照,story.js:213,,
64,序章・5年前～現在への移行,メイン・イベント,リュミナ村 FMAP000002-00,PROLOGUE,長老,"化け物は村北東の大穴の奥に…
よろしくお願い申し上げる。",1001,10/11,start_adventure,event=start_adventure; actions=CONV:PROLOGUE -> ALLY(value=109) -> ALLY(value=110) -> STEP(value=1) -> SUB(value=1) -> LOG(value=); リュミナ村 FMAP000002-00 / 長老と話す / storyStep>=0; storyStep<=0; リュミナ村 FMAP000002-00,現行参照,story.js:213,,
65,序章・5年前～現在への移行,メイン・イベント,リュミナ村 FMAP000002-00,PROLOGUE,システム,村の[N:109]と[N:110]が仲間に加わった！,,11/11,start_adventure,event=start_adventure; actions=CONV:PROLOGUE -> ALLY(value=109) -> ALLY(value=110) -> STEP(value=1) -> SUB(value=1) -> LOG(value=); リュミナ村 FMAP000002-00 / 長老と話す / storyStep>=0; storyStep<=0; リュミナ村 FMAP000002-00,現行参照,story.js:213,,
66,序章・5年前～現在への移行,メイン・イベント,北東の洞穴 FMAP000003-01,START_CAVE1,,"この奥には化け物がいるんだ。
今はどうにか塞いでいるが、いつまでもつか…",1002,1/2,start_cave1,event=start_cave1; actions=CONV:START_CAVE1; 北東の洞穴 FMAP000003-01 / 見張りと話す / storyStep>=0; storyStep<=0; 北東の洞穴 FMAP000003-01,現行参照,story.js:275,,
67,序章・5年前～現在への移行,メイン・イベント,北東の洞穴 FMAP000003-01,START_CAVE1,,"あんた、冒険者か？
頼む、村の中央に住んでる長老の話を聞いてくれ。",1002,2/2,start_cave1,event=start_cave1; actions=CONV:START_CAVE1; 北東の洞穴 FMAP000003-01 / 見張りと話す / storyStep>=0; storyStep<=0; 北東の洞穴 FMAP000003-01,現行参照,story.js:275,,
68,序章・5年前～現在への移行,メイン・イベント,炎の里イグニシア FMAP000006-00,FIRE_VILLAGE_ELDER_BEFORE_STORY,里の長,旅の者か。すまぬが、今の里は客人をもてなす余裕がない。炉の火が日に日に弱っておる。,,1/2,fire_village_elder_before_story,event=fire_village_elder_before_story; actions=CONV:FIRE_VILLAGE_ELDER_BEFORE_STORY; 炎の里イグニシア FMAP000006-00 / 里の長に話す / storyStep>=0; storyStep<=1; 炎の里イグニシア FMAP000006-00,現行参照,story.js:408,,
69,序章・5年前～現在への移行,メイン・イベント,炎の里イグニシア FMAP000006-00,FIRE_VILLAGE_ELDER_BEFORE_STORY,里の長,東の村で何かを成し、力を貸せると思ったなら、改めて声をかけてくれ。頼みたいことがある。,,2/2,fire_village_elder_before_story,event=fire_village_elder_before_story; actions=CONV:FIRE_VILLAGE_ELDER_BEFORE_STORY; 炎の里イグニシア FMAP000006-00 / 里の長に話す / storyStep>=0; storyStep<=1; 炎の里イグニシア FMAP000006-00,現行参照,story.js:408,,
70,序章・5年前～現在への移行,メイン・イベント,風の集落カザリア FMAP000009-00,WIND_VILLAGE_BEFORE_STORY,子ども,大人たち？　いるよ。……たぶん。森の方を見ていると、胸がざわざわするんだ。,,1/2,wind_village_before_story,event=wind_village_before_story; actions=CONV:WIND_VILLAGE_BEFORE_STORY; 風の集落カザリア FMAP000009-00 / エリーゼに話す / storyStep>=0; storyStep<=2; 風の集落カザリア FMAP000009-00 / エリーゼに話す / default=:True; 風の集落カザリア FMAP000009-00; 風の集落カザリア FMAP000009-00,現行参照,story.js:888,,
71,序章・5年前～現在への移行,メイン・イベント,風の集落カザリア FMAP000009-00,WIND_VILLAGE_BEFORE_STORY,エリーゼ,旅の方、風の向きが変です。今はまだ、私にも何が起きているのか分かりません。,106,2/2,wind_village_before_story,event=wind_village_before_story; actions=CONV:WIND_VILLAGE_BEFORE_STORY; 風の集落カザリア FMAP000009-00 / エリーゼに話す / storyStep>=0; storyStep<=2; 風の集落カザリア FMAP000009-00 / エリーゼに話す / default=:True; 風の集落カザリア FMAP000009-00; 風の集落カザリア FMAP000009-00,現行参照,story.js:888,,
72,序章・5年前～現在への移行,メイン・イベント,水上都市リヴァリア FMAP000015-00,WATER_CITY_BEFORE_STORY,魚売り,"魚はあるよ。あるけど、腹を見せたまま浮いてたやつだ。
客には出せない。金を取ったら、俺の負けだ。",,1/3,water_city_before_story,event=water_city_before_story; actions=CONV:WATER_CITY_BEFORE_STORY; 水上都市リヴァリア FMAP000015-00 / 広場を調べる / storyStep>=0; storyStep<=3; 水上都市リヴァリア FMAP000015-00 / 広場を調べる / default=:True; 水上都市リヴァリア FMAP000015-00; 水上都市リヴァリア FMAP000015-00,現行参照,story.js:1207,,
73,序章・5年前～現在への移行,メイン・イベント,水上都市リヴァリア FMAP000015-00,WATER_CITY_BEFORE_STORY,町人,"昔は橋に歌が流れていた。
今は兵士の靴音ばかりだ。歌うと、こっちを見る。",,2/3,water_city_before_story,event=water_city_before_story; actions=CONV:WATER_CITY_BEFORE_STORY; 水上都市リヴァリア FMAP000015-00 / 広場を調べる / storyStep>=0; storyStep<=3; 水上都市リヴァリア FMAP000015-00 / 広場を調べる / default=:True; 水上都市リヴァリア FMAP000015-00; 水上都市リヴァリア FMAP000015-00,現行参照,story.js:1207,,
74,序章・5年前～現在への移行,メイン・イベント,水上都市リヴァリア FMAP000015-00,WATER_CITY_BEFORE_STORY,魚売り,"水底で何が起きてるかなんて知らない。
ただ、朝の水が黒い日は、子どもを外に出さない。",,3/3,water_city_before_story,event=water_city_before_story; actions=CONV:WATER_CITY_BEFORE_STORY; 水上都市リヴァリア FMAP000015-00 / 広場を調べる / storyStep>=0; storyStep<=3; 水上都市リヴァリア FMAP000015-00 / 広場を調べる / default=:True; 水上都市リヴァリア FMAP000015-00; 水上都市リヴァリア FMAP000015-00,現行参照,story.js:1207,,
75,序章・5年前～現在への移行,メイン・イベント,リースの山小屋内 FMAP000069-01,PRESENT_REES_TALK,リース,今の揺れ……あの日と少し似てたね。気になるんだろう？,,1/4,present_talk_rees,"event=present_talk_rees; actions=CONV:PRESENT_REES_TALK -> HEAL -> FLAG(key=prologueReesDepartureTalkSeen,state=True); リースの山小屋内 FMAP000069-01 / リースと話す",現行参照,story.js:149,,
76,序章・5年前～現在への移行,メイン・イベント,リースの山小屋内 FMAP000069-01,PRESENT_REES_TALK,リース,なら、自分の目で見ておいで。もう私がここへ縛っておく歳でもない。,,2/4,present_talk_rees,"event=present_talk_rees; actions=CONV:PRESENT_REES_TALK -> HEAL -> FLAG(key=prologueReesDepartureTalkSeen,state=True); リースの山小屋内 FMAP000069-01 / リースと話す",現行参照,story.js:149,,
77,序章・5年前～現在への移行,メイン・イベント,リースの山小屋内 FMAP000069-01,PRESENT_REES_TALK,リース,昨日の雨で山道が滑る。急ぐ時ほど足元を見な。薬草も忘れるんじゃないよ。,,3/4,present_talk_rees,"event=present_talk_rees; actions=CONV:PRESENT_REES_TALK -> HEAL -> FLAG(key=prologueReesDepartureTalkSeen,state=True); リースの山小屋内 FMAP000069-01 / リースと話す",現行参照,story.js:149,,
78,序章・5年前～現在への移行,メイン・イベント,リースの山小屋内 FMAP000069-01,PRESENT_REES_TALK,リース,……行ってらっしゃい、アルス。,,4/4,present_talk_rees,"event=present_talk_rees; actions=CONV:PRESENT_REES_TALK -> HEAL -> FLAG(key=prologueReesDepartureTalkSeen,state=True); リースの山小屋内 FMAP000069-01 / リースと話す",現行参照,story.js:149,,
79,序章・5年前～現在への移行,メイン・イベント,リースの山小屋内 FMAP000069-01,PRESENT_REES_AFTER_TALK,リース,疲れてるなら、寝台を使っていきな。旅に出たって、休みに戻ってくるくらいは構わないさ。,,1/2,present_talk_rees_after,event=present_talk_rees_after; actions=CONV:PRESENT_REES_AFTER_TALK -> HEAL; リースの山小屋内 FMAP000069-01 / リースと話す,現行参照,story.js:155,,
80,序章・5年前～現在への移行,メイン・イベント,リースの山小屋内 FMAP000069-01,PRESENT_REES_AFTER_TALK,システム,リースの山小屋で休み、仲間たちのHPとMPが全回復した。,,2/2,present_talk_rees_after,event=present_talk_rees_after; actions=CONV:PRESENT_REES_AFTER_TALK -> HEAL; リースの山小屋内 FMAP000069-01 / リースと話す,現行参照,story.js:155,,
81,第1段階 リュミナ村～北東の洞穴,メイン・イベント,,BATTLE_RETRY_TALK,？？？？,"[N:301]よ、まだ倒れてはなりません。
私に残された最後の権能をもって、今一度、深淵を打ち倒す力を授けます…",9999,1/2,game_start_retry,"event=game_start_retry; actions=CONV:BATTLE_RETRY_TALK -> TEMP_LB_START -> HEAL -> BOSS(value=[1, 1]); win=TEMP_LB_CLEAR -> STEP(value=0) -> SUB(value=1) -> HEAL -> CONV:GAME_START_2 -> SUB(value=2) -> LOG(value=)",現行参照,story.js:190,,
82,第1段階 リュミナ村～北東の洞穴,メイン・イベント,,BATTLE_RETRY_TALK,システム,不思議なちからで体力が全回復し、秘められた力が開放された！！,,2/2,game_start_retry,"event=game_start_retry; actions=CONV:BATTLE_RETRY_TALK -> TEMP_LB_START -> HEAL -> BOSS(value=[1, 1]); win=TEMP_LB_CLEAR -> STEP(value=0) -> SUB(value=1) -> HEAL -> CONV:GAME_START_2 -> SUB(value=2) -> LOG(value=)",現行参照,story.js:190,,
83,第1段階 リュミナ村～北東の洞穴,メイン・イベント,,GAME_START_2,長老,"おお……！助かった……。
子ども達を救ってくださり、本当にありがとうございます。",1001,1/2,game_start_retry,"event=game_start_retry; actions=CONV:BATTLE_RETRY_TALK -> TEMP_LB_START -> HEAL -> BOSS(value=[1, 1]); win=TEMP_LB_CLEAR -> STEP(value=0) -> SUB(value=1) -> HEAL -> CONV:GAME_START_2 -> SUB(value=2) -> LOG(value=)",現行参照,story.js:201,,
84,第1段階 リュミナ村～北東の洞穴,メイン・イベント,,GAME_START_2,長老,"……その腕前、ただ者ではありますまい。
お願いがあるのです。村の奥の家まで来てくだされ。",1001,2/2,game_start_retry,"event=game_start_retry; actions=CONV:BATTLE_RETRY_TALK -> TEMP_LB_START -> HEAL -> BOSS(value=[1, 1]); win=TEMP_LB_CLEAR -> STEP(value=0) -> SUB(value=1) -> HEAL -> CONV:GAME_START_2 -> SUB(value=2) -> LOG(value=)",現行参照,story.js:201,,
85,第1段階 リュミナ村～北東の洞穴,メイン・イベント,リュミナ村 FMAP000002-00,PROLOGUE2,長老,"化け物は村北東の大穴の奥に…
よろしくお願い申し上げる。",1001,1/1,start_adventure2,event=start_adventure2; actions=CONV:PROLOGUE2; リュミナ村 FMAP000002-00 / 長老と話す / storyStep>=1; storyStep<=1; リュミナ村 FMAP000002-00,現行参照,story.js:268,,
86,第1段階 リュミナ村～北東の洞穴,メイン・イベント,北東の洞穴 FMAP000003-01,START_CAVE2,,"あんた、マジであの化け物と戦いにいくのか？
っておい、[N:109]と[N:110]までついてきたのか！？",1002,1/5,start_cave2,event=start_cave2; actions=CONV:START_CAVE2 -> CHOICE; 北東の洞穴 FMAP000003-01 / 見張りと話す / storyStep>=1; storyStep<=1; subMin=:1; subMax=:1; 北東の洞穴 FMAP000003-01,現行参照,story.js:287,,
87,第1段階 リュミナ村～北東の洞穴,メイン・イベント,北東の洞穴 FMAP000003-01,START_CAVE2,,"この兄ちゃんが、俺たちを助けてくれたんだ。
俺だってこの村のために戦いたい！",109,2/5,start_cave2,event=start_cave2; actions=CONV:START_CAVE2 -> CHOICE; 北東の洞穴 FMAP000003-01 / 見張りと話す / storyStep>=1; storyStep<=1; subMin=:1; subMax=:1; 北東の洞穴 FMAP000003-01,現行参照,story.js:287,,
88,第1段階 リュミナ村～北東の洞穴,メイン・イベント,北東の洞穴 FMAP000003-01,START_CAVE2,,"…化け物は、怖いですが…この人なら…
お願いします、奥へ通してください。",110,3/5,start_cave2,event=start_cave2; actions=CONV:START_CAVE2 -> CHOICE; 北東の洞穴 FMAP000003-01 / 見張りと話す / storyStep>=1; storyStep<=1; subMin=:1; subMax=:1; 北東の洞穴 FMAP000003-01,現行参照,story.js:287,,
89,第1段階 リュミナ村～北東の洞穴,メイン・イベント,北東の洞穴 FMAP000003-01,START_CAVE2,,"…わかったよ。今この岩をどける。
俺は一旦長老のとこへ戻るが…",1002,4/5,start_cave2,event=start_cave2; actions=CONV:START_CAVE2 -> CHOICE; 北東の洞穴 FMAP000003-01 / 見張りと話す / storyStep>=1; storyStep<=1; subMin=:1; subMax=:1; 北東の洞穴 FMAP000003-01,現行参照,story.js:287,,
90,第1段階 リュミナ村～北東の洞穴,メイン・イベント,北東の洞穴 FMAP000003-01,START_CAVE2,,…もう一度聞くが、本当に行くんだな？,1002,5/5,start_cave2,event=start_cave2; actions=CONV:START_CAVE2 -> CHOICE; 北東の洞穴 FMAP000003-01 / 見張りと話す / storyStep>=1; storyStep<=1; subMin=:1; subMax=:1; 北東の洞穴 FMAP000003-01,現行参照,story.js:287,,
91,第1段階 リュミナ村～北東の洞穴,メイン・イベント,北東の洞穴 FMAP000003-01,START_CAVE3,,"…ありがとう。あんたの無事を祈るよ。
[N:109]と[N:110]も、気を付けるんだぞ。",1002,1/1,start_cave2,event=start_cave2; actions=CONV:START_CAVE2 -> CHOICE; 北東の洞穴 FMAP000003-01 / 見張りと話す / storyStep>=1; storyStep<=1; subMin=:1; subMax=:1; 北東の洞穴 FMAP000003-01,現行参照,story.js:314,,
92,第1段階 リュミナ村～北東の洞穴,メイン・イベント,,START_DUNGEON_CLEAR,,やったぜ！さっすが勇者様だな！！,109,1/3,start_boss_clear,event=start_boss_clear; actions=CONV:START_DUNGEON_CLEAR -> STEP(value=2) -> SUB(value=0) -> LOG(value=巨大な化け物を打ち倒した…！),現行参照,story.js:321,,
93,第1段階 リュミナ村～北東の洞穴,メイン・イベント,,START_DUNGEON_CLEAR,,よかった…これで、この村も救われます。ありがとう、勇者様。,110,2/3,start_boss_clear,event=start_boss_clear; actions=CONV:START_DUNGEON_CLEAR -> STEP(value=2) -> SUB(value=0) -> LOG(value=巨大な化け物を打ち倒した…！),現行参照,story.js:321,,
94,第1段階 リュミナ村～北東の洞穴,メイン・イベント,,START_DUNGEON_CLEAR,,さっそく長老さまに報告だ！いそごうぜ！！,109,3/3,start_boss_clear,event=start_boss_clear; actions=CONV:START_DUNGEON_CLEAR -> STEP(value=2) -> SUB(value=0) -> LOG(value=巨大な化け物を打ち倒した…！),現行参照,story.js:321,,
95,第1段階 リュミナ村～北東の洞穴,メイン・イベント,リュミナ村 FMAP000002-00,PROLOGUE3,長老,なんと、もう洞穴の化け物を討伐してくださったとは……本当にありがとうございます。,1001,1/9,start_adventure3,event=start_adventure3; actions=CONV:PROLOGUE3 -> ALLY(value=109) -> ALLY(value=110) -> SUB(value=1) -> OPENING_KAMISHIBAI; リュミナ村 FMAP000002-00 / 長老と話す / storyStep>=2; storyStep<=2; subMin=:0; subMax=:0; リュミナ村 FMAP000002-00,現行参照,story.js:338,,
96,第1段階 リュミナ村～北東の洞穴,メイン・イベント,リュミナ村 FMAP000002-00,PROLOGUE3,長老,先ほど、おぬしが故郷の崩壊を追って旅をしていると聞きました。ならば、ひとつ伝えておきたい話があります。,1001,2/9,start_adventure3,event=start_adventure3; actions=CONV:PROLOGUE3 -> ALLY(value=109) -> ALLY(value=110) -> SUB(value=1) -> OPENING_KAMISHIBAI; リュミナ村 FMAP000002-00 / 長老と話す / storyStep>=2; storyStep<=2; subMin=:0; subMax=:0; リュミナ村 FMAP000002-00,現行参照,story.js:338,,
97,第1段階 リュミナ村～北東の洞穴,メイン・イベント,リュミナ村 FMAP000002-00,PROLOGUE3,長老,あの日、この村からも王都の空が真昼のように白くなるのが見えました。後に旅人から、『王都で大きな統合の儀が行われ、失敗したらしい』と聞いたのです。,1001,3/9,start_adventure3,event=start_adventure3; actions=CONV:PROLOGUE3 -> ALLY(value=109) -> ALLY(value=110) -> SUB(value=1) -> OPENING_KAMISHIBAI; リュミナ村 FMAP000002-00 / 長老と話す / storyStep>=2; storyStep<=2; subMin=:0; subMax=:0; リュミナ村 FMAP000002-00,現行参照,story.js:338,,
98,第1段階 リュミナ村～北東の洞穴,メイン・イベント,リュミナ村 FMAP000002-00,PROLOGUE3,システム,アルスが知っているのは、故郷が裂け、深淵のような闇に呑まれた事実だけだ。王都で何が行われていたかは知らない。,,4/9,start_adventure3,event=start_adventure3; actions=CONV:PROLOGUE3 -> ALLY(value=109) -> ALLY(value=110) -> SUB(value=1) -> OPENING_KAMISHIBAI; リュミナ村 FMAP000002-00 / 長老と話す / storyStep>=2; storyStep<=2; subMin=:0; subMax=:0; リュミナ村 FMAP000002-00,現行参照,story.js:338,,
99,第1段階 リュミナ村～北東の洞穴,メイン・イベント,リュミナ村 FMAP000002-00,PROLOGUE3,長老,真偽は分かりません。ただ、あの崩壊以来、各地の属性に妙な揺らぎが増えた。そして今、東の炎の里では炉の火すら制御できなくなっているそうです。,1001,5/9,start_adventure3,event=start_adventure3; actions=CONV:PROLOGUE3 -> ALLY(value=109) -> ALLY(value=110) -> SUB(value=1) -> OPENING_KAMISHIBAI; リュミナ村 FMAP000002-00 / 長老と話す / storyStep>=2; storyStep<=2; subMin=:0; subMax=:0; リュミナ村 FMAP000002-00,現行参照,story.js:338,,
100,第1段階 リュミナ村～北東の洞穴,メイン・イベント,リュミナ村 FMAP000002-00,PROLOGUE3,ガイル,だったら行こうぜ！　困ってる人を放っておけないし、あの日の手がかりもあるかもしれない。,109,6/9,start_adventure3,event=start_adventure3; actions=CONV:PROLOGUE3 -> ALLY(value=109) -> ALLY(value=110) -> SUB(value=1) -> OPENING_KAMISHIBAI; リュミナ村 FMAP000002-00 / 長老と話す / storyStep>=2; storyStep<=2; subMin=:0; subMax=:0; リュミナ村 FMAP000002-00,現行参照,story.js:338,,
101,第1段階 リュミナ村～北東の洞穴,メイン・イベント,リュミナ村 FMAP000002-00,PROLOGUE3,サラ,私も行きます。あの日から続いていることなら、きっと今の異変にも意味があるはずです。,110,7/9,start_adventure3,event=start_adventure3; actions=CONV:PROLOGUE3 -> ALLY(value=109) -> ALLY(value=110) -> SUB(value=1) -> OPENING_KAMISHIBAI; リュミナ村 FMAP000002-00 / 長老と話す / storyStep>=2; storyStep<=2; subMin=:0; subMax=:0; リュミナ村 FMAP000002-00,現行参照,story.js:338,,
102,第1段階 リュミナ村～北東の洞穴,メイン・イベント,リュミナ村 FMAP000002-00,PROLOGUE3,長老,炎の里へ向かうなら東の街道を。どうか、見つけた答えを最初から一つに決めつけぬように。,1001,8/9,start_adventure3,event=start_adventure3; actions=CONV:PROLOGUE3 -> ALLY(value=109) -> ALLY(value=110) -> SUB(value=1) -> OPENING_KAMISHIBAI; リュミナ村 FMAP000002-00 / 長老と話す / storyStep>=2; storyStep<=2; subMin=:0; subMax=:0; リュミナ村 FMAP000002-00,現行参照,story.js:338,,
103,第1段階 リュミナ村～北東の洞穴,メイン・イベント,リュミナ村 FMAP000002-00,PROLOGUE3,システム,アルスは焼け焦げたペンダントへ触れ、東へ向かうことを決めた。,,9/9,start_adventure3,event=start_adventure3; actions=CONV:PROLOGUE3 -> ALLY(value=109) -> ALLY(value=110) -> SUB(value=1) -> OPENING_KAMISHIBAI; リュミナ村 FMAP000002-00 / 長老と話す / storyStep>=2; storyStep<=2; subMin=:0; subMax=:0; リュミナ村 FMAP000002-00,現行参照,story.js:338,,
104,第1段階 リュミナ村～北東の洞穴,メイン・イベント,リュミナ村 FMAP000002-00,START_VILLAGE_ELDER_AFTER,長老,"旅支度は整いましたかな。
東の街道は火山へ続いております。",1001,1/2,start_village_elder_after,event=start_village_elder_after; actions=CONV:START_VILLAGE_ELDER_AFTER; リュミナ村 FMAP000002-00 / 長老と話す / default=:True; リュミナ村 FMAP000002-00,現行参照,story.js:349,,
105,第1段階 リュミナ村～北東の洞穴,メイン・イベント,リュミナ村 FMAP000002-00,START_VILLAGE_ELDER_AFTER,長老,"戻る場所なら、ここにあります。
どうか命まで急がせぬように。",1001,2/2,start_village_elder_after,event=start_village_elder_after; actions=CONV:START_VILLAGE_ELDER_AFTER; リュミナ村 FMAP000002-00 / 長老と話す / default=:True; リュミナ村 FMAP000002-00,現行参照,story.js:349,,
106,第1段階 リュミナ村～北東の洞穴,村人・町会話,リュミナ村 FMAP000002-00,TOWN_START_VILLAGER_1_A,村人,"ずっと平和な村だったんだ。
なのに、急に山が崩れて、化け物が…",1003,1/2,town_start_villager_1_a,event=town_start_villager_1_a; actions=CONV:TOWN_START_VILLAGER_1_A; リュミナ村 FMAP000002-00 / 村人と話す,現行参照,story.js:361,,
107,第1段階 リュミナ村～北東の洞穴,村人・町会話,リュミナ村 FMAP000002-00,TOWN_START_VILLAGER_1_A,村人,"俺は震えて動けなかった。
…子供たちを助けてくれて、ありがとな。",1003,2/2,town_start_villager_1_a,event=town_start_villager_1_a; actions=CONV:TOWN_START_VILLAGER_1_A; リュミナ村 FMAP000002-00 / 村人と話す,現行参照,story.js:361,,
108,第1段階 リュミナ村～北東の洞穴,村人・町会話,リュミナ村 FMAP000002-00,TOWN_START_VILLAGER_2_A,村の若者,"俺も戦うって言ったんだ。
でもさ、言っただけで、膝が笑っちまって。",1002,1/3,town_start_villager_2_a,event=town_start_villager_2_a; actions=IF_FLAG; リュミナ村 FMAP000002-00 / 村の若者と話す,現行参照,story.js:373,,
109,第1段階 リュミナ村～北東の洞穴,村人・町会話,リュミナ村 FMAP000002-00,TOWN_START_VILLAGER_2_A,村の若者,"情けねえよな…
だからさ、せめてこの薬草持って行ってくれ。",1002,2/3,town_start_villager_2_a,event=town_start_villager_2_a; actions=IF_FLAG; リュミナ村 FMAP000002-00 / 村の若者と話す,現行参照,story.js:373,,
110,第1段階 リュミナ村～北東の洞穴,村人・町会話,リュミナ村 FMAP000002-00,TOWN_START_VILLAGER_2_A,システム,「薬草」を5個手に入れた！,,3/3,town_start_villager_2_a,event=town_start_villager_2_a; actions=IF_FLAG; リュミナ村 FMAP000002-00 / 村の若者と話す,現行参照,story.js:373,,
111,第1段階 リュミナ村～北東の洞穴,村人・町会話,リュミナ村 FMAP000002-00,TOWN_START_VILLAGER_2_AFTER_GIFT,村の若者,"薬草、役に立ってるか？
俺も次は、渡すだけじゃなく動けるようになりたいな。",1002,1/1,town_start_villager_2_a,event=town_start_villager_2_a; actions=IF_FLAG; リュミナ村 FMAP000002-00 / 村の若者と話す,現行参照,story.js:389,,
112,第1段階 リュミナ村～北東の洞穴,村人・町会話,リュミナ村 FMAP000002-00,TOWN_START_VILLAGER_3_A,薬草摘み,"大穴が明いた日から、薬草が苦くなっちまった。
見な。根っこが黒くなってる。",1003,1/2,town_start_villager_3_a,event=town_start_villager_3_a; actions=CONV:TOWN_START_VILLAGER_3_A; リュミナ村 FMAP000002-00 / 薬草摘みと話す,現行参照,story.js:396,,
113,第1段階 リュミナ村～北東の洞穴,村人・町会話,リュミナ村 FMAP000002-00,TOWN_START_VILLAGER_3_A,薬草摘み,…傷薬にはできるさ。飲む時は、鼻をつまみな。,1003,2/2,town_start_villager_3_a,event=town_start_villager_3_a; actions=CONV:TOWN_START_VILLAGER_3_A; リュミナ村 FMAP000002-00 / 薬草摘みと話す,現行参照,story.js:396,,
114,第1段階 リュミナ村～北東の洞穴,村人・町会話,リュミナ村 FMAP000002-00,NPC_LUMINA_BAKER_BEFORE_CAVE,パン焼きの女,朝の分はもうないよ。昼なら、端っこを残せる,,1/2,npc_lumina_baker_before_cave,event=npc_lumina_baker_before_cave; actions=CONV:NPC_LUMINA_BAKER_BEFORE_CAVE; リュミナ村 FMAP000002-00 / パン焼きの女と話す,現行参照,story.js:,,
115,第1段階 リュミナ村～北東の洞穴,村人・町会話,リュミナ村 FMAP000002-00,NPC_LUMINA_BAKER_BEFORE_CAVE,パン焼きの女,"旅に出るなら食べておきな。
腹が空いた勇者なんて、ただの機嫌の悪い若者だよ",,2/2,npc_lumina_baker_before_cave,event=npc_lumina_baker_before_cave; actions=CONV:NPC_LUMINA_BAKER_BEFORE_CAVE; リュミナ村 FMAP000002-00 / パン焼きの女と話す,現行参照,story.js:,,
116,第1段階 リュミナ村～北東の洞穴,村人・町会話,リュミナ村 FMAP000002-00,NPC_LUMINA_BAKER_AFTER_CAVE,パン焼きの女,穴の騒ぎが収まったって？,,1/2,npc_lumina_baker_after_cave,event=npc_lumina_baker_after_cave; actions=CONV:NPC_LUMINA_BAKER_AFTER_CAVE; リュミナ村 FMAP000002-00 / パン焼きの女と話す,現行参照,story.js:,,
117,第1段階 リュミナ村～北東の洞穴,村人・町会話,リュミナ村 FMAP000002-00,NPC_LUMINA_BAKER_AFTER_CAVE,パン焼きの女,"じゃあ明日は、粉を多めに練る。
祝いじゃないよ。修理の連中が食うんだ",,2/2,npc_lumina_baker_after_cave,event=npc_lumina_baker_after_cave; actions=CONV:NPC_LUMINA_BAKER_AFTER_CAVE; リュミナ村 FMAP000002-00 / パン焼きの女と話す,現行参照,story.js:,,
118,第1段階 リュミナ村～北東の洞穴,村人・町会話,リュミナ村 FMAP000002-00,NPC_LUMINA_BAKER_LATER_REVISIT,パン焼きの女,おや。顔つきが旅人になったね,,1/2,npc_lumina_baker_later_revisit,event=npc_lumina_baker_later_revisit; actions=CONV:NPC_LUMINA_BAKER_LATER_REVISIT; リュミナ村 FMAP000002-00 / パン焼きの女と話す,現行参照,story.js:,,
119,第1段階 リュミナ村～北東の洞穴,村人・町会話,リュミナ村 FMAP000002-00,NPC_LUMINA_BAKER_LATER_REVISIT,パン焼きの女,"……村の味が恋しい、とか言うなよ。
こっちは塩を減らしたの、まだ誤魔化してるんだから",,2/2,npc_lumina_baker_later_revisit,event=npc_lumina_baker_later_revisit; actions=CONV:NPC_LUMINA_BAKER_LATER_REVISIT; リュミナ村 FMAP000002-00 / パン焼きの女と話す,現行参照,story.js:,,
120,第1段階 リュミナ村～北東の洞穴,村人・町会話,リュミナ村 FMAP000002-00,NPC_LUMINA_GOAT_BOY_BEFORE_CAVE,少年,山へ行くなら、鈴は外した方がいいよ,,1/2,npc_lumina_goat_boy_before_cave,event=npc_lumina_goat_boy_before_cave; actions=CONV:NPC_LUMINA_GOAT_BOY_BEFORE_CAVE; リュミナ村 FMAP000002-00 / 少年と話す,現行参照,story.js:,,
121,第1段階 リュミナ村～北東の洞穴,村人・町会話,リュミナ村 FMAP000002-00,NPC_LUMINA_GOAT_BOY_BEFORE_CAVE,少年,"ミルの鈴だけ、切れて落ちてたんだ。
穴のやつ、鈴の音が嫌いなんだと思う",,2/2,npc_lumina_goat_boy_before_cave,event=npc_lumina_goat_boy_before_cave; actions=CONV:NPC_LUMINA_GOAT_BOY_BEFORE_CAVE; リュミナ村 FMAP000002-00 / 少年と話す,現行参照,story.js:,,
122,第1段階 リュミナ村～北東の洞穴,村人・町会話,リュミナ村 FMAP000002-00,NPC_LUMINA_GOAT_BOY_AFTER_CAVE,少年,ミル、帰ってきた,,1/2,npc_lumina_goat_boy_after_cave,event=npc_lumina_goat_boy_after_cave; actions=CONV:NPC_LUMINA_GOAT_BOY_AFTER_CAVE -> IF_ALLY; リュミナ村 FMAP000002-00 / 少年と話す,現行参照,story.js:,,
123,第1段階 リュミナ村～北東の洞穴,村人・町会話,リュミナ村 FMAP000002-00,NPC_LUMINA_GOAT_BOY_AFTER_CAVE,少年,"鈴はなくしたけど、本人は平気そう。
……穴が返してくれたのかな",,2/2,npc_lumina_goat_boy_after_cave,event=npc_lumina_goat_boy_after_cave; actions=CONV:NPC_LUMINA_GOAT_BOY_AFTER_CAVE -> IF_ALLY; リュミナ村 FMAP000002-00 / 少年と話す,現行参照,story.js:,,
124,第1段階 リュミナ村～北東の洞穴,村人・町会話,リュミナ村 FMAP000002-00,NPC_LUMINA_GOAT_BOY_SARA_REACTION,サラ,迷って、戻ってきたのかもしれませんね,,1/2,npc_lumina_goat_boy_after_cave,event=npc_lumina_goat_boy_after_cave; actions=CONV:NPC_LUMINA_GOAT_BOY_AFTER_CAVE -> IF_ALLY; リュミナ村 FMAP000002-00 / 少年と話す,現行参照,story.js:,,
125,第1段階 リュミナ村～北東の洞穴,村人・町会話,リュミナ村 FMAP000002-00,NPC_LUMINA_GOAT_BOY_SARA_REACTION,少年,そっか。じゃあミル、道を覚えたんだ,,2/2,npc_lumina_goat_boy_after_cave,event=npc_lumina_goat_boy_after_cave; actions=CONV:NPC_LUMINA_GOAT_BOY_AFTER_CAVE -> IF_ALLY; リュミナ村 FMAP000002-00 / 少年と話す,現行参照,story.js:,,
126,第2段階 炎の里・イグナ火山,村人・町会話,炎の里イグニシア FMAP000006-00,TOWN_FIRE_VILLAGER_1_BEFORE,鍛冶師,"こんな火、生まれてこの方見たことがない。
ずっと見てきたのに、恐いんだ。",1002,1/2,town_fire_villager_1_before,event=town_fire_villager_1_before; actions=CONV:TOWN_FIRE_VILLAGER_1_BEFORE; 炎の里イグニシア FMAP000006-00 / 鍛冶屋を訪ねる / 未フラグ:fireVillageCleared; 炎の里イグニシア FMAP000006-00,現行参照,story.js:418,,
127,第2段階 炎の里・イグナ火山,村人・町会話,炎の里イグニシア FMAP000006-00,TOWN_FIRE_VILLAGER_1_BEFORE,鍛冶師,"…火は相棒だよ。きっとこいつも悲しんでる。
……装備、鍛えてやれなくて悪いな。",1002,2/2,town_fire_villager_1_before,event=town_fire_villager_1_before; actions=CONV:TOWN_FIRE_VILLAGER_1_BEFORE; 炎の里イグニシア FMAP000006-00 / 鍛冶屋を訪ねる / 未フラグ:fireVillageCleared; 炎の里イグニシア FMAP000006-00,現行参照,story.js:418,,
128,第2段階 炎の里・イグナ火山,村人・町会話,炎の里イグニシア FMAP000006-00,TOWN_FIRE_VILLAGER_2,里人,"少し前、王国兵が火山の視察にきたんだ。
そんなこと、ずっとなかったのにな。",1003,1/2,town_fire_villager_2,event=town_fire_villager_2; actions=CONV:TOWN_FIRE_VILLAGER_2; 炎の里イグニシア FMAP000006-00 / 里の人と話す,現行参照,story.js:430,,
129,第2段階 炎の里・イグナ火山,村人・町会話,炎の里イグニシア FMAP000006-00,TOWN_FIRE_VILLAGER_2,里人,"思えばあれから火がおかしいんだ。
火山であいつらが何かやったんじゃないかな…",1003,2/2,town_fire_villager_2,event=town_fire_villager_2; actions=CONV:TOWN_FIRE_VILLAGER_2; 炎の里イグニシア FMAP000006-00 / 里の人と話す,現行参照,story.js:430,,
130,第2段階 炎の里・イグナ火山,村人・町会話,炎の里イグニシア FMAP000006-00,TOWN_FIRE_VILLAGER_3,炭運び,"火が死んでから、籠だけが軽くなっちまった。
軽い籠ってのは、妙に背中へ食い込む。",1002,1/2,town_fire_villager_3,event=town_fire_villager_3; actions=CONV:TOWN_FIRE_VILLAGER_3; 炎の里イグニシア FMAP000006-00 / 炭運びと話す / default=:True; 炎の里イグニシア FMAP000006-00,現行参照,story.js:442,,
131,第2段階 炎の里・イグナ火山,村人・町会話,炎の里イグニシア FMAP000006-00,TOWN_FIRE_VILLAGER_3,炭運び,"楽になったはずなのにな。
背中の方が、ずっと重いってのは変な話だろ。",1002,2/2,town_fire_villager_3,event=town_fire_villager_3; actions=CONV:TOWN_FIRE_VILLAGER_3; 炎の里イグニシア FMAP000006-00 / 炭運びと話す / default=:True; 炎の里イグニシア FMAP000006-00,現行参照,story.js:442,,
132,第2段階 炎の里・イグナ火山,メイン・イベント,炎の里イグニシア FMAP000006-00,FIRE_VILLAGE_CONSULT,里の長,"……その身なりに子供が2人。
予言の勇者様、よくぞ来てくださいました。",,1/11,fire_village_consult,event=fire_village_consult; actions=CONV:FIRE_VILLAGE_CONSULT -> FLAG(key=fireVillageConsulted) -> STEP(value=2) -> SUB(value=2) -> LOG(value=イグナ火山の異変を調査することになった。); 炎の里イグニシア FMAP000006-00 / 里の長に話す / storyStep>=2; storyStep<=2; subMin=:1; subMax=:1; 炎の里イグニシア FMAP000006-00,現行参照,story.js:454,,
133,第2段階 炎の里・イグナ火山,メイン・イベント,炎の里イグニシア FMAP000006-00,FIRE_VILLAGE_CONSULT,里の長,"火山が、日に日に荒れております。
火は暴れ、かと思えば消えていくのです。",,2/11,fire_village_consult,event=fire_village_consult; actions=CONV:FIRE_VILLAGE_CONSULT -> FLAG(key=fireVillageConsulted) -> STEP(value=2) -> SUB(value=2) -> LOG(value=イグナ火山の異変を調査することになった。); 炎の里イグニシア FMAP000006-00 / 里の長に話す / storyStep>=2; storyStep<=2; subMin=:1; subMax=:1; 炎の里イグニシア FMAP000006-00,現行参照,story.js:454,,
134,第2段階 炎の里・イグナ火山,メイン・イベント,炎の里イグニシア FMAP000006-00,FIRE_VILLAGE_CONSULT,里の長,"これでは何も生み出せず、ただ傷つくのみ。
生活すらままなりませぬ。",,3/11,fire_village_consult,event=fire_village_consult; actions=CONV:FIRE_VILLAGE_CONSULT -> FLAG(key=fireVillageConsulted) -> STEP(value=2) -> SUB(value=2) -> LOG(value=イグナ火山の異変を調査することになった。); 炎の里イグニシア FMAP000006-00 / 里の長に話す / storyStep>=2; storyStep<=2; subMin=:1; subMax=:1; 炎の里イグニシア FMAP000006-00,現行参照,story.js:454,,
135,第2段階 炎の里・イグナ火山,メイン・イベント,炎の里イグニシア FMAP000006-00,FIRE_VILLAGE_CONSULT,里の長,"火は、火山に眠る「プリズム」から届く恵みです。
何か、問題が起きたとしか思えません。",,4/11,fire_village_consult,event=fire_village_consult; actions=CONV:FIRE_VILLAGE_CONSULT -> FLAG(key=fireVillageConsulted) -> STEP(value=2) -> SUB(value=2) -> LOG(value=イグナ火山の異変を調査することになった。); 炎の里イグニシア FMAP000006-00 / 里の長に話す / storyStep>=2; storyStep<=2; subMin=:1; subMax=:1; 炎の里イグニシア FMAP000006-00,現行参照,story.js:454,,
136,第2段階 炎の里・イグナ火山,メイン・イベント,炎の里イグニシア FMAP000006-00,FIRE_VILLAGE_CONSULT,ガイル,"ぜってーにそれが原因じゃんか！
火山は見に行ったのか！？",109,5/11,fire_village_consult,event=fire_village_consult; actions=CONV:FIRE_VILLAGE_CONSULT -> FLAG(key=fireVillageConsulted) -> STEP(value=2) -> SUB(value=2) -> LOG(value=イグナ火山の異変を調査することになった。); 炎の里イグニシア FMAP000006-00 / 里の長に話す / storyStep>=2; storyStep<=2; subMin=:1; subMax=:1; 炎の里イグニシア FMAP000006-00,現行参照,story.js:454,,
137,第2段階 炎の里・イグナ火山,メイン・イベント,炎の里イグニシア FMAP000006-00,FIRE_VILLAGE_CONSULT,里の長,"…もちろん、若者を火山へ送りました。
しかし、帰ってきたのは数名。誰もかれも、酷い火傷と切り傷で、今も目を覚ましません……",,6/11,fire_village_consult,event=fire_village_consult; actions=CONV:FIRE_VILLAGE_CONSULT -> FLAG(key=fireVillageConsulted) -> STEP(value=2) -> SUB(value=2) -> LOG(value=イグナ火山の異変を調査することになった。); 炎の里イグニシア FMAP000006-00 / 里の長に話す / storyStep>=2; storyStep<=2; subMin=:1; subMax=:1; 炎の里イグニシア FMAP000006-00,現行参照,story.js:454,,
138,第2段階 炎の里・イグナ火山,メイン・イベント,炎の里イグニシア FMAP000006-00,FIRE_VILLAGE_CONSULT,サラ,"そ、そんな…
いったい何が起きているのでしょうか…",110,7/11,fire_village_consult,event=fire_village_consult; actions=CONV:FIRE_VILLAGE_CONSULT -> FLAG(key=fireVillageConsulted) -> STEP(value=2) -> SUB(value=2) -> LOG(value=イグナ火山の異変を調査することになった。); 炎の里イグニシア FMAP000006-00 / 里の長に話す / storyStep>=2; storyStep<=2; subMin=:1; subMax=:1; 炎の里イグニシア FMAP000006-00,現行参照,story.js:454,,
139,第2段階 炎の里・イグナ火山,メイン・イベント,炎の里イグニシア FMAP000006-00,FIRE_VILLAGE_CONSULT,里の長,里の問題に申し訳ないのだが、お三方に危険を承知でお願いしたいのです。,,8/11,fire_village_consult,event=fire_village_consult; actions=CONV:FIRE_VILLAGE_CONSULT -> FLAG(key=fireVillageConsulted) -> STEP(value=2) -> SUB(value=2) -> LOG(value=イグナ火山の異変を調査することになった。); 炎の里イグニシア FMAP000006-00 / 里の長に話す / storyStep>=2; storyStep<=2; subMin=:1; subMax=:1; 炎の里イグニシア FMAP000006-00,現行参照,story.js:454,,
140,第2段階 炎の里・イグナ火山,メイン・イベント,炎の里イグニシア FMAP000006-00,FIRE_VILLAGE_CONSULT,里の長,"火山の奥を確かめてくれませんでしょうか。
火を失えば、この里は終わりなのです…",,9/11,fire_village_consult,event=fire_village_consult; actions=CONV:FIRE_VILLAGE_CONSULT -> FLAG(key=fireVillageConsulted) -> STEP(value=2) -> SUB(value=2) -> LOG(value=イグナ火山の異変を調査することになった。); 炎の里イグニシア FMAP000006-00 / 里の長に話す / storyStep>=2; storyStep<=2; subMin=:1; subMax=:1; 炎の里イグニシア FMAP000006-00,現行参照,story.js:454,,
141,第2段階 炎の里・イグナ火山,メイン・イベント,炎の里イグニシア FMAP000006-00,FIRE_VILLAGE_CONSULT,ガイル,よし！俺と[N:110]と、[N:301]様に任せとけ！,109,10/11,fire_village_consult,event=fire_village_consult; actions=CONV:FIRE_VILLAGE_CONSULT -> FLAG(key=fireVillageConsulted) -> STEP(value=2) -> SUB(value=2) -> LOG(value=イグナ火山の異変を調査することになった。); 炎の里イグニシア FMAP000006-00 / 里の長に話す / storyStep>=2; storyStep<=2; subMin=:1; subMax=:1; 炎の里イグニシア FMAP000006-00,現行参照,story.js:454,,
142,第2段階 炎の里・イグナ火山,メイン・イベント,炎の里イグニシア FMAP000006-00,FIRE_VILLAGE_CONSULT,里の長,火山はこの里の北に…よろしくお願いいたします。,,11/11,fire_village_consult,event=fire_village_consult; actions=CONV:FIRE_VILLAGE_CONSULT -> FLAG(key=fireVillageConsulted) -> STEP(value=2) -> SUB(value=2) -> LOG(value=イグナ火山の異変を調査することになった。); 炎の里イグニシア FMAP000006-00 / 里の長に話す / storyStep>=2; storyStep<=2; subMin=:1; subMax=:1; 炎の里イグニシア FMAP000006-00,現行参照,story.js:454,,
143,第2段階 炎の里・イグナ火山,メイン・イベント,炎の里イグニシア FMAP000006-00,FIRE_VOLCANO_SHAO_JOIN,シャオ,"待って。
火山へ行くなら、私も連れていって。",105,1/4,fire_volcano_entrance,event=fire_volcano_entrance; actions=CONV:FIRE_VOLCANO_SHAO_JOIN -> CHOICE; 炎の里イグニシア FMAP000006-00 / イグナ火山へ入る / storyStep>=2; storyStep<=2; subMin=:2; subMax=:2; 炎の里イグニシア FMAP000006-00,現行参照,story.js:503,,
144,第2段階 炎の里・イグナ火山,メイン・イベント,炎の里イグニシア FMAP000006-00,FIRE_VOLCANO_SHAO_JOIN,シャオ,"一人で入って、押し返された。
魔物だけじゃない。兵士もいた。",105,2/4,fire_volcano_entrance,event=fire_volcano_entrance; actions=CONV:FIRE_VOLCANO_SHAO_JOIN -> CHOICE; 炎の里イグニシア FMAP000006-00 / イグナ火山へ入る / storyStep>=2; storyStep<=2; subMin=:2; subMax=:2; 炎の里イグニシア FMAP000006-00,現行参照,story.js:503,,
145,第2段階 炎の里・イグナ火山,メイン・イベント,炎の里イグニシア FMAP000006-00,FIRE_VOLCANO_SHAO_JOIN,シャオ,"ここは、私が立ち方を覚えた里。
今度は私が守りたい。",105,3/4,fire_volcano_entrance,event=fire_volcano_entrance; actions=CONV:FIRE_VOLCANO_SHAO_JOIN -> CHOICE; 炎の里イグニシア FMAP000006-00 / イグナ火山へ入る / storyStep>=2; storyStep<=2; subMin=:2; subMax=:2; 炎の里イグニシア FMAP000006-00,現行参照,story.js:503,,
146,第2段階 炎の里・イグナ火山,メイン・イベント,炎の里イグニシア FMAP000006-00,FIRE_VOLCANO_SHAO_JOIN,システム,[N:105]が同行を申し出ている。,,4/4,fire_volcano_entrance,event=fire_volcano_entrance; actions=CONV:FIRE_VOLCANO_SHAO_JOIN -> CHOICE; 炎の里イグニシア FMAP000006-00 / イグナ火山へ入る / storyStep>=2; storyStep<=2; subMin=:2; subMax=:2; 炎の里イグニシア FMAP000006-00,現行参照,story.js:503,,
147,第2段階 炎の里・イグナ火山,メイン・イベント,炎の里イグニシア FMAP000006-00,FIRE_VOLCANO_SHAO_REFUSE,シャオ,そんなこと言わないで、頼む。火のプリズムを見捨てたら、この里は二度と剣を打てなくなる。,105,1/2,fire_volcano_entrance,event=fire_volcano_entrance; actions=CONV:FIRE_VOLCANO_SHAO_JOIN -> CHOICE; 炎の里イグニシア FMAP000006-00 / イグナ火山へ入る / storyStep>=2; storyStep<=2; subMin=:2; subMax=:2; 炎の里イグニシア FMAP000006-00,現行参照,story.js:524,,
148,第2段階 炎の里・イグナ火山,メイン・イベント,炎の里イグニシア FMAP000006-00,FIRE_VOLCANO_SHAO_REFUSE,シャオ,私は自分の足で進む。だから、あなたの背中を追わせて。,105,2/2,fire_volcano_entrance,event=fire_volcano_entrance; actions=CONV:FIRE_VOLCANO_SHAO_JOIN -> CHOICE; 炎の里イグニシア FMAP000006-00 / イグナ火山へ入る / storyStep>=2; storyStep<=2; subMin=:2; subMax=:2; 炎の里イグニシア FMAP000006-00,現行参照,story.js:524,,
149,第2段階 炎の里・イグナ火山,メイン・イベント,炎の里イグニシア FMAP000006-00,FIRE_VOLCANO_SHAO_JOINED,システム,[N:105]が仲間に加わった！,,1/1,fire_volcano_entrance,event=fire_volcano_entrance; actions=CONV:FIRE_VOLCANO_SHAO_JOIN -> CHOICE; 炎の里イグニシア FMAP000006-00 / イグナ火山へ入る / storyStep>=2; storyStep<=2; subMin=:2; subMax=:2; 炎の里イグニシア FMAP000006-00 || event=fire_volcano_entrance; actions=CONV:FIRE_VOLCANO_SHAO_JOIN -> CHOICE; 炎の里イグニシア FMAP000006-00 / イグナ火山へ入る / storyStep>=2; storyStep<=2; subMin=:2; subMax=:2; 炎の里イグニシア FMAP000006-00,現行参照,story.js:536,,
150,第2段階 炎の里・イグナ火山,メイン・イベント,炎の里イグニシア FMAP000006-00,FIRE_VOLCANO_CURSED_FLAMES,システム,"火山道へ踏み込んだ瞬間、
黒ずんだ炎が道を塞いだ。",,1/3,fire_volcano_entrance,event=fire_volcano_entrance; actions=CONV:FIRE_VOLCANO_SHAO_JOIN -> CHOICE; 炎の里イグニシア FMAP000006-00 / イグナ火山へ入る / storyStep>=2; storyStep<=2; subMin=:2; subMax=:2; 炎の里イグニシア FMAP000006-00 || event=fire_volcano_entrance; actions=CONV:FIRE_VOLCANO_SHAO_JOIN -> CHOICE; 炎の里イグニシア FMAP000006-00 / イグナ火山へ入る / storyStep>=2; storyStep<=2; subMin=:2; subMax=:2; 炎の里イグニシア FMAP000006-00,現行参照,story.js:542,,
151,第2段階 炎の里・イグナ火山,メイン・イベント,炎の里イグニシア FMAP000006-00,FIRE_VOLCANO_CURSED_FLAMES,シャオ,"前に来た時よりひどい。
火が、生き物みたいに怒ってる。",105,2/3,fire_volcano_entrance,event=fire_volcano_entrance; actions=CONV:FIRE_VOLCANO_SHAO_JOIN -> CHOICE; 炎の里イグニシア FMAP000006-00 / イグナ火山へ入る / storyStep>=2; storyStep<=2; subMin=:2; subMax=:2; 炎の里イグニシア FMAP000006-00 || event=fire_volcano_entrance; actions=CONV:FIRE_VOLCANO_SHAO_JOIN -> CHOICE; 炎の里イグニシア FMAP000006-00 / イグナ火山へ入る / storyStep>=2; storyStep<=2; subMin=:2; subMax=:2; 炎の里イグニシア FMAP000006-00,現行参照,story.js:542,,
152,第2段階 炎の里・イグナ火山,メイン・イベント,炎の里イグニシア FMAP000006-00,FIRE_VOLCANO_CURSED_FLAMES,シャオ,"このままじゃ鎧ごと焼かれてしまいます。
長なら昔の鎮め方を知ってるかもしれません。",105,3/3,fire_volcano_entrance,event=fire_volcano_entrance; actions=CONV:FIRE_VOLCANO_SHAO_JOIN -> CHOICE; 炎の里イグニシア FMAP000006-00 / イグナ火山へ入る / storyStep>=2; storyStep<=2; subMin=:2; subMax=:2; 炎の里イグニシア FMAP000006-00 || event=fire_volcano_entrance; actions=CONV:FIRE_VOLCANO_SHAO_JOIN -> CHOICE; 炎の里イグニシア FMAP000006-00 / イグナ火山へ入る / storyStep>=2; storyStep<=2; subMin=:2; subMax=:2; 炎の里イグニシア FMAP000006-00,現行参照,story.js:542,,
153,第2段階 炎の里・イグナ火山,メイン・イベント,炎の里イグニシア FMAP000006-00,FIRE_VILLAGE_HOLY_WATER_BRIEFING,里の長,"黒い炎？さらに悪化しているようですな…
火山そのものの火ではないのかもしれません。",,1/4,fire_village_holy_water_briefing,event=fire_village_holy_water_briefing; actions=CONV:FIRE_VILLAGE_HOLY_WATER_BRIEFING -> FLAG(key=windHoleRouteKnown) -> SUB(value=4) -> LOG(value=森の風穴で、妖精の泉を探そう。); 炎の里イグニシア FMAP000006-00 / 里の長に話す / storyStep>=2; storyStep<=2; subMin=:3; subMax=:3; 炎の里イグニシア FMAP000006-00,現行参照,story.js:558,,
154,第2段階 炎の里・イグナ火山,メイン・イベント,炎の里イグニシア FMAP000006-00,FIRE_VILLAGE_HOLY_WATER_BRIEFING,里の長,…妖精の泉の聖水ならあるいは、火を鎮めることも可能かもしれません…,,2/4,fire_village_holy_water_briefing,event=fire_village_holy_water_briefing; actions=CONV:FIRE_VILLAGE_HOLY_WATER_BRIEFING -> FLAG(key=windHoleRouteKnown) -> SUB(value=4) -> LOG(value=森の風穴で、妖精の泉を探そう。); 炎の里イグニシア FMAP000006-00 / 里の長に話す / storyStep>=2; storyStep<=2; subMin=:3; subMax=:3; 炎の里イグニシア FMAP000006-00,現行参照,story.js:558,,
155,第2段階 炎の里・イグナ火山,メイン・イベント,炎の里イグニシア FMAP000006-00,FIRE_VILLAGE_HOLY_WATER_BRIEFING,里の長,噂では、北西の森の奥、風の抜ける洞窟の奥にあるといわれております。,,3/4,fire_village_holy_water_briefing,event=fire_village_holy_water_briefing; actions=CONV:FIRE_VILLAGE_HOLY_WATER_BRIEFING -> FLAG(key=windHoleRouteKnown) -> SUB(value=4) -> LOG(value=森の風穴で、妖精の泉を探そう。); 炎の里イグニシア FMAP000006-00 / 里の長に話す / storyStep>=2; storyStep<=2; subMin=:3; subMax=:3; 炎の里イグニシア FMAP000006-00,現行参照,story.js:558,,
156,第2段階 炎の里・イグナ火山,メイン・イベント,炎の里イグニシア FMAP000006-00,FIRE_VILLAGE_HOLY_WATER_BRIEFING,里の長,"手伝いたいのだが、この里にもう動けるものは…
何から何まで申し訳ない。",,4/4,fire_village_holy_water_briefing,event=fire_village_holy_water_briefing; actions=CONV:FIRE_VILLAGE_HOLY_WATER_BRIEFING -> FLAG(key=windHoleRouteKnown) -> SUB(value=4) -> LOG(value=森の風穴で、妖精の泉を探そう。); 炎の里イグニシア FMAP000006-00 / 里の長に話す / storyStep>=2; storyStep<=2; subMin=:3; subMax=:3; 炎の里イグニシア FMAP000006-00,現行参照,story.js:558,,
157,第2段階 炎の里・イグナ火山,メイン・イベント,炎の里イグニシア FMAP000006-00,FIRE_VOLCANO_WAITING_FOR_HOLY_WATER,シャオ,黒い炎がひどい。このままじゃ奥に入るのは無理そうだ。,105,1/1,fire_volcano_waiting_for_holy_water,event=fire_volcano_waiting_for_holy_water; actions=CONV:FIRE_VOLCANO_WAITING_FOR_HOLY_WATER; 炎の里イグニシア FMAP000006-00 / イグナ火山へ入る / storyStep>=2; storyStep<=2; subMin=:3; subMax=:4; 炎の里イグニシア FMAP000006-00,現行参照,story.js:576,,
158,第2段階 炎の里・イグナ火山,メイン・イベント,,FOREST_WIND_HOLE_ENTRY,シャオ,"風が奥へ吸い込まれてる。
泉は、この風の帰る場所にある。",105,1/2,forest_wind_hole_entry,event=forest_wind_hole_entry; actions=CONV:FOREST_WIND_HOLE_ENTRY -> FLAG(key=forestWindHoleEntered) -> START_FIXED_DUNGEON,現行参照,story.js:583,,
159,第2段階 炎の里・イグナ火山,メイン・イベント,,FOREST_WIND_HOLE_ENTRY,システム,"岩肌の隙間から、
小さな泣き声が聞こえた。",,2/2,forest_wind_hole_entry,event=forest_wind_hole_entry; actions=CONV:FOREST_WIND_HOLE_ENTRY -> FLAG(key=forestWindHoleEntered) -> START_FIXED_DUNGEON,現行参照,story.js:583,,
160,第2段階 炎の里・イグナ火山,メイン・イベント,炎の里イグニシア FMAP000006-00,FIRE_VOLCANO_HOLY_WATER_USED,システム,"聖水を振りまくと、
黒い炎が白い蒸気へ変わった。",,1/2,fire_volcano_holy_water_used,event=fire_volcano_holy_water_used; actions=CONV:FIRE_VOLCANO_HOLY_WATER_USED -> FLAG(key=volcanoCursedFlamesPurified) -> SUB(value=6) -> START_FIXED_DUNGEON; 炎の里イグニシア FMAP000006-00 / イグナ火山へ入る / storyStep>=2; storyStep<=2; subMin=:5; subMax=:5; 未フラグ:volcanoCursedFlamesPurified; 炎の里イグニシア FMAP000006-00,現行参照,story.js:630,,
161,第2段階 炎の里・イグナ火山,メイン・イベント,炎の里イグニシア FMAP000006-00,FIRE_VOLCANO_HOLY_WATER_USED,シャオ,"道が見える……。
今なら、火山の心臓まで行ける。",105,2/2,fire_volcano_holy_water_used,event=fire_volcano_holy_water_used; actions=CONV:FIRE_VOLCANO_HOLY_WATER_USED -> FLAG(key=volcanoCursedFlamesPurified) -> SUB(value=6) -> START_FIXED_DUNGEON; 炎の里イグニシア FMAP000006-00 / イグナ火山へ入る / storyStep>=2; storyStep<=2; subMin=:5; subMax=:5; 未フラグ:volcanoCursedFlamesPurified; 炎の里イグニシア FMAP000006-00,現行参照,story.js:630,,
162,第2段階 炎の里・イグナ火山,メイン・イベント,,FIRE_VOLCANO_SOLDIERS,システム,火のプリズムの間。弱々しい赤光の前に、王国軍の兵士たちが立ちふさがる。,,1/3,fire_volcano_soldiers_encounter,event=fire_volcano_soldiers_encounter; actions=IF_FLAG,現行参照,story.js:641,,
163,第2段階 炎の里・イグナ火山,メイン・イベント,,FIRE_VOLCANO_SOLDIERS,ブロンズリーダー,侵入者だ！　プリズム調整の邪魔をさせるな。ここで斬り捨てろ！,,2/3,fire_volcano_soldiers_encounter,event=fire_volcano_soldiers_encounter; actions=IF_FLAG,現行参照,story.js:641,,
164,第2段階 炎の里・イグナ火山,メイン・イベント,,FIRE_VOLCANO_SOLDIERS,シャオ,調整？　火を奪っておいて、よくそんな言葉が出る……！,105,3/3,fire_volcano_soldiers_encounter,event=fire_volcano_soldiers_encounter; actions=IF_FLAG,現行参照,story.js:641,,
165,第2段階 炎の里・イグナ火山,メイン・イベント,,FIRE_VOLCANO_GLAD,王国兵士,グラド様、申し訳ありません……。侵入者を止められませんでした。,,1/5,fire_volcano_soldiers_clear,event=fire_volcano_soldiers_clear; actions=CONV:FIRE_VOLCANO_GLAD -> FLAG(key=fireVolcanoSoldiersCleared) -> BOSS(value=803010),現行参照,story.js:656,,
166,第2段階 炎の里・イグナ火山,メイン・イベント,,FIRE_VOLCANO_GLAD,グラド,"構わん。里の者……いや、冒険者か。少し遅かったようだな。
火の理は、すでに我が内へ流れ込んでいる。",,2/5,fire_volcano_soldiers_clear,event=fire_volcano_soldiers_clear; actions=CONV:FIRE_VOLCANO_GLAD -> FLAG(key=fireVolcanoSoldiersCleared) -> BOSS(value=803010),現行参照,story.js:656,,
167,第2段階 炎の里・イグナ火山,メイン・イベント,,FIRE_VOLCANO_GLAD,システム,"細った火のプリズムから、膨大な炎がグラドへ流れ込む。
だが炎は一つに収束せず、時折、内側から弾けるように散っている。",,3/5,fire_volcano_soldiers_clear,event=fire_volcano_soldiers_clear; actions=CONV:FIRE_VOLCANO_GLAD -> FLAG(key=fireVolcanoSoldiersCleared) -> BOSS(value=803010),現行参照,story.js:656,,
168,第2段階 炎の里・イグナ火山,メイン・イベント,,FIRE_VOLCANO_GLAD,グラド,……また流れが乱れたか。まだ馴染み切らぬとはいえ――妙だな。,,4/5,fire_volcano_soldiers_clear,event=fire_volcano_soldiers_clear; actions=CONV:FIRE_VOLCANO_GLAD -> FLAG(key=fireVolcanoSoldiersCleared) -> BOSS(value=803010),現行参照,story.js:656,,
169,第2段階 炎の里・イグナ火山,メイン・イベント,,FIRE_VOLCANO_GLAD,グラド,"だが、この程度の不調で止まる力ではない。
この国の未来のため、ここを通すわけにはいかん。来い。",,5/5,fire_volcano_soldiers_clear,event=fire_volcano_soldiers_clear; actions=CONV:FIRE_VOLCANO_GLAD -> FLAG(key=fireVolcanoSoldiersCleared) -> BOSS(value=803010),現行参照,story.js:656,,
170,第2段階 炎の里・イグナ火山,メイン・イベント,,FIRE_VOLCANO_GLAD_RETRY,グラド,"まだ来るか。炎の流れは乱れているが、貴様らを退けるには十分だ。
吸収が終わるまで、何度でも相手をしてやる。",,1/1,fire_volcano_soldiers_encounter / fire_volcano_glad_retry,event=fire_volcano_soldiers_encounter; actions=IF_FLAG || event=fire_volcano_glad_retry; actions=CONV:FIRE_VOLCANO_GLAD_RETRY -> BOSS(value=803010),現行参照,story.js:678,,
171,第2段階 炎の里・イグナ火山,メイン・イベント,,FIRE_VOLCANO_CLEAR,システム,"激突のさなか、火のプリズムの奥で赤い光が強く脈打った。
グラドへ集まっていた炎が逆流し、その構えが大きく崩れる。",,1/7,fire_volcano_glad_clear,event=fire_volcano_glad_clear; actions=CONV:FIRE_VOLCANO_CLEAR -> FLAG(key=firePrismRestored) -> STEP(value=2) -> SUB(value=7) -> LOG(value=火のプリズムに炎の力が戻った。炎の里へ報告しよう。),現行参照,story.js:690,,
172,第2段階 炎の里・イグナ火山,メイン・イベント,,FIRE_VOLCANO_CLEAR,システム,"アルスたちはその隙を逃さず攻め込み、グラドをプリズムから引き離した。
倒し切ったわけではない。だが、これ以上の吸収を続けられる状態でもない。",,2/7,fire_volcano_glad_clear,event=fire_volcano_glad_clear; actions=CONV:FIRE_VOLCANO_CLEAR -> FLAG(key=firePrismRestored) -> STEP(value=2) -> SUB(value=7) -> LOG(value=火のプリズムに炎の力が戻った。炎の里へ報告しよう。),現行参照,story.js:690,,
173,第2段階 炎の里・イグナ火山,メイン・イベント,,FIRE_VOLCANO_CLEAR,グラド,"……いいだろう。今日は退く。
俺を打ち負かしたなどと思うな。次に会う時、この炎はこんな不調では済まんぞ。",,3/7,fire_volcano_glad_clear,event=fire_volcano_glad_clear; actions=CONV:FIRE_VOLCANO_CLEAR -> FLAG(key=firePrismRestored) -> STEP(value=2) -> SUB(value=7) -> LOG(value=火のプリズムに炎の力が戻った。炎の里へ報告しよう。),現行参照,story.js:690,,
174,第2段階 炎の里・イグナ火山,メイン・イベント,,FIRE_VOLCANO_CLEAR,グラド,"[N:301]と言ったな。覚えたぞ、その名前。
次は万全の炎で相手をしてやる。",,4/7,fire_volcano_glad_clear,event=fire_volcano_glad_clear; actions=CONV:FIRE_VOLCANO_CLEAR -> FLAG(key=firePrismRestored) -> STEP(value=2) -> SUB(value=7) -> LOG(value=火のプリズムに炎の力が戻った。炎の里へ報告しよう。),現行参照,story.js:690,,
175,第2段階 炎の里・イグナ火山,メイン・イベント,,FIRE_VOLCANO_CLEAR,システム,"グラドは黒ずんだ火の幕に包まれ、火口の奥へ退いていった。
残された炎は、ゆっくりとプリズムへ戻り始める。",,5/7,fire_volcano_glad_clear,event=fire_volcano_glad_clear; actions=CONV:FIRE_VOLCANO_CLEAR -> FLAG(key=firePrismRestored) -> STEP(value=2) -> SUB(value=7) -> LOG(value=火のプリズムに炎の力が戻った。炎の里へ報告しよう。),現行参照,story.js:690,,
176,第2段階 炎の里・イグナ火山,メイン・イベント,,FIRE_VOLCANO_CLEAR,シャオ,"今の黒い火……やっぱり闇の力なのか？
王国軍が、なんであんなものを……。",105,6/7,fire_volcano_glad_clear,event=fire_volcano_glad_clear; actions=CONV:FIRE_VOLCANO_CLEAR -> FLAG(key=firePrismRestored) -> STEP(value=2) -> SUB(value=7) -> LOG(value=火のプリズムに炎の力が戻った。炎の里へ報告しよう。),現行参照,story.js:690,,
177,第2段階 炎の里・イグナ火山,メイン・イベント,,FIRE_VOLCANO_CLEAR,シャオ,"……でも、あいつ自身も炎が言うことを聞かないって顔してた。
今は里へ戻ろう。長に報告しないと。",105,7/7,fire_volcano_glad_clear,event=fire_volcano_glad_clear; actions=CONV:FIRE_VOLCANO_CLEAR -> FLAG(key=firePrismRestored) -> STEP(value=2) -> SUB(value=7) -> LOG(value=火のプリズムに炎の力が戻った。炎の里へ報告しよう。),現行参照,story.js:690,,
178,第2段階 炎の里・イグナ火山,メイン・イベント,炎の里イグニシア FMAP000006-00,FIRE_VILLAGE_REPORT,里の長,"ありがとうございます、[N:301]様。
炉の火が戻り、鍛冶屋達も仕事を再開できました。",,1/8,fire_village_report,event=fire_village_report; actions=CONV:FIRE_VILLAGE_REPORT -> ALLY(value=105) -> UNLOCK -> FLAG(key=fireVillageCleared) -> STEP(value=3) -> SUB(value=0) -> LOG(value=鍛冶機能が解放された。北の風の集落へ向かおう。); 炎の里イグニシア FMAP000006-00 / 里の長に話す / storyStep>=2; storyStep<=2; subMin=:7; subMax=:7; 炎の里イグニシア FMAP000006-00,現行参照,story.js:722,,
179,第2段階 炎の里・イグナ火山,メイン・イベント,炎の里イグニシア FMAP000006-00,FIRE_VILLAGE_REPORT,シャオ,"火山を荒らしていたのは王国軍です。
奥地で何か、結晶のようなものを歪めていました。",105,2/8,fire_village_report,event=fire_village_report; actions=CONV:FIRE_VILLAGE_REPORT -> ALLY(value=105) -> UNLOCK -> FLAG(key=fireVillageCleared) -> STEP(value=3) -> SUB(value=0) -> LOG(value=鍛冶機能が解放された。北の風の集落へ向かおう。); 炎の里イグニシア FMAP000006-00 / 里の長に話す / storyStep>=2; storyStep<=2; subMin=:7; subMax=:7; 炎の里イグニシア FMAP000006-00,現行参照,story.js:722,,
180,第2段階 炎の里・イグナ火山,メイン・イベント,炎の里イグニシア FMAP000006-00,FIRE_VILLAGE_REPORT,里の長,"結晶！
それは、火山に納められている火のプリズムです。",,3/8,fire_village_report,event=fire_village_report; actions=CONV:FIRE_VILLAGE_REPORT -> ALLY(value=105) -> UNLOCK -> FLAG(key=fireVillageCleared) -> STEP(value=3) -> SUB(value=0) -> LOG(value=鍛冶機能が解放された。北の風の集落へ向かおう。); 炎の里イグニシア FMAP000006-00 / 里の長に話す / storyStep>=2; storyStep<=2; subMin=:7; subMax=:7; 炎の里イグニシア FMAP000006-00,現行参照,story.js:722,,
181,第2段階 炎の里・イグナ火山,メイン・イベント,炎の里イグニシア FMAP000006-00,FIRE_VILLAGE_REPORT,里の長,"プリズムとは、この世界を司る六属性を秘めた、
神の加護を受けた結晶です。それをまさか…",,4/8,fire_village_report,event=fire_village_report; actions=CONV:FIRE_VILLAGE_REPORT -> ALLY(value=105) -> UNLOCK -> FLAG(key=fireVillageCleared) -> STEP(value=3) -> SUB(value=0) -> LOG(value=鍛冶機能が解放された。北の風の集落へ向かおう。); 炎の里イグニシア FMAP000006-00 / 里の長に話す / storyStep>=2; storyStep<=2; subMin=:7; subMax=:7; 炎の里イグニシア FMAP000006-00,現行参照,story.js:722,,
182,第2段階 炎の里・イグナ火山,メイン・イベント,炎の里イグニシア FMAP000006-00,FIRE_VILLAGE_REPORT,シャオ,"…王国軍は、闇の力を纏っていた。
忌むべき魔族がかかわっている可能性がある。放っておくことはできない。",105,5/8,fire_village_report,event=fire_village_report; actions=CONV:FIRE_VILLAGE_REPORT -> ALLY(value=105) -> UNLOCK -> FLAG(key=fireVillageCleared) -> STEP(value=3) -> SUB(value=0) -> LOG(value=鍛冶機能が解放された。北の風の集落へ向かおう。); 炎の里イグニシア FMAP000006-00 / 里の長に話す / storyStep>=2; storyStep<=2; subMin=:7; subMax=:7; 炎の里イグニシア FMAP000006-00,現行参照,story.js:722,,
183,第2段階 炎の里・イグナ火山,メイン・イベント,炎の里イグニシア FMAP000006-00,FIRE_VILLAGE_REPORT,里の長,プリズムの力は、以前にも王国の儀式により暴走したことがあります。まさか、またあの悪夢を繰り返すつもりでしょうか…,,6/8,fire_village_report,event=fire_village_report; actions=CONV:FIRE_VILLAGE_REPORT -> ALLY(value=105) -> UNLOCK -> FLAG(key=fireVillageCleared) -> STEP(value=3) -> SUB(value=0) -> LOG(value=鍛冶機能が解放された。北の風の集落へ向かおう。); 炎の里イグニシア FMAP000006-00 / 里の長に話す / storyStep>=2; storyStep<=2; subMin=:7; subMax=:7; 炎の里イグニシア FMAP000006-00,現行参照,story.js:722,,
184,第2段階 炎の里・イグナ火山,メイン・イベント,炎の里イグニシア FMAP000006-00,FIRE_VILLAGE_REPORT,里の長,…この里の北に、風のプリズムを祀る集落がございます。何か問題が起きているやもしれません。,,7/8,fire_village_report,event=fire_village_report; actions=CONV:FIRE_VILLAGE_REPORT -> ALLY(value=105) -> UNLOCK -> FLAG(key=fireVillageCleared) -> STEP(value=3) -> SUB(value=0) -> LOG(value=鍛冶機能が解放された。北の風の集落へ向かおう。); 炎の里イグニシア FMAP000006-00 / 里の長に話す / storyStep>=2; storyStep<=2; subMin=:7; subMax=:7; 炎の里イグニシア FMAP000006-00,現行参照,story.js:722,,
185,第2段階 炎の里・イグナ火山,メイン・イベント,炎の里イグニシア FMAP000006-00,FIRE_VILLAGE_REPORT,里の長,皆さんには大変お世話になりました。もし王国軍と戦うなら、里の鍛冶屋も使ってやってください。,,8/8,fire_village_report,event=fire_village_report; actions=CONV:FIRE_VILLAGE_REPORT -> ALLY(value=105) -> UNLOCK -> FLAG(key=fireVillageCleared) -> STEP(value=3) -> SUB(value=0) -> LOG(value=鍛冶機能が解放された。北の風の集落へ向かおう。); 炎の里イグニシア FMAP000006-00 / 里の長に話す / storyStep>=2; storyStep<=2; subMin=:7; subMax=:7; 炎の里イグニシア FMAP000006-00,現行参照,story.js:722,,
186,第2段階 炎の里・イグナ火山,メイン・イベント,炎の里イグニシア FMAP000006-00,FIRE_VILLAGE_ELDER_IDLE,里の長,火はまだ細い。イグナ火山に納めた火のプリズムで、何かが起きているのだろう。,,1/1,fire_village_elder_idle,event=fire_village_elder_idle; actions=CONV:FIRE_VILLAGE_ELDER_IDLE; 炎の里イグニシア FMAP000006-00 / 里の長に話す / default=:True; 炎の里イグニシア FMAP000006-00,現行参照,story.js:759,,
187,第2段階 炎の里・イグナ火山,メイン・イベント,炎の里イグニシア FMAP000006-00,FIRE_VILLAGE_ELDER_DURING_VOLCANO,里の長,"火山の奥へは、北の火山道がつながっている。
…戻れぬ者も出ておる。無理はなされぬよう……",,1/1,fire_village_elder_during_volcano,event=fire_village_elder_during_volcano; actions=CONV:FIRE_VILLAGE_ELDER_DURING_VOLCANO; 炎の里イグニシア FMAP000006-00 / 里の長に話す / storyStep>=2; storyStep<=2; subMin=:2; subMax=:2; 炎の里イグニシア FMAP000006-00 / 里の長に話す / storyStep>=2; storyStep<=2; subMin=:4; subMax=:6; 炎の里イグニシア FMAP000006-00; 炎の里イグニシア FMAP000006-00,現行参照,story.js:765,,
188,第2段階 炎の里・イグナ火山,メイン・イベント,炎の里イグニシア FMAP000006-00,FIRE_VILLAGE_ELDER_AFTER_CLEAR,里の長,炉の音が戻った。だが王国軍がプリズムに手をかけた事実は、消えぬ火種として残る。,,1/2,fire_village_elder_after_clear,event=fire_village_elder_after_clear; actions=CONV:FIRE_VILLAGE_ELDER_AFTER_CLEAR; 炎の里イグニシア FMAP000006-00 / 里の長に話す / storyStep>=3; storyStep<=99; 炎の里イグニシア FMAP000006-00,現行参照,story.js:771,,
189,第2段階 炎の里・イグナ火山,メイン・イベント,炎の里イグニシア FMAP000006-00,FIRE_VILLAGE_ELDER_AFTER_CLEAR,里の長,北の風の集落へ行くがよい。風は噂より早く、世界の歪みを運ぶ。,,2/2,fire_village_elder_after_clear,event=fire_village_elder_after_clear; actions=CONV:FIRE_VILLAGE_ELDER_AFTER_CLEAR; 炎の里イグニシア FMAP000006-00 / 里の長に話す / storyStep>=3; storyStep<=99; 炎の里イグニシア FMAP000006-00,現行参照,story.js:771,,
190,第2段階 炎の里・イグナ火山,村人・町会話,,TOWN_FIRE_VILLAGER_1,鍛冶師,"聞こえるか。炉が、また飯を食い始めた。
腹を空かせた音ってのは、悪くねえ。",1002,1/2,town_fire_villager_1,event=town_fire_villager_1; actions=CONV:TOWN_FIRE_VILLAGER_1,現行参照,story.js:781,,
191,第2段階 炎の里・イグナ火山,村人・町会話,,TOWN_FIRE_VILLAGER_1,鍛冶師,"礼なら後でいい。まず鍬を直す。
畑に戻る連中が、道具を待ってる。",1002,2/2,town_fire_villager_1,event=town_fire_villager_1; actions=CONV:TOWN_FIRE_VILLAGER_1,現行参照,story.js:781,,
192,第2段階 炎の里・イグナ火山,村人・町会話,炎の里イグニシア FMAP000006-00,TOWN_FIRE_VILLAGER_3_AFTER,里人,"あんたら、やってくれたんだろ！
本当にありがとうな。子供たちが喜んでるよ。",1002,1/4,town_fire_villager_3_after,event=town_fire_villager_3_after; actions=IF_FLAG; 炎の里イグニシア FMAP000006-00 / 炭運びと話す / 要フラグ:fireVillageCleared; 炎の里イグニシア FMAP000006-00,現行参照,story.js:793,,
193,第2段階 炎の里・イグナ火山,村人・町会話,炎の里イグニシア FMAP000006-00,TOWN_FIRE_VILLAGER_3_AFTER,里人,これはこれで大忙しだが、汗をかいていた方がよっぽど性に合うってもんだ。,1002,2/4,town_fire_villager_3_after,event=town_fire_villager_3_after; actions=IF_FLAG; 炎の里イグニシア FMAP000006-00 / 炭運びと話す / 要フラグ:fireVillageCleared; 炎の里イグニシア FMAP000006-00,現行参照,story.js:793,,
194,第2段階 炎の里・イグナ火山,村人・町会話,炎の里イグニシア FMAP000006-00,TOWN_FIRE_VILLAGER_3_AFTER,里人,"そうだ、世話になったあんたらにこれをやるよ。
何かに役立ててくれ。",1002,3/4,town_fire_villager_3_after,event=town_fire_villager_3_after; actions=IF_FLAG; 炎の里イグニシア FMAP000006-00 / 炭運びと話す / 要フラグ:fireVillageCleared; 炎の里イグニシア FMAP000006-00,現行参照,story.js:793,,
195,第2段階 炎の里・イグナ火山,村人・町会話,炎の里イグニシア FMAP000006-00,TOWN_FIRE_VILLAGER_3_AFTER,システム,「爆炎球」を3個手に入れた！,,4/4,town_fire_villager_3_after,event=town_fire_villager_3_after; actions=IF_FLAG; 炎の里イグニシア FMAP000006-00 / 炭運びと話す / 要フラグ:fireVillageCleared; 炎の里イグニシア FMAP000006-00,現行参照,story.js:793,,
196,第2段階 炎の里・イグナ火山,村人・町会話,炎の里イグニシア FMAP000006-00,TOWN_FIRE_VILLAGER_3_AFTER_GIFT,里人,"爆炎球は火気に気をつけて使ってくれよ。
里じゃまた、いつもの忙しい音が戻ってきた。",1002,1/1,town_fire_villager_3_after,event=town_fire_villager_3_after; actions=IF_FLAG; 炎の里イグニシア FMAP000006-00 / 炭運びと話す / 要フラグ:fireVillageCleared; 炎の里イグニシア FMAP000006-00,現行参照,story.js:814,,
197,第2段階 炎の里・イグナ火山,クエスト,火山奥の鍛炎 [karin_volcano_depths],QUEST_KARIN_START,カリン,"貴公は、この里を救ってくれた英雄か？
礼が遅れてすまない。感謝する。",210,1/4,quest_karin_start,event=quest_karin_start; actions=CONV:QUEST_KARIN_START,現行参照,story.js:1161,,
198,第2段階 炎の里・イグナ火山,クエスト,火山奥の鍛炎 [karin_volcano_depths],QUEST_KARIN_START,カリン,護衛任務をしている時に、愛する里にあんな問題が起きていたとは…一生の不覚だ…,210,2/4,quest_karin_start,event=quest_karin_start; actions=CONV:QUEST_KARIN_START,現行参照,story.js:1161,,
199,第2段階 炎の里・イグナ火山,クエスト,火山奥の鍛炎 [karin_volcano_depths],QUEST_KARIN_START,カリン,"…一つ、お願いさせてもらえないだろうか。
火のプリズムのさらに奥から、化け物の声が響いてくるようなのだ。",210,3/4,quest_karin_start,event=quest_karin_start; actions=CONV:QUEST_KARIN_START,現行参照,story.js:1161,,
200,第2段階 炎の里・イグナ火山,クエスト,火山奥の鍛炎 [karin_volcano_depths],QUEST_KARIN_START,カリン,"里に降りてきたら、多くの人が犠牲になる。
私と共に、討伐してほしい。",210,4/4,quest_karin_start,event=quest_karin_start; actions=CONV:QUEST_KARIN_START,現行参照,story.js:1161,,
201,第2段階 炎の里・イグナ火山,クエスト,火山奥の鍛炎 [karin_volcano_depths],QUEST_KARIN_VOLCANO_ENCOUNTER,カリン,"炉の奥に、何かいる。
灰がこちらへ流れてくる。",,1/2,quest_karin_volcano_encounter,event=quest_karin_volcano_encounter; actions=CONV:QUEST_KARIN_VOLCANO_ENCOUNTER -> BOSS(value=303201),現行参照,story.js:1183,,
202,第2段階 炎の里・イグナ火山,クエスト,火山奥の鍛炎 [karin_volcano_depths],QUEST_KARIN_VOLCANO_ENCOUNTER,カリン,"無理に踏み込まないで。
あの角がこちらを向いたら、私が合わせる。",,2/2,quest_karin_volcano_encounter,event=quest_karin_volcano_encounter; actions=CONV:QUEST_KARIN_VOLCANO_ENCOUNTER -> BOSS(value=303201),現行参照,story.js:1183,,
203,第2段階 炎の里・イグナ火山,クエスト,火山奥の鍛炎 [karin_volcano_depths],QUEST_KARIN_CLEAR,カリン,"斬らずに止める。
その誓いを、甘さと笑われた。",,1/3,quest_karin_volcano_clear,event=quest_karin_volcano_clear; actions=CONV:QUEST_KARIN_CLEAR -> QUEST_COMPLETE,現行参照,story.js:1193,,
204,第2段階 炎の里・イグナ火山,クエスト,火山奥の鍛炎 [karin_volcano_depths],QUEST_KARIN_CLEAR,カリン,"だが君は、守るために
刃を抜く者の目をしている。",,2/3,quest_karin_volcano_clear,event=quest_karin_volcano_clear; actions=CONV:QUEST_KARIN_CLEAR -> QUEST_COMPLETE,現行参照,story.js:1193,,
205,第2段階 炎の里・イグナ火山,クエスト,火山奥の鍛炎 [karin_volcano_depths],QUEST_KARIN_CLEAR,カリン,"この剣を預けよう。
次は、君の隣で道を守る。",,3/3,quest_karin_volcano_clear,event=quest_karin_volcano_clear; actions=CONV:QUEST_KARIN_CLEAR -> QUEST_COMPLETE,現行参照,story.js:1193,,
206,第2段階 炎の里・イグナ火山,深淵・追加ストーリー,,ABYSS_SPIRIT_TRIAL_FIRE_PARTY_INTRO_PHASE17,ガイル,守るために燃える、か。……前の俺なら「強けりゃいい」って言ってたかもな。,,1/2,abyss_spirit_trial_fire_intro,event=abyss_spirit_trial_fire_intro; actions=CONV:ABYSS_SPIRIT_TRIAL_FIRE_INTRO -> IF_ALLY -> CHOICE,現行参照,story.js:,,
207,第2段階 炎の里・イグナ火山,深淵・追加ストーリー,,ABYSS_SPIRIT_TRIAL_FIRE_PARTY_INTRO_PHASE17,ガイル,"でも火って、飯も炊くし、寒い夜には命そのものだ。
俺は、そっちの火も知ってる。",,2/2,abyss_spirit_trial_fire_intro,event=abyss_spirit_trial_fire_intro; actions=CONV:ABYSS_SPIRIT_TRIAL_FIRE_INTRO -> IF_ALLY -> CHOICE,現行参照,story.js:,,
208,第2段階 炎の里・イグナ火山,深淵・追加ストーリー,,ABYSS_SPIRIT_TRIAL_FIRE_PARTY_VICTORY_PHASE17,ガイル,熱い。でも、嫌な熱じゃねえ。……ちゃんと持って帰ろうぜ。,,1/1,abyss_spirit_trial_fire_victory,event=abyss_spirit_trial_fire_victory; actions=CONV:ABYSS_SPIRIT_TRIAL_FIRE_VICTORY -> IF_ALLY -> ABYSS_SPIRIT_TRIAL_COMPLETE -> EVENT,現行参照,story.js:,,
209,第2段階 炎の里・イグナ火山,深淵・追加ストーリー,,ABYSS_SPIRIT_TRIAL_FIRE_INTRO,炎の大精霊,"この火は、力だけを求める者には渡せぬ。
守るために燃える覚悟があるなら、炎の試練へ進め。",,1/2,abyss_spirit_trial_fire_intro,event=abyss_spirit_trial_fire_intro; actions=CONV:ABYSS_SPIRIT_TRIAL_FIRE_INTRO -> IF_ALLY -> CHOICE,現行参照,story.js:,,
210,第2段階 炎の里・イグナ火山,深淵・追加ストーリー,,ABYSS_SPIRIT_TRIAL_FIRE_INTRO,システム,炎のプリズムが激しく脈動している。,,2/2,abyss_spirit_trial_fire_intro,event=abyss_spirit_trial_fire_intro; actions=CONV:ABYSS_SPIRIT_TRIAL_FIRE_INTRO -> IF_ALLY -> CHOICE,現行参照,story.js:,,
211,第2段階 炎の里・イグナ火山,深淵・追加ストーリー,,ABYSS_SPIRIT_TRIAL_FIRE_RETRY,炎の大精霊,"一度消えた火でも、意志が残るなら再び灯る。
立てるのなら、もう一度示してみよ。",,1/1,abyss_spirit_trial_fire_retry,event=abyss_spirit_trial_fire_retry; actions=CONV:ABYSS_SPIRIT_TRIAL_FIRE_RETRY -> CHOICE,現行参照,story.js:,,
212,第2段階 炎の里・イグナ火山,深淵・追加ストーリー,,ABYSS_SPIRIT_TRIAL_FIRE_VICTORY,炎の大精霊,"熱に呑まれず、誰かを照らす火を選んだか。
その意志を認め、炎の加護を授けよう。",,1/1,abyss_spirit_trial_fire_victory,event=abyss_spirit_trial_fire_victory; actions=CONV:ABYSS_SPIRIT_TRIAL_FIRE_VICTORY -> IF_ALLY -> ABYSS_SPIRIT_TRIAL_COMPLETE -> EVENT,現行参照,story.js:,,
213,第2段階 炎の里・イグナ火山,村人・町会話,炎の里イグニシア FMAP000006-00,NPC_IGNISIA_COMMUNAL_KITCHEN_FIRE_UNSTABLE,炊事番,鍋に近づくな。さっきまで弱火だったのに、急に蓋が跳ねた,,1/2,npc_ignisia_communal_kitchen_fire_unstable,event=npc_ignisia_communal_kitchen_fire_unstable; actions=CONV:NPC_IGNISIA_COMMUNAL_KITCHEN_FIRE_UNSTABLE; 炎の里イグニシア FMAP000006-00 / 炊事番と話す,現行参照,story.js:,,
214,第2段階 炎の里・イグナ火山,村人・町会話,炎の里イグニシア FMAP000006-00,NPC_IGNISIA_COMMUNAL_KITCHEN_FIRE_UNSTABLE,炊事番,"今日の豆は半煮えだ。
文句は火山に言っとくれ。順番は変えないよ",,2/2,npc_ignisia_communal_kitchen_fire_unstable,event=npc_ignisia_communal_kitchen_fire_unstable; actions=CONV:NPC_IGNISIA_COMMUNAL_KITCHEN_FIRE_UNSTABLE; 炎の里イグニシア FMAP000006-00 / 炊事番と話す,現行参照,story.js:,,
215,第2段階 炎の里・イグナ火山,村人・町会話,炎の里イグニシア FMAP000006-00,NPC_IGNISIA_COMMUNAL_KITCHEN_FIRE_RESTORED,炊事番,"火が戻った？　見りゃ分かるよ。
鍋底を二つ焦がした",,1/2,npc_ignisia_communal_kitchen_fire_restored,event=npc_ignisia_communal_kitchen_fire_restored; actions=CONV:NPC_IGNISIA_COMMUNAL_KITCHEN_FIRE_RESTORED; 炎の里イグニシア FMAP000006-00 / 炊事番と話す,現行参照,story.js:,,
216,第2段階 炎の里・イグナ火山,村人・町会話,炎の里イグニシア FMAP000006-00,NPC_IGNISIA_COMMUNAL_KITCHEN_FIRE_RESTORED,炊事番,"嬉しいさ。嬉しいけどね、
加減を忘れた手まで一晩で戻るわけじゃない",,2/2,npc_ignisia_communal_kitchen_fire_restored,event=npc_ignisia_communal_kitchen_fire_restored; actions=CONV:NPC_IGNISIA_COMMUNAL_KITCHEN_FIRE_RESTORED; 炎の里イグニシア FMAP000006-00 / 炊事番と話す,現行参照,story.js:,,
217,第2段階 炎の里・イグナ火山,村人・町会話,炎の里イグニシア FMAP000006-00,NPC_IGNISIA_COMMUNAL_KITCHEN_LATER_REVISIT,炊事番,今日は煮込み。明日は焼き物,,1/2,npc_ignisia_communal_kitchen_later_revisit,event=npc_ignisia_communal_kitchen_later_revisit; actions=CONV:NPC_IGNISIA_COMMUNAL_KITCHEN_LATER_REVISIT; 炎の里イグニシア FMAP000006-00 / 炊事番と話す,現行参照,story.js:,,
218,第2段階 炎の里・イグナ火山,村人・町会話,炎の里イグニシア FMAP000006-00,NPC_IGNISIA_COMMUNAL_KITCHEN_LATER_REVISIT,炊事番,"普通の献立を考えるの、こんなに面倒だったかね。
……まあ、悪くない面倒だ",,2/2,npc_ignisia_communal_kitchen_later_revisit,event=npc_ignisia_communal_kitchen_later_revisit; actions=CONV:NPC_IGNISIA_COMMUNAL_KITCHEN_LATER_REVISIT; 炎の里イグニシア FMAP000006-00 / 炊事番と話す,現行参照,story.js:,,
219,第2段階 炎の里・イグナ火山,村人・町会話,炎の里イグニシア FMAP000006-00,NPC_IGNISIA_BATH_ELDER_DURING_CRISIS,湯屋の老人,若いのは、すぐ火を急かす,,1/2,npc_ignisia_bath_elder_during_crisis,event=npc_ignisia_bath_elder_during_crisis; actions=CONV:NPC_IGNISIA_BATH_ELDER_DURING_CRISIS; 炎の里イグニシア FMAP000006-00 / 湯屋の老人と話す,現行参照,story.js:,,
220,第2段階 炎の里・イグナ火山,村人・町会話,炎の里イグニシア FMAP000006-00,NPC_IGNISIA_BATH_ELDER_DURING_CRISIS,湯屋の老人,"昔は湯を通す前に、石へ水をひと匙やった。
笑うからこうなる。山にも機嫌ってもんがある",,2/2,npc_ignisia_bath_elder_during_crisis,event=npc_ignisia_bath_elder_during_crisis; actions=CONV:NPC_IGNISIA_BATH_ELDER_DURING_CRISIS; 炎の里イグニシア FMAP000006-00 / 湯屋の老人と話す,現行参照,story.js:,,
221,第2段階 炎の里・イグナ火山,村人・町会話,炎の里イグニシア FMAP000006-00,NPC_IGNISIA_BATH_ELDER_AFTER_CLEAR,湯屋の老人,ほら見ろ。水をやったら静かになった,,1/3,npc_ignisia_bath_elder_after_clear,event=npc_ignisia_bath_elder_after_clear; actions=CONV:NPC_IGNISIA_BATH_ELDER_AFTER_CLEAR; 炎の里イグニシア FMAP000006-00 / 湯屋の老人と話す,現行参照,story.js:,,
222,第2段階 炎の里・イグナ火山,村人・町会話,炎の里イグニシア FMAP000006-00,NPC_IGNISIA_BATH_ELDER_AFTER_CLEAR,里の若者,プリズムが戻った日と同じ日だろ,,2/3,npc_ignisia_bath_elder_after_clear,event=npc_ignisia_bath_elder_after_clear; actions=CONV:NPC_IGNISIA_BATH_ELDER_AFTER_CLEAR; 炎の里イグニシア FMAP000006-00 / 湯屋の老人と話す,現行参照,story.js:,,
223,第2段階 炎の里・イグナ火山,村人・町会話,炎の里イグニシア FMAP000006-00,NPC_IGNISIA_BATH_ELDER_AFTER_CLEAR,湯屋の老人,二つ効いたんだよ。年寄りの顔を立てろ,,3/3,npc_ignisia_bath_elder_after_clear,event=npc_ignisia_bath_elder_after_clear; actions=CONV:NPC_IGNISIA_BATH_ELDER_AFTER_CLEAR; 炎の里イグニシア FMAP000006-00 / 湯屋の老人と話す,現行参照,story.js:,,
224,第3段階 風の集落・禁忌の森・風の神殿,メイン・イベント,,LOCKED_WIND_TEMPLE,エリーゼ,森の奥から、風が逆巻いています。神殿は近いはずなのに、道そのものが私たちを拒んでいるみたい。,106,1/2,locked_wind_temple,event=locked_wind_temple; actions=CONV:LOCKED_WIND_TEMPLE,現行参照,story.js:821,,
225,第3段階 風の集落・禁忌の森・風の神殿,メイン・イベント,,LOCKED_WIND_TEMPLE,エリーゼ,まず祈りの広場へ行きましょう。あそこの石碑なら、この風の乱れを鎮める手がかりになるはずです。,106,2/2,locked_wind_temple,event=locked_wind_temple; actions=CONV:LOCKED_WIND_TEMPLE,現行参照,story.js:821,,
226,第3段階 風の集落・禁忌の森・風の神殿,メイン・イベント,風の集落カザリア FMAP000009-00,WIND_VILLAGE_INTRO,エリーゼ,"旅の人ですか？ごめんなさい、大人の人たちは…
森に入ってからもう3日も帰ってこないのです。",106,1/11,wind_village_intro,event=wind_village_intro; actions=CONV:WIND_VILLAGE_INTRO -> ALLY(value=106) -> FLAG(key=eliseJoinedAtWindVillage) -> STEP(value=3) -> SUB(value=1) -> LOG(value=エリーゼが同行した。禁忌の森へ向かおう。); 風の集落カザリア FMAP000009-00 / エリーゼに話す / storyStep>=3; storyStep<=3; subMin=:0; subMax=:0; 風の集落カザリア FMAP000009-00,現行参照,story.js:833,,
227,第3段階 風の集落・禁忌の森・風の神殿,メイン・イベント,風の集落カザリア FMAP000009-00,WIND_VILLAGE_INTRO,エリーゼ,"それからです。
風の流れも止まり、森にはよどんだ空気が…",106,2/11,wind_village_intro,event=wind_village_intro; actions=CONV:WIND_VILLAGE_INTRO -> ALLY(value=106) -> FLAG(key=eliseJoinedAtWindVillage) -> STEP(value=3) -> SUB(value=1) -> LOG(value=エリーゼが同行した。禁忌の森へ向かおう。); 風の集落カザリア FMAP000009-00 / エリーゼに話す / storyStep>=3; storyStep<=3; subMin=:0; subMax=:0; 風の集落カザリア FMAP000009-00,現行参照,story.js:833,,
228,第3段階 風の集落・禁忌の森・風の神殿,メイン・イベント,風の集落カザリア FMAP000009-00,WIND_VILLAGE_INTRO,ガイル,"なら早く森に助けに行かねえと！
なんで誰も助けにっ……あぁ、そうか…",109,3/11,wind_village_intro,event=wind_village_intro; actions=CONV:WIND_VILLAGE_INTRO -> ALLY(value=106) -> FLAG(key=eliseJoinedAtWindVillage) -> STEP(value=3) -> SUB(value=1) -> LOG(value=エリーゼが同行した。禁忌の森へ向かおう。); 風の集落カザリア FMAP000009-00 / エリーゼに話す / storyStep>=3; storyStep<=3; subMin=:0; subMax=:0; 風の集落カザリア FMAP000009-00,現行参照,story.js:833,,
229,第3段階 風の集落・禁忌の森・風の神殿,メイン・イベント,風の集落カザリア FMAP000009-00,WIND_VILLAGE_INTRO,エリーゼ,"……はい、この集落には幼い子供がたくさんいて、
最年長の私があてもなく動くわけにもいかず…",106,4/11,wind_village_intro,event=wind_village_intro; actions=CONV:WIND_VILLAGE_INTRO -> ALLY(value=106) -> FLAG(key=eliseJoinedAtWindVillage) -> STEP(value=3) -> SUB(value=1) -> LOG(value=エリーゼが同行した。禁忌の森へ向かおう。); 風の集落カザリア FMAP000009-00 / エリーゼに話す / storyStep>=3; storyStep<=3; subMin=:0; subMax=:0; 風の集落カザリア FMAP000009-00,現行参照,story.js:833,,
230,第3段階 風の集落・禁忌の森・風の神殿,メイン・イベント,風の集落カザリア FMAP000009-00,WIND_VILLAGE_INTRO,子ども,"あのね、夜にね、変な風が吹いてたんだ。
朝起きたら、お父さんもお母さんも、森に行かなきゃって…僕のこと、見えてないみたいだった。",,5/11,wind_village_intro,event=wind_village_intro; actions=CONV:WIND_VILLAGE_INTRO -> ALLY(value=106) -> FLAG(key=eliseJoinedAtWindVillage) -> STEP(value=3) -> SUB(value=1) -> LOG(value=エリーゼが同行した。禁忌の森へ向かおう。); 風の集落カザリア FMAP000009-00 / エリーゼに話す / storyStep>=3; storyStep<=3; subMin=:0; subMax=:0; 風の集落カザリア FMAP000009-00,現行参照,story.js:833,,
231,第3段階 風の集落・禁忌の森・風の神殿,メイン・イベント,風の集落カザリア FMAP000009-00,WIND_VILLAGE_INTRO,エリーゼ,"西の森は、昔は聖域と呼ばれていました。
でも、プリズム崩壊の日から魔物があふれて、封じるしかなくなったのです。",106,6/11,wind_village_intro,event=wind_village_intro; actions=CONV:WIND_VILLAGE_INTRO -> ALLY(value=106) -> FLAG(key=eliseJoinedAtWindVillage) -> STEP(value=3) -> SUB(value=1) -> LOG(value=エリーゼが同行した。禁忌の森へ向かおう。); 風の集落カザリア FMAP000009-00 / エリーゼに話す / storyStep>=3; storyStep<=3; subMin=:0; subMax=:0; 風の集落カザリア FMAP000009-00,現行参照,story.js:833,,
232,第3段階 風の集落・禁忌の森・風の神殿,メイン・イベント,風の集落カザリア FMAP000009-00,WIND_VILLAGE_INTRO,サラ,プリズム…もしかして、森の奥には風のプリズムが祀られているのでは？だとしたら、王国軍がまた…,110,7/11,wind_village_intro,event=wind_village_intro; actions=CONV:WIND_VILLAGE_INTRO -> ALLY(value=106) -> FLAG(key=eliseJoinedAtWindVillage) -> STEP(value=3) -> SUB(value=1) -> LOG(value=エリーゼが同行した。禁忌の森へ向かおう。); 風の集落カザリア FMAP000009-00 / エリーゼに話す / storyStep>=3; storyStep<=3; subMin=:0; subMax=:0; 風の集落カザリア FMAP000009-00,現行参照,story.js:833,,
233,第3段階 風の集落・禁忌の森・風の神殿,メイン・イベント,風の集落カザリア FMAP000009-00,WIND_VILLAGE_INTRO,エリーゼ,"風のプリズム…？
あ、聞いたことがあります。
森の奥に、風の神殿があるとか。",106,8/11,wind_village_intro,event=wind_village_intro; actions=CONV:WIND_VILLAGE_INTRO -> ALLY(value=106) -> FLAG(key=eliseJoinedAtWindVillage) -> STEP(value=3) -> SUB(value=1) -> LOG(value=エリーゼが同行した。禁忌の森へ向かおう。); 風の集落カザリア FMAP000009-00 / エリーゼに話す / storyStep>=3; storyStep<=3; subMin=:0; subMax=:0; 風の集落カザリア FMAP000009-00,現行参照,story.js:833,,
234,第3段階 風の集落・禁忌の森・風の神殿,メイン・イベント,風の集落カザリア FMAP000009-00,WIND_VILLAGE_INTRO,エリーゼ,"…森へ行ってくれるんですか？
それなら、案内が必要です。私を連れて行ってください！可能性があるなら、私も助けに行きたい！！",106,9/11,wind_village_intro,event=wind_village_intro; actions=CONV:WIND_VILLAGE_INTRO -> ALLY(value=106) -> FLAG(key=eliseJoinedAtWindVillage) -> STEP(value=3) -> SUB(value=1) -> LOG(value=エリーゼが同行した。禁忌の森へ向かおう。); 風の集落カザリア FMAP000009-00 / エリーゼに話す / storyStep>=3; storyStep<=3; subMin=:0; subMax=:0; 風の集落カザリア FMAP000009-00,現行参照,story.js:833,,
235,第3段階 風の集落・禁忌の森・風の神殿,メイン・イベント,風の集落カザリア FMAP000009-00,WIND_VILLAGE_INTRO,シャオ,"案内は助かる。ありがとう。
是非よろしく頼む。",105,10/11,wind_village_intro,event=wind_village_intro; actions=CONV:WIND_VILLAGE_INTRO -> ALLY(value=106) -> FLAG(key=eliseJoinedAtWindVillage) -> STEP(value=3) -> SUB(value=1) -> LOG(value=エリーゼが同行した。禁忌の森へ向かおう。); 風の集落カザリア FMAP000009-00 / エリーゼに話す / storyStep>=3; storyStep<=3; subMin=:0; subMax=:0; 風の集落カザリア FMAP000009-00,現行参照,story.js:833,,
236,第3段階 風の集落・禁忌の森・風の神殿,メイン・イベント,風の集落カザリア FMAP000009-00,WIND_VILLAGE_INTRO,システム,[N:106]が同行することになった！,,11/11,wind_village_intro,event=wind_village_intro; actions=CONV:WIND_VILLAGE_INTRO -> ALLY(value=106) -> FLAG(key=eliseJoinedAtWindVillage) -> STEP(value=3) -> SUB(value=1) -> LOG(value=エリーゼが同行した。禁忌の森へ向かおう。); 風の集落カザリア FMAP000009-00 / エリーゼに話す / storyStep>=3; storyStep<=3; subMin=:0; subMax=:0; 風の集落カザリア FMAP000009-00,現行参照,story.js:833,,
237,第3段階 風の集落・禁忌の森・風の神殿,村人・町会話,風の集落カザリア FMAP000009-00,TOWN_WIND_VILLAGER_1_BEFORE,見張り,"枝が揺れてるのに、
頬には何も当たらない。",1002,1/2,town_wind_villager_1_before,event=town_wind_villager_1_before; actions=CONV:TOWN_WIND_VILLAGER_1_BEFORE; 風の集落カザリア FMAP000009-00 / 見張りと話す / default=:True; 風の集落カザリア FMAP000009-00,現行参照,story.js:899,,
238,第3段階 風の集落・禁忌の森・風の神殿,村人・町会話,風の集落カザリア FMAP000009-00,TOWN_WIND_VILLAGER_1_BEFORE,見張り,"あれは風じゃない。
森の中を、何かが歩いてる。",1002,2/2,town_wind_villager_1_before,event=town_wind_villager_1_before; actions=CONV:TOWN_WIND_VILLAGER_1_BEFORE; 風の集落カザリア FMAP000009-00 / 見張りと話す / default=:True; 風の集落カザリア FMAP000009-00,現行参照,story.js:899,,
239,第3段階 風の集落・禁忌の森・風の神殿,村人・町会話,風の集落カザリア FMAP000009-00,TOWN_WIND_VILLAGER_2,集落の子,"泣いた子から寝かせてるんだ。
大人がいないとさ、こんなに大変なんだね。",1003,1/2,town_wind_villager_2,event=town_wind_villager_2; actions=CONV:TOWN_WIND_VILLAGER_2; 風の集落カザリア FMAP000009-00 / 集落の子と話す / default=:True; 風の集落カザリア FMAP000009-00,現行参照,story.js:911,,
240,第3段階 風の集落・禁忌の森・風の神殿,村人・町会話,風の集落カザリア FMAP000009-00,TOWN_WIND_VILLAGER_2,集落の子,"ご飯を作るのも一苦労でさ…
……はやくお母さんに会いたいな。",1003,2/2,town_wind_villager_2,event=town_wind_villager_2; actions=CONV:TOWN_WIND_VILLAGER_2; 風の集落カザリア FMAP000009-00 / 集落の子と話す / default=:True; 風の集落カザリア FMAP000009-00,現行参照,story.js:911,,
241,第3段階 風の集落・禁忌の森・風の神殿,村人・町会話,風の集落カザリア FMAP000009-00,TOWN_WIND_VILLAGER_3,風織り職人,"いい布は、風を閉じ込めない。
通り道だけ覚えさせるんだ。",1003,1/3,town_wind_villager_3,event=town_wind_villager_3; actions=CONV:TOWN_WIND_VILLAGER_3; 風の集落カザリア FMAP000009-00 / 風織り職人と話す / default=:True; 風の集落カザリア FMAP000009-00,現行参照,story.js:923,,
242,第3段階 風の集落・禁忌の森・風の神殿,村人・町会話,風の集落カザリア FMAP000009-00,TOWN_WIND_VILLAGER_3,風織り職人,"今の森風は糸を噛む。
織りかけの布が、誰かの袖を掴むみたいに重い。",1003,2/3,town_wind_villager_3,event=town_wind_villager_3; actions=CONV:TOWN_WIND_VILLAGER_3; 風の集落カザリア FMAP000009-00 / 風織り職人と話す / default=:True; 風の集落カザリア FMAP000009-00,現行参照,story.js:923,,
243,第3段階 風の集落・禁忌の森・風の神殿,村人・町会話,風の集落カザリア FMAP000009-00,TOWN_WIND_VILLAGER_3,風織り職人,"風ってのは、急かすだけじゃない。
迷った背中を、少しだけ押してくれるものさ。",1003,3/3,town_wind_villager_3,event=town_wind_villager_3; actions=CONV:TOWN_WIND_VILLAGER_3; 風の集落カザリア FMAP000009-00 / 風織り職人と話す / default=:True; 風の集落カザリア FMAP000009-00,現行参照,story.js:923,,
244,第3段階 風の集落・禁忌の森・風の神殿,メイン・イベント,風の集落カザリア FMAP000009-00,WIND_VILLAGE_ELISE_DURING,エリーゼ,禁忌の森は西です。大人たちは、森に呼ばれるように消えました。急ぎましょう。,106,1/1,wind_village_elise_during,event=wind_village_elise_during; actions=CONV:WIND_VILLAGE_ELISE_DURING; 風の集落カザリア FMAP000009-00 / エリーゼに話す / storyStep>=3; storyStep<=3; subMin=:1; subMax=:2; 風の集落カザリア FMAP000009-00,現行参照,story.js:940,,
245,第3段階 風の集落・禁忌の森・風の神殿,メイン・イベント,風の集落カザリア FMAP000009-00,WIND_FOREST_ENTRY,エリーゼ,ここから先が禁忌の森です。風が、誰かの泣き声みたいに渦を巻いている。,106,1/3,wind_forest_entry,event=wind_forest_entry; actions=CONV:WIND_FOREST_ENTRY -> FLAG(key=windForestEntryIntroduced) -> START_FIXED_DUNGEON; 風の集落カザリア FMAP000009-00 / 禁忌の森へ入る / storyStep>=3; storyStep<=3; subMin=:1; subMax=:1; 未フラグ:windForestEntryIntroduced; 風の集落カザリア FMAP000009-00; 風の集落カザリア FMAP000009-00 / 禁忌の森へ入る / storyStep>=3; storyStep<=3; subMin=:1; subMax=:1; 未フラグ:windForestEntryIntroduced; 風の集落カザリア FMAP000009-00; 風の集落カザリア FMAP000009-00 / 禁忌の森へ入る / storyStep>=3; storyStep<=3; subMin=:1; subMax=:1; 未フラグ:windForestEntryIntroduced; 風の集落カザリア FMAP000009-00,現行参照,story.js:947,,
246,第3段階 風の集落・禁忌の森・風の神殿,メイン・イベント,風の集落カザリア FMAP000009-00,WIND_FOREST_ENTRY,サラ,"火の里と同じなら、待っているほど傷が増えます。
行きましょう。",110,2/3,wind_forest_entry,event=wind_forest_entry; actions=CONV:WIND_FOREST_ENTRY -> FLAG(key=windForestEntryIntroduced) -> START_FIXED_DUNGEON; 風の集落カザリア FMAP000009-00 / 禁忌の森へ入る / storyStep>=3; storyStep<=3; subMin=:1; subMax=:1; 未フラグ:windForestEntryIntroduced; 風の集落カザリア FMAP000009-00; 風の集落カザリア FMAP000009-00 / 禁忌の森へ入る / storyStep>=3; storyStep<=3; subMin=:1; subMax=:1; 未フラグ:windForestEntryIntroduced; 風の集落カザリア FMAP000009-00; 風の集落カザリア FMAP000009-00 / 禁忌の森へ入る / storyStep>=3; storyStep<=3; subMin=:1; subMax=:1; 未フラグ:windForestEntryIntroduced; 風の集落カザリア FMAP000009-00,現行参照,story.js:947,,
247,第3段階 風の集落・禁忌の森・風の神殿,メイン・イベント,風の集落カザリア FMAP000009-00,WIND_FOREST_ENTRY,エリーゼ,この森は東から入ると道が大きく曲がります。北西の奥へ抜ければ、祈りの広場へ続くはずです。,106,3/3,wind_forest_entry,event=wind_forest_entry; actions=CONV:WIND_FOREST_ENTRY -> FLAG(key=windForestEntryIntroduced) -> START_FIXED_DUNGEON; 風の集落カザリア FMAP000009-00 / 禁忌の森へ入る / storyStep>=3; storyStep<=3; subMin=:1; subMax=:1; 未フラグ:windForestEntryIntroduced; 風の集落カザリア FMAP000009-00; 風の集落カザリア FMAP000009-00 / 禁忌の森へ入る / storyStep>=3; storyStep<=3; subMin=:1; subMax=:1; 未フラグ:windForestEntryIntroduced; 風の集落カザリア FMAP000009-00; 風の集落カザリア FMAP000009-00 / 禁忌の森へ入る / storyStep>=3; storyStep<=3; subMin=:1; subMax=:1; 未フラグ:windForestEntryIntroduced; 風の集落カザリア FMAP000009-00,現行参照,story.js:947,,
248,第3段階 風の集落・禁忌の森・風の神殿,メイン・イベント,,WIND_FOREST_GUARDIANS_ENCOUNTER,システム,祈りの広場の石碑に触れると、風が一瞬だけ止まった。,,1/4,wind_forest_guardians_encounter,"event=wind_forest_guardians_encounter; actions=CONV:WIND_FOREST_GUARDIANS_ENCOUNTER -> BOSS(value=[301011, 301012])",現行参照,story.js:964,,
249,第3段階 風の集落・禁忌の森・風の神殿,メイン・イベント,,WIND_FOREST_GUARDIANS_ENCOUNTER,エリーゼ,……静かすぎる。森が息を潜めています。,106,2/4,wind_forest_guardians_encounter,"event=wind_forest_guardians_encounter; actions=CONV:WIND_FOREST_GUARDIANS_ENCOUNTER -> BOSS(value=[301011, 301012])",現行参照,story.js:964,,
250,第3段階 風の集落・禁忌の森・風の神殿,メイン・イベント,,WIND_FOREST_GUARDIANS_ENCOUNTER,システム,黒い風が渦を巻き、シルフウルフとヒールフェアリーの瞳が暗く染まる。,,3/4,wind_forest_guardians_encounter,"event=wind_forest_guardians_encounter; actions=CONV:WIND_FOREST_GUARDIANS_ENCOUNTER -> BOSS(value=[301011, 301012])",現行参照,story.js:964,,
251,第3段階 風の集落・禁忌の森・風の神殿,メイン・イベント,,WIND_FOREST_GUARDIANS_ENCOUNTER,シルフウルフ,近づくな……守らねば……この森を、誰にも渡してはならぬ……！,,4/4,wind_forest_guardians_encounter,"event=wind_forest_guardians_encounter; actions=CONV:WIND_FOREST_GUARDIANS_ENCOUNTER -> BOSS(value=[301011, 301012])",現行参照,story.js:964,,
252,第3段階 風の集落・禁忌の森・風の神殿,メイン・イベント,,WIND_FOREST_GUARDIANS_CLEAR,システム,"狼と妖精の体から、黒い風がほどけて消えていく。
辺りには、かすかな若草の匂いが戻ってきた。",,1/7,wind_forest_guardians_clear,event=wind_forest_guardians_clear; actions=CONV:WIND_FOREST_GUARDIANS_CLEAR -> HEAL -> FLAG(key=windForestCleansed) -> STEP(value=3) -> SUB(value=2) -> LOG(value=森の守護者が金の鍵を託した。森の奥にある風の神殿の石門へ向かおう。),現行参照,story.js:983,,
253,第3段階 風の集落・禁忌の森・風の神殿,メイン・イベント,,WIND_FOREST_GUARDIANS_CLEAR,風の神獣,守っていたはずの芽を、枝を、我らの爪が切り裂いた。その音だけが、耳の奥に残っている。,,2/7,wind_forest_guardians_clear,event=wind_forest_guardians_clear; actions=CONV:WIND_FOREST_GUARDIANS_CLEAR -> HEAL -> FLAG(key=windForestCleansed) -> STEP(value=3) -> SUB(value=2) -> LOG(value=森の守護者が金の鍵を託した。森の奥にある風の神殿の石門へ向かおう。),現行参照,story.js:983,,
254,第3段階 風の集落・禁忌の森・風の神殿,メイン・イベント,,WIND_FOREST_GUARDIANS_CLEAR,風の精霊,集落の人間たちは、嫌な匂いの人間に導かれるようにさらに奥、神殿へ連れていかれました。,,3/7,wind_forest_guardians_clear,event=wind_forest_guardians_clear; actions=CONV:WIND_FOREST_GUARDIANS_CLEAR -> HEAL -> FLAG(key=windForestCleansed) -> STEP(value=3) -> SUB(value=2) -> LOG(value=森の守護者が金の鍵を託した。森の奥にある風の神殿の石門へ向かおう。),現行参照,story.js:983,,
255,第3段階 風の集落・禁忌の森・風の神殿,メイン・イベント,,WIND_FOREST_GUARDIANS_CLEAR,風の精霊,風が止まったのはその後。私たちの記憶も、そこから途絶えています。お願い、まだ間に合うはず。,,4/7,wind_forest_guardians_clear,event=wind_forest_guardians_clear; actions=CONV:WIND_FOREST_GUARDIANS_CLEAR -> HEAL -> FLAG(key=windForestCleansed) -> STEP(value=3) -> SUB(value=2) -> LOG(value=森の守護者が金の鍵を託した。森の奥にある風の神殿の石門へ向かおう。),現行参照,story.js:983,,
256,第3段階 風の集落・禁忌の森・風の神殿,メイン・イベント,,WIND_FOREST_GUARDIANS_CLEAR,エリーゼ,"みんなを助けます。風のプリズムも、必ず。
だから、待っていてください。",106,5/7,wind_forest_guardians_clear,event=wind_forest_guardians_clear; actions=CONV:WIND_FOREST_GUARDIANS_CLEAR -> HEAL -> FLAG(key=windForestCleansed) -> STEP(value=3) -> SUB(value=2) -> LOG(value=森の守護者が金の鍵を託した。森の奥にある風の神殿の石門へ向かおう。),現行参照,story.js:983,,
257,第3段階 風の集落・禁忌の森・風の神殿,メイン・イベント,,WIND_FOREST_GUARDIANS_CLEAR,風の精霊,"ありがとう、風の踊り子さん。
強くて勇敢な皆さんに風の癒しを…",,6/7,wind_forest_guardians_clear,event=wind_forest_guardians_clear; actions=CONV:WIND_FOREST_GUARDIANS_CLEAR -> HEAL -> FLAG(key=windForestCleansed) -> STEP(value=3) -> SUB(value=2) -> LOG(value=森の守護者が金の鍵を託した。森の奥にある風の神殿の石門へ向かおう。),現行参照,story.js:983,,
258,第3段階 風の集落・禁忌の森・風の神殿,メイン・イベント,,WIND_FOREST_GUARDIANS_CLEAR,システム,風の精霊が仲間たちのHPとMPを全回復した。,,7/7,wind_forest_guardians_clear,event=wind_forest_guardians_clear; actions=CONV:WIND_FOREST_GUARDIANS_CLEAR -> HEAL -> FLAG(key=windForestCleansed) -> STEP(value=3) -> SUB(value=2) -> LOG(value=森の守護者が金の鍵を託した。森の奥にある風の神殿の石門へ向かおう。),現行参照,story.js:983,,
259,第3段階 風の集落・禁忌の森・風の神殿,メイン・イベント,禁忌の森 F2,WIND_FOREST_GUARDIANS_AFTER,風の精霊,"風は、まだあなたたちの背を覚えています。
傷ついた時は、ここで羽を休めてください。",,1/2,wind_forest_guardians_after,event=wind_forest_guardians_after; actions=CONV:WIND_FOREST_GUARDIANS_AFTER -> HEAL; 禁忌の森 F2 / 石碑に祈る,現行参照,story.js:1014,,
260,第3段階 風の集落・禁忌の森・風の神殿,メイン・イベント,禁忌の森 F2,WIND_FOREST_GUARDIANS_AFTER,システム,風の精霊の加護が満ち、仲間たちのHPとMPが全回復した。,,2/2,wind_forest_guardians_after,event=wind_forest_guardians_after; actions=CONV:WIND_FOREST_GUARDIANS_AFTER -> HEAL; 禁忌の森 F2 / 石碑に祈る,現行参照,story.js:1014,,
261,第3段階 風の集落・禁忌の森・風の神殿,村人・町会話,風の集落カザリア FMAP000009-00,TOWN_WIND_VILLAGER_3_AFTER,集落の子,"…ありがとう。みんな帰ってきた。
風の気持ちよさも、失ってやっと分かったよ。",1003,1/3,town_wind_villager_3_after,event=town_wind_villager_3_after; actions=IF_FLAG; 風の集落カザリア FMAP000009-00 / 風織り職人と話す / 要フラグ:windVillageCleared; 風の集落カザリア FMAP000009-00,現行参照,story.js:1024,,
262,第3段階 風の集落・禁忌の森・風の神殿,村人・町会話,風の集落カザリア FMAP000009-00,TOWN_WIND_VILLAGER_3_AFTER,集落の子,"これ、職人のお父さんから皆へ。お礼だって。
錬金ってのができたら、凄い防具になるかもって。",1003,2/3,town_wind_villager_3_after,event=town_wind_villager_3_after; actions=IF_FLAG; 風の集落カザリア FMAP000009-00 / 風織り職人と話す / 要フラグ:windVillageCleared; 風の集落カザリア FMAP000009-00,現行参照,story.js:1024,,
263,第3段階 風の集落・禁忌の森・風の神殿,村人・町会話,風の集落カザリア FMAP000009-00,TOWN_WIND_VILLAGER_3_AFTER,システム,「始祖鳥の羽」を2個手に入れた！,,3/3,town_wind_villager_3_after,event=town_wind_villager_3_after; actions=IF_FLAG; 風の集落カザリア FMAP000009-00 / 風織り職人と話す / 要フラグ:windVillageCleared; 風の集落カザリア FMAP000009-00,現行参照,story.js:1024,,
264,第3段階 風の集落・禁忌の森・風の神殿,村人・町会話,風の集落カザリア FMAP000009-00,TOWN_WIND_VILLAGER_3_AFTER_GIFT,集落の子,"父さん、また布を織り始めたんだ。
今度は旅人の背中を守れる布にするって。",1003,1/1,town_wind_villager_3_after,event=town_wind_villager_3_after; actions=IF_FLAG; 風の集落カザリア FMAP000009-00 / 風織り職人と話す / 要フラグ:windVillageCleared; 風の集落カザリア FMAP000009-00,現行参照,story.js:1040,,
265,第3段階 風の集落・禁忌の森・風の神殿,メイン・イベント,,WIND_TEMPLE_ELICIA_ENCOUNTER,システム,風の祭壇。弱まった風のプリズムの周囲で、うつろな瞳の大人たちが祈りを続けている。,,1/6,wind_temple_elicia_encounter,event=wind_temple_elicia_encounter; actions=CONV:WIND_TEMPLE_ELICIA_ENCOUNTER -> BOSS(value=301020),現行参照,story.js:1047,,
266,第3段階 風の集落・禁忌の森・風の神殿,メイン・イベント,,WIND_TEMPLE_ELICIA_ENCOUNTER,？？？？,"ふふ、ようやく来たのね。
風の嘆きに導かれた、小さな反抗者たち。",,2/6,wind_temple_elicia_encounter,event=wind_temple_elicia_encounter; actions=CONV:WIND_TEMPLE_ELICIA_ENCOUNTER -> BOSS(value=301020),現行参照,story.js:1047,,
267,第3段階 風の集落・禁忌の森・風の神殿,メイン・イベント,,WIND_TEMPLE_ELICIA_ENCOUNTER,？？？？,グラドを倒したと聞いて気になっていたけど、なんだ、本当にただの子供じゃない。,,3/6,wind_temple_elicia_encounter,event=wind_temple_elicia_encounter; actions=CONV:WIND_TEMPLE_ELICIA_ENCOUNTER -> BOSS(value=301020),現行参照,story.js:1047,,
268,第3段階 風の集落・禁忌の森・風の神殿,メイン・イベント,,WIND_TEMPLE_ELICIA_ENCOUNTER,エリーゼ,"みんなを解放して。
風は、誰かを縛るためのものじゃない！",106,4/6,wind_temple_elicia_encounter,event=wind_temple_elicia_encounter; actions=CONV:WIND_TEMPLE_ELICIA_ENCOUNTER -> BOSS(value=301020),現行参照,story.js:1047,,
269,第3段階 風の集落・禁忌の森・風の神殿,メイン・イベント,,WIND_TEMPLE_ELICIA_ENCOUNTER,？？？？,風とは、国の未来を運ぶもの。あなたたち個人の感傷で、儀式を止めさせはしないわ。,,5/6,wind_temple_elicia_encounter,event=wind_temple_elicia_encounter; actions=CONV:WIND_TEMPLE_ELICIA_ENCOUNTER -> BOSS(value=301020),現行参照,story.js:1047,,
270,第3段階 風の集落・禁忌の森・風の神殿,メイン・イベント,,WIND_TEMPLE_ELICIA_ENCOUNTER,風楔のエリシア,"私は王国四傑、風楔のエリシア。
この風で、その命の灯ごと吹き消しましょう。",,6/6,wind_temple_elicia_encounter,event=wind_temple_elicia_encounter; actions=CONV:WIND_TEMPLE_ELICIA_ENCOUNTER -> BOSS(value=301020),現行参照,story.js:1047,,
271,第3段階 風の集落・禁忌の森・風の神殿,メイン・イベント,,WIND_TEMPLE_CLEAR,システム,風のプリズムに輝きが戻り、うつろだった大人たちの瞳に光が差す。,,1/11,wind_temple_clear,event=wind_temple_clear; actions=CONV:WIND_TEMPLE_CLEAR -> ALLY(value=106) -> FLAG(key=windVillageCleared) -> STEP(value=4) -> SUB(value=0) -> LOG(value=風のプリズムに聖なる風が戻った。西の水上都市へ向かおう。),現行参照,story.js:1074,,
272,第3段階 風の集落・禁忌の森・風の神殿,メイン・イベント,,WIND_TEMPLE_CLEAR,風楔のエリシア,……風向きが変わっちゃったわね。か細い、けれど暖かく包み込む。それがあなた達の乗った風。,,2/11,wind_temple_clear,event=wind_temple_clear; actions=CONV:WIND_TEMPLE_CLEAR -> ALLY(value=106) -> FLAG(key=windVillageCleared) -> STEP(value=4) -> SUB(value=0) -> LOG(value=風のプリズムに聖なる風が戻った。西の水上都市へ向かおう。),現行参照,story.js:1074,,
273,第3段階 風の集落・禁忌の森・風の神殿,メイン・イベント,,WIND_TEMPLE_CLEAR,風楔のエリシア,"でも残念、儀式はこれじゃ止まらない。
風の加護は十分この手に。",,3/11,wind_temple_clear,event=wind_temple_clear; actions=CONV:WIND_TEMPLE_CLEAR -> ALLY(value=106) -> FLAG(key=windVillageCleared) -> STEP(value=4) -> SUB(value=0) -> LOG(value=風のプリズムに聖なる風が戻った。西の水上都市へ向かおう。),現行参照,story.js:1074,,
274,第3段階 風の集落・禁忌の森・風の神殿,メイン・イベント,,WIND_TEMPLE_CLEAR,風楔のエリシア,"また会う時を、楽しみにしているわ。
その風が止まなければ、ね。",,4/11,wind_temple_clear,event=wind_temple_clear; actions=CONV:WIND_TEMPLE_CLEAR -> ALLY(value=106) -> FLAG(key=windVillageCleared) -> STEP(value=4) -> SUB(value=0) -> LOG(value=風のプリズムに聖なる風が戻った。西の水上都市へ向かおう。),現行参照,story.js:1074,,
275,第3段階 風の集落・禁忌の森・風の神殿,メイン・イベント,,WIND_TEMPLE_CLEAR,システム,エリシアは黒い風に身を包み、神殿の天井へ溶けるように消えていった。,,5/11,wind_temple_clear,event=wind_temple_clear; actions=CONV:WIND_TEMPLE_CLEAR -> ALLY(value=106) -> FLAG(key=windVillageCleared) -> STEP(value=4) -> SUB(value=0) -> LOG(value=風のプリズムに聖なる風が戻った。西の水上都市へ向かおう。),現行参照,story.js:1074,,
276,第3段階 風の集落・禁忌の森・風の神殿,メイン・イベント,,WIND_TEMPLE_CLEAR,集落の長,おお、[N:106]。それに、旅の方々。わしらを、風のプリズムを救ってくれたこと、感謝いたします。,,6/11,wind_temple_clear,event=wind_temple_clear; actions=CONV:WIND_TEMPLE_CLEAR -> ALLY(value=106) -> FLAG(key=windVillageCleared) -> STEP(value=4) -> SUB(value=0) -> LOG(value=風のプリズムに聖なる風が戻った。西の水上都市へ向かおう。),現行参照,story.js:1074,,
277,第3段階 風の集落・禁忌の森・風の神殿,メイン・イベント,,WIND_TEMPLE_CLEAR,集落の長,虚ろな中、声だけは聞こえておりました。王国四傑がここまで動くなど、ただ事ではありません。,,7/11,wind_temple_clear,event=wind_temple_clear; actions=CONV:WIND_TEMPLE_CLEAR -> ALLY(value=106) -> FLAG(key=windVillageCleared) -> STEP(value=4) -> SUB(value=0) -> LOG(value=風のプリズムに聖なる風が戻った。西の水上都市へ向かおう。),現行参照,story.js:1074,,
278,第3段階 風の集落・禁忌の森・風の神殿,メイン・イベント,,WIND_TEMPLE_CLEAR,集落の長,…今すぐ王国へ問いただしたいが、プリズム崩壊の日、地は割れ、王国への道は途絶えました。,,8/11,wind_temple_clear,event=wind_temple_clear; actions=CONV:WIND_TEMPLE_CLEAR -> ALLY(value=106) -> FLAG(key=windVillageCleared) -> STEP(value=4) -> SUB(value=0) -> LOG(value=風のプリズムに聖なる風が戻った。西の水上都市へ向かおう。),現行参照,story.js:1074,,
279,第3段階 風の集落・禁忌の森・風の神殿,メイン・イベント,,WIND_TEMPLE_CLEAR,集落の長,西の水上都市…水路と港の街なら、王国とまだ交易があるやもしれません。手掛かりはそこに…,,9/11,wind_temple_clear,event=wind_temple_clear; actions=CONV:WIND_TEMPLE_CLEAR -> ALLY(value=106) -> FLAG(key=windVillageCleared) -> STEP(value=4) -> SUB(value=0) -> LOG(value=風のプリズムに聖なる風が戻った。西の水上都市へ向かおう。),現行参照,story.js:1074,,
280,第3段階 風の集落・禁忌の森・風の神殿,メイン・イベント,,WIND_TEMPLE_CLEAR,エリーゼ,"待っているだけでは、また誰かが犠牲になる。
私も行きます。この風で、あなた達の背中を支えさせてください！",106,10/11,wind_temple_clear,event=wind_temple_clear; actions=CONV:WIND_TEMPLE_CLEAR -> ALLY(value=106) -> FLAG(key=windVillageCleared) -> STEP(value=4) -> SUB(value=0) -> LOG(value=風のプリズムに聖なる風が戻った。西の水上都市へ向かおう。),現行参照,story.js:1074,,
281,第3段階 風の集落・禁忌の森・風の神殿,メイン・イベント,,WIND_TEMPLE_CLEAR,システム,[N:106]が正式に仲間になった！,,11/11,wind_temple_clear,event=wind_temple_clear; actions=CONV:WIND_TEMPLE_CLEAR -> ALLY(value=106) -> FLAG(key=windVillageCleared) -> STEP(value=4) -> SUB(value=0) -> LOG(value=風のプリズムに聖なる風が戻った。西の水上都市へ向かおう。),現行参照,story.js:1074,,
282,第3段階 風の集落・禁忌の森・風の神殿,メイン・イベント,風の集落カザリア FMAP000009-00,WIND_VILLAGE_AFTER_CLEAR,集落の長,"おお、[N:301]様。
おかげで今日も、澄んだ風が吹いています。",,1/3,wind_village_after_clear,event=wind_village_after_clear; actions=CONV:WIND_VILLAGE_AFTER_CLEAR; 風の集落カザリア FMAP000009-00 / エリーゼに話す / storyStep>=4; storyStep<=99; 風の集落カザリア FMAP000009-00,現行参照,story.js:1122,,
283,第3段階 風の集落・禁忌の森・風の神殿,メイン・イベント,風の集落カザリア FMAP000009-00,WIND_VILLAGE_AFTER_CLEAR,集落の長,森はまだ荒れていますが、少しずつ元の陽だまりも増えているようです。,,2/3,wind_village_after_clear,event=wind_village_after_clear; actions=CONV:WIND_VILLAGE_AFTER_CLEAR; 風の集落カザリア FMAP000009-00 / エリーゼに話す / storyStep>=4; storyStep<=99; 風の集落カザリア FMAP000009-00,現行参照,story.js:1122,,
284,第3段階 風の集落・禁忌の森・風の神殿,メイン・イベント,風の集落カザリア FMAP000009-00,WIND_VILLAGE_AFTER_CLEAR,集落の長,"[N:106]も、無理はせずにな。
…妹も、きっとお前の笑顔を願っているよ。",106,3/3,wind_village_after_clear,event=wind_village_after_clear; actions=CONV:WIND_VILLAGE_AFTER_CLEAR; 風の集落カザリア FMAP000009-00 / エリーゼに話す / storyStep>=4; storyStep<=99; 風の集落カザリア FMAP000009-00,現行参照,story.js:1122,,
285,第3段階 風の集落・禁忌の森・風の神殿,村人・町会話,風の集落カザリア FMAP000009-00,TOWN_WIND_VILLAGER_1,見張りの子,"父ちゃん、戻ってきたんだ！
でも、まだ森を見ると黙っちゃってさ。",1002,1/2,town_wind_villager_1,event=town_wind_villager_1; actions=CONV:TOWN_WIND_VILLAGER_1; 風の集落カザリア FMAP000009-00 / 見張りと話す / 要フラグ:windVillageCleared; 風の集落カザリア FMAP000009-00,現行参照,story.js:1137,,
286,第3段階 風の集落・禁忌の森・風の神殿,村人・町会話,風の集落カザリア FMAP000009-00,TOWN_WIND_VILLAGER_1,見張りの子,"だから、俺が見張りを続けることにしたんだ！
[N:106]姉ちゃんがいない間も、俺がここは守ってるから、安心してくれよな！！",1002,2/2,town_wind_villager_1,event=town_wind_villager_1; actions=CONV:TOWN_WIND_VILLAGER_1; 風の集落カザリア FMAP000009-00 / 見張りと話す / 要フラグ:windVillageCleared; 風の集落カザリア FMAP000009-00,現行参照,story.js:1137,,
287,第3段階 風の集落・禁忌の森・風の神殿,村人・町会話,風の集落カザリア FMAP000009-00,TOWN_WIND_VILLAGER_2_AFTER,集落の子,"母さん、戻ってきた。
でも、まだ森を見ると黙る。",1003,1/2,town_wind_villager_2_after,event=town_wind_villager_2_after; actions=CONV:TOWN_WIND_VILLAGER_2_AFTER; 風の集落カザリア FMAP000009-00 / 集落の子と話す / 要フラグ:windVillageCleared; 風の集落カザリア FMAP000009-00,現行参照,story.js:1149,,
288,第3段階 風の集落・禁忌の森・風の神殿,村人・町会話,風の集落カザリア FMAP000009-00,TOWN_WIND_VILLAGER_2_AFTER,集落の子,"今日は鍋を持たなくていい。
それだけで、ちょっと眠い。",1003,2/2,town_wind_villager_2_after,event=town_wind_villager_2_after; actions=CONV:TOWN_WIND_VILLAGER_2_AFTER; 風の集落カザリア FMAP000009-00 / 集落の子と話す / 要フラグ:windVillageCleared; 風の集落カザリア FMAP000009-00,現行参照,story.js:1149,,
289,第3段階 風の集落・禁忌の森・風の神殿,村人・町会話,風の集落カザリア FMAP000009-00,TOWN_WIND_SAINT_RUMOR,見張り,"王都には、奇跡を起こす聖女様がいるらしい。
水上都市から来た商人が、そう話してたよ。",,1/2,town_wind_saint_rumor,event=town_wind_saint_rumor; actions=CONV:TOWN_WIND_SAINT_RUMOR; 風の集落カザリア FMAP000009-00 / 見張りと話す / 要フラグ:waterCityRiotSuppressed; 未フラグ:lunaSurvivalRevealed; 風の集落カザリア FMAP000009-00,現行参照,story.js:1749,,
290,第3段階 風の集落・禁忌の森・風の神殿,村人・町会話,風の集落カザリア FMAP000009-00,TOWN_WIND_SAINT_RUMOR,見張り,どこまで本当かは知らないけどね。今は、明るい噂が一つあるだけでもありがたいさ。,,2/2,town_wind_saint_rumor,event=town_wind_saint_rumor; actions=CONV:TOWN_WIND_SAINT_RUMOR; 風の集落カザリア FMAP000009-00 / 見張りと話す / 要フラグ:waterCityRiotSuppressed; 未フラグ:lunaSurvivalRevealed; 風の集落カザリア FMAP000009-00,現行参照,story.js:1749,,
291,第3段階 風の集落・禁忌の森・風の神殿,クエスト,禁忌の森の双影 [arisa_haine_forest_depths],QUEST_ARISA_HAINE_START,風の集落の村人,"アリサは昨日の朝、神殿への古い道を聞きに来た。
『風が鳴ってる。ちょっと祈ってくるだけ』ってな。",,1/3,quest_arisa_haine_start / main_arisa_haine_start,event=quest_arisa_haine_start; actions=CONV:QUEST_ARISA_HAINE_START || event=main_arisa_haine_start; actions=CONV:QUEST_ARISA_HAINE_START -> QUEST_ACCEPT -> FLAG(key=arisaHaineMainStoryStarted) -> SUB(value=7) -> LOG(value=禁忌の森深部へ向かい、アリサとハイネを救出しよう。); 風の集落カザリア FMAP000009-00 / 村人から二人の消息を聞く,現行参照,story.js:1970,,
292,第3段階 風の集落・禁忌の森・風の神殿,クエスト,禁忌の森の双影 [arisa_haine_forest_depths],QUEST_ARISA_HAINE_START,風の集落の村人,"昼を過ぎても戻らなくて、ハイネ殿が一人で追った。
森の入口で止めたんだが……『迎えに行くだけだ』って。",,2/3,quest_arisa_haine_start / main_arisa_haine_start,event=quest_arisa_haine_start; actions=CONV:QUEST_ARISA_HAINE_START || event=main_arisa_haine_start; actions=CONV:QUEST_ARISA_HAINE_START -> QUEST_ACCEPT -> FLAG(key=arisaHaineMainStoryStarted) -> SUB(value=7) -> LOG(value=禁忌の森深部へ向かい、アリサとハイネを救出しよう。); 風の集落カザリア FMAP000009-00 / 村人から二人の消息を聞く,現行参照,story.js:1970,,
293,第3段階 風の集落・禁忌の森・風の神殿,クエスト,禁忌の森の双影 [arisa_haine_forest_depths],QUEST_ARISA_HAINE_START,エリーゼ,"神殿の風は、前よりずっと穏やかなはずです。
それなのに、今日は奥から細い音が混じってる。……急ぎましょう。",106,3/3,quest_arisa_haine_start / main_arisa_haine_start,event=quest_arisa_haine_start; actions=CONV:QUEST_ARISA_HAINE_START || event=main_arisa_haine_start; actions=CONV:QUEST_ARISA_HAINE_START -> QUEST_ACCEPT -> FLAG(key=arisaHaineMainStoryStarted) -> SUB(value=7) -> LOG(value=禁忌の森深部へ向かい、アリサとハイネを救出しよう。); 風の集落カザリア FMAP000009-00 / 村人から二人の消息を聞く,現行参照,story.js:1970,,
294,第3段階 風の集落・禁忌の森・風の神殿,クエスト,,QUEST_ARISA_HAINE_ENCOUNTER,システム,折れた枝の向こうで、刃が根を弾く乾いた音がした。,,1/6,quest_arisa_haine_encounter,"event=quest_arisa_haine_encounter; actions=CONV:QUEST_ARISA_HAINE_ENCOUNTER -> BOSS(value=[303203, 303207])",現行参照,story.js:1985,,
295,第3段階 風の集落・禁忌の森・風の神殿,クエスト,,QUEST_ARISA_HAINE_ENCOUNTER,アリサ,師匠、右！　また根が動く！,108,2/6,quest_arisa_haine_encounter,"event=quest_arisa_haine_encounter; actions=CONV:QUEST_ARISA_HAINE_ENCOUNTER -> BOSS(value=[303203, 303207])",現行参照,story.js:1985,,
296,第3段階 風の集落・禁忌の森・風の神殿,クエスト,,QUEST_ARISA_HAINE_ENCOUNTER,ハイネ,見えている。お前は下がれ。足が止まっている。,207,3/6,quest_arisa_haine_encounter,"event=quest_arisa_haine_encounter; actions=CONV:QUEST_ARISA_HAINE_ENCOUNTER -> BOSS(value=[303203, 303207])",現行参照,story.js:1985,,
297,第3段階 風の集落・禁忌の森・風の神殿,クエスト,,QUEST_ARISA_HAINE_ENCOUNTER,アリサ,止まってない。ちょっと……風が、うるさいだけ。,108,4/6,quest_arisa_haine_encounter,"event=quest_arisa_haine_encounter; actions=CONV:QUEST_ARISA_HAINE_ENCOUNTER -> BOSS(value=[303203, 303207])",現行参照,story.js:1985,,
298,第3段階 風の集落・禁忌の森・風の神殿,クエスト,,QUEST_ARISA_HAINE_ENCOUNTER,システム,黒く膨れた根の向こうで、アリサの足元だけ枯葉が逆向きに舞っている。,,5/6,quest_arisa_haine_encounter,"event=quest_arisa_haine_encounter; actions=CONV:QUEST_ARISA_HAINE_ENCOUNTER -> BOSS(value=[303203, 303207])",現行参照,story.js:1985,,
299,第3段階 風の集落・禁忌の森・風の神殿,クエスト,,QUEST_ARISA_HAINE_ENCOUNTER,ハイネ,[N:301]たちか。助かる。話は後だ。手を貸してくれ。,207,6/6,quest_arisa_haine_encounter,"event=quest_arisa_haine_encounter; actions=CONV:QUEST_ARISA_HAINE_ENCOUNTER -> BOSS(value=[303203, 303207])",現行参照,story.js:1985,,
300,第3段階 風の集落・禁忌の森・風の神殿,クエスト,,QUEST_ARISA_HAINE_CLEAR,エリーゼ,……風が、ほどけていく。,106,1/20,quest_arisa_haine_clear,"event=quest_arisa_haine_clear; actions=CONV:QUEST_ARISA_HAINE_CLEAR -> ITEM(id=701012,count=1) -> QUEST_COMPLETE -> FLAG(key=arisaHaineMainStoryCleared) -> SUB(value=8) -> LOG(value=アリサとハイネが仲間に加わった。水上都市へ戻ろう。)",現行参照,story.js:2015,,
301,第3段階 風の集落・禁忌の森・風の神殿,クエスト,,QUEST_ARISA_HAINE_CLEAR,システム,倒れた古根の奥。土に半ば埋もれた細い笛が、風に触れてかすかな一音を返した。,,2/20,quest_arisa_haine_clear,"event=quest_arisa_haine_clear; actions=CONV:QUEST_ARISA_HAINE_CLEAR -> ITEM(id=701012,count=1) -> QUEST_COMPLETE -> FLAG(key=arisaHaineMainStoryCleared) -> SUB(value=8) -> LOG(value=アリサとハイネが仲間に加わった。水上都市へ戻ろう。)",現行参照,story.js:2015,,
302,第3段階 風の集落・禁忌の森・風の神殿,クエスト,,QUEST_ARISA_HAINE_CLEAR,アリサ,……それ。,108,3/20,quest_arisa_haine_clear,"event=quest_arisa_haine_clear; actions=CONV:QUEST_ARISA_HAINE_CLEAR -> ITEM(id=701012,count=1) -> QUEST_COMPLETE -> FLAG(key=arisaHaineMainStoryCleared) -> SUB(value=8) -> LOG(value=アリサとハイネが仲間に加わった。水上都市へ戻ろう。)",現行参照,story.js:2015,,
303,第3段階 風の集落・禁忌の森・風の神殿,クエスト,,QUEST_ARISA_HAINE_CLEAR,ハイネ,知っているのか。,207,4/20,quest_arisa_haine_clear,"event=quest_arisa_haine_clear; actions=CONV:QUEST_ARISA_HAINE_CLEAR -> ITEM(id=701012,count=1) -> QUEST_COMPLETE -> FLAG(key=arisaHaineMainStoryCleared) -> SUB(value=8) -> LOG(value=アリサとハイネが仲間に加わった。水上都市へ戻ろう。)",現行参照,story.js:2015,,
304,第3段階 風の集落・禁忌の森・風の神殿,クエスト,,QUEST_ARISA_HAINE_CLEAR,アリサ,"知らない。……知らない、はず。
でも、その音を追ってた。神殿で祈ったあとから、ずっと。",108,5/20,quest_arisa_haine_clear,"event=quest_arisa_haine_clear; actions=CONV:QUEST_ARISA_HAINE_CLEAR -> ITEM(id=701012,count=1) -> QUEST_COMPLETE -> FLAG(key=arisaHaineMainStoryCleared) -> SUB(value=8) -> LOG(value=アリサとハイネが仲間に加わった。水上都市へ戻ろう。)",現行参照,story.js:2015,,
305,第3段階 風の集落・禁忌の森・風の神殿,クエスト,,QUEST_ARISA_HAINE_CLEAR,エリーゼ,カザリアの祭りで使う笛とは、形が違います。,106,6/20,quest_arisa_haine_clear,"event=quest_arisa_haine_clear; actions=CONV:QUEST_ARISA_HAINE_CLEAR -> ITEM(id=701012,count=1) -> QUEST_COMPLETE -> FLAG(key=arisaHaineMainStoryCleared) -> SUB(value=8) -> LOG(value=アリサとハイネが仲間に加わった。水上都市へ戻ろう。)",現行参照,story.js:2015,,
306,第3段階 風の集落・禁忌の森・風の神殿,クエスト,,QUEST_ARISA_HAINE_CLEAR,アリサ,ちょっと貸して。,108,7/20,quest_arisa_haine_clear,"event=quest_arisa_haine_clear; actions=CONV:QUEST_ARISA_HAINE_CLEAR -> ITEM(id=701012,count=1) -> QUEST_COMPLETE -> FLAG(key=arisaHaineMainStoryCleared) -> SUB(value=8) -> LOG(value=アリサとハイネが仲間に加わった。水上都市へ戻ろう。)",現行参照,story.js:2015,,
307,第3段階 風の集落・禁忌の森・風の神殿,クエスト,,QUEST_ARISA_HAINE_CLEAR,システム,アリサの指が、迷わず古い笛の穴をなぞる。本人はそれに気づくと、すぐ手を止めた。,,8/20,quest_arisa_haine_clear,"event=quest_arisa_haine_clear; actions=CONV:QUEST_ARISA_HAINE_CLEAR -> ITEM(id=701012,count=1) -> QUEST_COMPLETE -> FLAG(key=arisaHaineMainStoryCleared) -> SUB(value=8) -> LOG(value=アリサとハイネが仲間に加わった。水上都市へ戻ろう。)",現行参照,story.js:2015,,
308,第3段階 風の集落・禁忌の森・風の神殿,クエスト,,QUEST_ARISA_HAINE_CLEAR,アリサ,"……何これ。気味悪。
手が勝手に場所を知ってるみたい。",108,9/20,quest_arisa_haine_clear,"event=quest_arisa_haine_clear; actions=CONV:QUEST_ARISA_HAINE_CLEAR -> ITEM(id=701012,count=1) -> QUEST_COMPLETE -> FLAG(key=arisaHaineMainStoryCleared) -> SUB(value=8) -> LOG(value=アリサとハイネが仲間に加わった。水上都市へ戻ろう。)",現行参照,story.js:2015,,
309,第3段階 風の集落・禁忌の森・風の神殿,クエスト,,QUEST_ARISA_HAINE_CLEAR,ハイネ,無理に思い出す必要はない。,207,10/20,quest_arisa_haine_clear,"event=quest_arisa_haine_clear; actions=CONV:QUEST_ARISA_HAINE_CLEAR -> ITEM(id=701012,count=1) -> QUEST_COMPLETE -> FLAG(key=arisaHaineMainStoryCleared) -> SUB(value=8) -> LOG(value=アリサとハイネが仲間に加わった。水上都市へ戻ろう。)",現行参照,story.js:2015,,
310,第3段階 風の集落・禁忌の森・風の神殿,クエスト,,QUEST_ARISA_HAINE_CLEAR,アリサ,分かってる。けど……捨てる気もしない。,108,11/20,quest_arisa_haine_clear,"event=quest_arisa_haine_clear; actions=CONV:QUEST_ARISA_HAINE_CLEAR -> ITEM(id=701012,count=1) -> QUEST_COMPLETE -> FLAG(key=arisaHaineMainStoryCleared) -> SUB(value=8) -> LOG(value=アリサとハイネが仲間に加わった。水上都市へ戻ろう。)",現行参照,story.js:2015,,
311,第3段階 風の集落・禁忌の森・風の神殿,クエスト,,QUEST_ARISA_HAINE_CLEAR,ケイト,"僕たちは、各地のプリズムを守りながら、五年前から続く異変を追っています。
今回の風も、たぶん無関係ではありません。",104,12/20,quest_arisa_haine_clear,"event=quest_arisa_haine_clear; actions=CONV:QUEST_ARISA_HAINE_CLEAR -> ITEM(id=701012,count=1) -> QUEST_COMPLETE -> FLAG(key=arisaHaineMainStoryCleared) -> SUB(value=8) -> LOG(value=アリサとハイネが仲間に加わった。水上都市へ戻ろう。)",現行参照,story.js:2015,,
312,第3段階 風の集落・禁忌の森・風の神殿,クエスト,,QUEST_ARISA_HAINE_CLEAR,アリサ,"……師匠。アタシ、こいつらと行きたい。
今回の風、知らないふりして帰るの、たぶん無理。",108,13/20,quest_arisa_haine_clear,"event=quest_arisa_haine_clear; actions=CONV:QUEST_ARISA_HAINE_CLEAR -> ITEM(id=701012,count=1) -> QUEST_COMPLETE -> FLAG(key=arisaHaineMainStoryCleared) -> SUB(value=8) -> LOG(value=アリサとハイネが仲間に加わった。水上都市へ戻ろう。)",現行参照,story.js:2015,,
313,第3段階 風の集落・禁忌の森・風の神殿,クエスト,,QUEST_ARISA_HAINE_CLEAR,システム,ハイネは一度だけ目を細めた。,,14/20,quest_arisa_haine_clear,"event=quest_arisa_haine_clear; actions=CONV:QUEST_ARISA_HAINE_CLEAR -> ITEM(id=701012,count=1) -> QUEST_COMPLETE -> FLAG(key=arisaHaineMainStoryCleared) -> SUB(value=8) -> LOG(value=アリサとハイネが仲間に加わった。水上都市へ戻ろう。)",現行参照,story.js:2015,,
314,第3段階 風の集落・禁忌の森・風の神殿,クエスト,,QUEST_ARISA_HAINE_CLEAR,ハイネ,そう言うと思っていた。,207,15/20,quest_arisa_haine_clear,"event=quest_arisa_haine_clear; actions=CONV:QUEST_ARISA_HAINE_CLEAR -> ITEM(id=701012,count=1) -> QUEST_COMPLETE -> FLAG(key=arisaHaineMainStoryCleared) -> SUB(value=8) -> LOG(value=アリサとハイネが仲間に加わった。水上都市へ戻ろう。)",現行参照,story.js:2015,,
315,第3段階 風の集落・禁忌の森・風の神殿,クエスト,,QUEST_ARISA_HAINE_CLEAR,アリサ,何よ、その顔。,108,16/20,quest_arisa_haine_clear,"event=quest_arisa_haine_clear; actions=CONV:QUEST_ARISA_HAINE_CLEAR -> ITEM(id=701012,count=1) -> QUEST_COMPLETE -> FLAG(key=arisaHaineMainStoryCleared) -> SUB(value=8) -> LOG(value=アリサとハイネが仲間に加わった。水上都市へ戻ろう。)",現行参照,story.js:2015,,
316,第3段階 風の集落・禁忌の森・風の神殿,クエスト,,QUEST_ARISA_HAINE_CLEAR,ハイネ,"[N:301]。俺も助力させてもらえるだろうか。
こいつ一人では、道中が騒がしい。",207,17/20,quest_arisa_haine_clear,"event=quest_arisa_haine_clear; actions=CONV:QUEST_ARISA_HAINE_CLEAR -> ITEM(id=701012,count=1) -> QUEST_COMPLETE -> FLAG(key=arisaHaineMainStoryCleared) -> SUB(value=8) -> LOG(value=アリサとハイネが仲間に加わった。水上都市へ戻ろう。)",現行参照,story.js:2015,,
317,第3段階 風の集落・禁忌の森・風の神殿,クエスト,,QUEST_ARISA_HAINE_CLEAR,アリサ,保護者ヅラすんな！,108,18/20,quest_arisa_haine_clear,"event=quest_arisa_haine_clear; actions=CONV:QUEST_ARISA_HAINE_CLEAR -> ITEM(id=701012,count=1) -> QUEST_COMPLETE -> FLAG(key=arisaHaineMainStoryCleared) -> SUB(value=8) -> LOG(value=アリサとハイネが仲間に加わった。水上都市へ戻ろう。)",現行参照,story.js:2015,,
318,第3段階 風の集落・禁忌の森・風の神殿,クエスト,,QUEST_ARISA_HAINE_CLEAR,ハイネ,師匠だ。,207,19/20,quest_arisa_haine_clear,"event=quest_arisa_haine_clear; actions=CONV:QUEST_ARISA_HAINE_CLEAR -> ITEM(id=701012,count=1) -> QUEST_COMPLETE -> FLAG(key=arisaHaineMainStoryCleared) -> SUB(value=8) -> LOG(value=アリサとハイネが仲間に加わった。水上都市へ戻ろう。)",現行参照,story.js:2015,,
319,第3段階 風の集落・禁忌の森・風の神殿,クエスト,,QUEST_ARISA_HAINE_CLEAR,主人公,もちろん。二人とも、よろしく。,301,20/20,quest_arisa_haine_clear,"event=quest_arisa_haine_clear; actions=CONV:QUEST_ARISA_HAINE_CLEAR -> ITEM(id=701012,count=1) -> QUEST_COMPLETE -> FLAG(key=arisaHaineMainStoryCleared) -> SUB(value=8) -> LOG(value=アリサとハイネが仲間に加わった。水上都市へ戻ろう。)",現行参照,story.js:2015,,
320,第3段階 風の集落・禁忌の森・風の神殿,深淵・追加ストーリー,,ABYSS_SPIRIT_TRIAL_WIND_PARTY_INTRO_PHASE17,アリサ,……この風、知ってる。,,1/3,abyss_spirit_trial_wind_intro,event=abyss_spirit_trial_wind_intro; actions=CONV:ABYSS_SPIRIT_TRIAL_WIND_INTRO -> IF_ALLY -> CHOICE,現行参照,story.js:,,
321,第3段階 風の集落・禁忌の森・風の神殿,深淵・追加ストーリー,,ABYSS_SPIRIT_TRIAL_WIND_PARTY_INTRO_PHASE17,アリサ,どこでって聞かれても困るけど。昔、眠る前に聞いてた音と同じ。,,2/3,abyss_spirit_trial_wind_intro,event=abyss_spirit_trial_wind_intro; actions=CONV:ABYSS_SPIRIT_TRIAL_WIND_INTRO -> IF_ALLY -> CHOICE,現行参照,story.js:,,
322,第3段階 風の集落・禁忌の森・風の神殿,深淵・追加ストーリー,,ABYSS_SPIRIT_TRIAL_WIND_PARTY_INTRO_PHASE17,アリサ,"試すなら勝手にしなよ。
あたしも、逃げてばっかじゃないって見せるから。",,3/3,abyss_spirit_trial_wind_intro,event=abyss_spirit_trial_wind_intro; actions=CONV:ABYSS_SPIRIT_TRIAL_WIND_INTRO -> IF_ALLY -> CHOICE,現行参照,story.js:,,
323,第3段階 風の集落・禁忌の森・風の神殿,深淵・追加ストーリー,,ABYSS_SPIRIT_TRIAL_WIND_PARTY_VICTORY_PHASE17,アリサ,……やっぱり知ってた。忘れてたの、あたしの方だったんだ。,,1/1,abyss_spirit_trial_wind_victory,event=abyss_spirit_trial_wind_victory; actions=CONV:ABYSS_SPIRIT_TRIAL_WIND_VICTORY -> IF_ALLY -> ABYSS_SPIRIT_TRIAL_COMPLETE -> EVENT,現行参照,story.js:,,
324,第3段階 風の集落・禁忌の森・風の神殿,深淵・追加ストーリー,,ABYSS_SPIRIT_TRIAL_WIND_INTRO,風の大精霊,"縛られぬことと、逃げ続けることは違うよ。
どこへ吹くかを自分で選べるか、見せておくれ。",,1/2,abyss_spirit_trial_wind_intro,event=abyss_spirit_trial_wind_intro; actions=CONV:ABYSS_SPIRIT_TRIAL_WIND_INTRO -> IF_ALLY -> CHOICE,現行参照,story.js:,,
325,第3段階 風の集落・禁忌の森・風の神殿,深淵・追加ストーリー,,ABYSS_SPIRIT_TRIAL_WIND_INTRO,システム,風のプリズムの周囲で、淡い旋風が踊っている。,,2/2,abyss_spirit_trial_wind_intro,event=abyss_spirit_trial_wind_intro; actions=CONV:ABYSS_SPIRIT_TRIAL_WIND_INTRO -> IF_ALLY -> CHOICE,現行参照,story.js:,,
326,第3段階 風の集落・禁忌の森・風の神殿,深淵・追加ストーリー,,ABYSS_SPIRIT_TRIAL_WIND_RETRY,風の大精霊,"向かい風に押し戻されたくらいで、旅は終わらない。
今度はどこまで飛べるか、もう一度見せておくれ。",,1/1,abyss_spirit_trial_wind_retry,event=abyss_spirit_trial_wind_retry; actions=CONV:ABYSS_SPIRIT_TRIAL_WIND_RETRY -> CHOICE,現行参照,story.js:,,
327,第3段階 風の集落・禁忌の森・風の神殿,深淵・追加ストーリー,,ABYSS_SPIRIT_TRIAL_WIND_VICTORY,風の大精霊,"誰かを置き去りにせず、それでも前へ進む風か。
気に入ったよ。風の加護を連れておいき。",,1/1,abyss_spirit_trial_wind_victory,event=abyss_spirit_trial_wind_victory; actions=CONV:ABYSS_SPIRIT_TRIAL_WIND_VICTORY -> IF_ALLY -> ABYSS_SPIRIT_TRIAL_COMPLETE -> EVENT,現行参照,story.js:,,
328,第3段階 風の集落・禁忌の森・風の神殿,村人・町会話,風の集落カザリア FMAP000009-00,NPC_KAZARIA_ROPE_MENDER_BEFORE,綱直しの女,その靴底、森へ入るなら縁を縫い直した方がいい。,,1/2,npc_kazaria_rope_mender_before,event=npc_kazaria_rope_mender_before; actions=CONV:NPC_KAZARIA_ROPE_MENDER_BEFORE; 風の集落カザリア FMAP000009-00 / 綱直しの女と話す,現行参照,story.js:,,
329,第3段階 風の集落・禁忌の森・風の神殿,村人・町会話,風の集落カザリア FMAP000009-00,NPC_KAZARIA_ROPE_MENDER_BEFORE,綱直しの女,今は村の綱で手が塞がってる。帰ってきたら見てやるよ。……帰ってきたらね。,,2/2,npc_kazaria_rope_mender_before,event=npc_kazaria_rope_mender_before; actions=CONV:NPC_KAZARIA_ROPE_MENDER_BEFORE; 風の集落カザリア FMAP000009-00 / 綱直しの女と話す,現行参照,story.js:,,
330,第3段階 風の集落・禁忌の森・風の神殿,村人・町会話,風の集落カザリア FMAP000009-00,NPC_KAZARIA_ROPE_MENDER_PLUS3_GIFT,綱直しの女,戻ったね。約束を忘れるほど、こっちも忙しくはなかった。,,1/2,npc_kazaria_rope_mender_plus3_gift,event=npc_kazaria_rope_mender_plus3_gift; actions=CONV:NPC_KAZARIA_ROPE_MENDER_PLUS3_GIFT -> EQUIP -> FLAG(key=kazariaRopeMenderPlus3GiftClaimed); 風の集落カザリア FMAP000009-00 / 綱直しの女と話す,現行参照,story.js:,,
331,第3段階 風の集落・禁忌の森・風の神殿,村人・町会話,風の集落カザリア FMAP000009-00,NPC_KAZARIA_ROPE_MENDER_PLUS3_GIFT,綱直しの女,古い山靴を一足、鋼板ごと打ち直した。私には重い。あんたらなら使える。,,2/2,npc_kazaria_rope_mender_plus3_gift,event=npc_kazaria_rope_mender_plus3_gift; actions=CONV:NPC_KAZARIA_ROPE_MENDER_PLUS3_GIFT -> EQUIP -> FLAG(key=kazariaRopeMenderPlus3GiftClaimed); 風の集落カザリア FMAP000009-00 / 綱直しの女と話す,現行参照,story.js:,,
332,第3段階 風の集落・禁忌の森・風の神殿,村人・町会話,風の集落カザリア FMAP000009-00,NPC_KAZARIA_ROPE_MENDER_AFTER,綱直しの女,紐は濡れたまま結びっぱなしにするな。旅人はだいたい、そこから靴を駄目にする。,,1/2,npc_kazaria_rope_mender_after,event=npc_kazaria_rope_mender_after; actions=CONV:NPC_KAZARIA_ROPE_MENDER_AFTER; 風の集落カザリア FMAP000009-00 / 綱直しの女と話す,現行参照,story.js:,,
333,第3段階 風の集落・禁忌の森・風の神殿,村人・町会話,風の集落カザリア FMAP000009-00,NPC_KAZARIA_ROPE_MENDER_AFTER,綱直しの女,英雄だろうが靴擦れはするよ。,,2/2,npc_kazaria_rope_mender_after,event=npc_kazaria_rope_mender_after; actions=CONV:NPC_KAZARIA_ROPE_MENDER_AFTER; 風の集落カザリア FMAP000009-00 / 綱直しの女と話す,現行参照,story.js:,,
334,第4段階 水上都市・海底神殿・レクスノート邸,メイン・イベント,,FOREST_HOLY_WATER_CLEAR,システム,魔物は、闇につつまれ跡形もなく消え去った。,,1/8,quest_fire_holy_water_clear,"event=quest_fire_holy_water_clear; actions=CONV:FOREST_HOLY_WATER_CLEAR -> FLAG(key=forestHolyWaterObtained) -> ITEM(id=301,count=1) -> SUB(value=5) -> LOG(value=妖精の聖水を得た。イグナ火山へ戻ろう。)",現行参照,story.js:594,,
335,第4段階 水上都市・海底神殿・レクスノート邸,メイン・イベント,,FOREST_HOLY_WATER_CLEAR,泉の妖精,"名も知らぬ人。ありがとうございます。
…人と関わることは、もう無いと思っていました。",,2/8,quest_fire_holy_water_clear,"event=quest_fire_holy_water_clear; actions=CONV:FOREST_HOLY_WATER_CLEAR -> FLAG(key=forestHolyWaterObtained) -> ITEM(id=301,count=1) -> SUB(value=5) -> LOG(value=妖精の聖水を得た。イグナ火山へ戻ろう。)",現行参照,story.js:594,,
336,第4段階 水上都市・海底神殿・レクスノート邸,メイン・イベント,,FOREST_HOLY_WATER_CLEAR,シャオ,"妖精様。お願いします。
泉の水を少し分けてもらえませんか。",105,3/8,quest_fire_holy_water_clear,"event=quest_fire_holy_water_clear; actions=CONV:FOREST_HOLY_WATER_CLEAR -> FLAG(key=forestHolyWaterObtained) -> ITEM(id=301,count=1) -> SUB(value=5) -> LOG(value=妖精の聖水を得た。イグナ火山へ戻ろう。)",現行参照,story.js:594,,
337,第4段階 水上都市・海底神殿・レクスノート邸,メイン・イベント,,FOREST_HOLY_WATER_CLEAR,泉の妖精,"……自らの欲ではなく、里のためなのですね。
なら、この雫をお持ちなさい。",,4/8,quest_fire_holy_water_clear,"event=quest_fire_holy_water_clear; actions=CONV:FOREST_HOLY_WATER_CLEAR -> FLAG(key=forestHolyWaterObtained) -> ITEM(id=301,count=1) -> SUB(value=5) -> LOG(value=妖精の聖水を得た。イグナ火山へ戻ろう。)",現行参照,story.js:594,,
338,第4段階 水上都市・海底神殿・レクスノート邸,メイン・イベント,,FOREST_HOLY_WATER_CLEAR,泉の妖精,"水の加護の一端を、勇敢で誠実なあなたに。
火を恐れずに、助けてあげてくださいね。",,5/8,quest_fire_holy_water_clear,"event=quest_fire_holy_water_clear; actions=CONV:FOREST_HOLY_WATER_CLEAR -> FLAG(key=forestHolyWaterObtained) -> ITEM(id=301,count=1) -> SUB(value=5) -> LOG(value=妖精の聖水を得た。イグナ火山へ戻ろう。)",現行参照,story.js:594,,
339,第4段階 水上都市・海底神殿・レクスノート邸,メイン・イベント,,FOREST_HOLY_WATER_CLEAR,システム,「妖精の聖水」を手に入れた！,,6/8,quest_fire_holy_water_clear,"event=quest_fire_holy_water_clear; actions=CONV:FOREST_HOLY_WATER_CLEAR -> FLAG(key=forestHolyWaterObtained) -> ITEM(id=301,count=1) -> SUB(value=5) -> LOG(value=妖精の聖水を得た。イグナ火山へ戻ろう。)",現行参照,story.js:594,,
340,第4段階 水上都市・海底神殿・レクスノート邸,メイン・イベント,,FOREST_HOLY_WATER_CLEAR,泉の妖精,"…一つだけあなたに助言を。体験したことだけが、
真実とは限らない。それを、覚えておいてね。",,7/8,quest_fire_holy_water_clear,"event=quest_fire_holy_water_clear; actions=CONV:FOREST_HOLY_WATER_CLEAR -> FLAG(key=forestHolyWaterObtained) -> ITEM(id=301,count=1) -> SUB(value=5) -> LOG(value=妖精の聖水を得た。イグナ火山へ戻ろう。)",現行参照,story.js:594,,
341,第4段階 水上都市・海底神殿・レクスノート邸,メイン・イベント,,FOREST_HOLY_WATER_CLEAR,シャオ,"……？
分かった。覚えておく。",105,8/8,quest_fire_holy_water_clear,"event=quest_fire_holy_water_clear; actions=CONV:FOREST_HOLY_WATER_CLEAR -> FLAG(key=forestHolyWaterObtained) -> ITEM(id=301,count=1) -> SUB(value=5) -> LOG(value=妖精の聖水を得た。イグナ火山へ戻ろう。)",現行参照,story.js:594,,
342,第4段階 水上都市・海底神殿・レクスノート邸,村人・町会話,水上都市リヴァリア FMAP000015-00,TOWN_WATER_VILLAGER_1_BEFORE,老人,"兵士が魚を買ってくれた。
でも、代金は紙だった。",1003,1/2,town_water_villager_1_before,event=town_water_villager_1_before; actions=CONV:TOWN_WATER_VILLAGER_1_BEFORE; 水上都市リヴァリア FMAP000015-00 / 老人と話す / default=:True; 水上都市リヴァリア FMAP000015-00,現行参照,story.js:1221,,
343,第4段階 水上都市・海底神殿・レクスノート邸,村人・町会話,水上都市リヴァリア FMAP000015-00,TOWN_WATER_VILLAGER_1_BEFORE,老人,"母ちゃんは笑って受け取った。
あとで、紙を丸めてた。",1003,2/2,town_water_villager_1_before,event=town_water_villager_1_before; actions=CONV:TOWN_WATER_VILLAGER_1_BEFORE; 水上都市リヴァリア FMAP000015-00 / 老人と話す / default=:True; 水上都市リヴァリア FMAP000015-00,現行参照,story.js:1221,,
344,第4段階 水上都市・海底神殿・レクスノート邸,メイン・イベント,水上都市リヴァリア FMAP000015-00,WATER_CITY_BLOCKADE_GUARD,ダークソルジャー,"この橋は封鎖した。
荷車も巡礼者も通さん。",,1/2,water_city_blockade_guard,event=water_city_blockade_guard; actions=CONV:WATER_CITY_BLOCKADE_GUARD; 水上都市リヴァリア FMAP000015-00 / 兵士と話す; 水上都市リヴァリア FMAP000015-00 / 兵士と話す; 水上都市リヴァリア FMAP000015-00 / 兵士と話す,現行参照,story.js:1233,,
345,第4段階 水上都市・海底神殿・レクスノート邸,メイン・イベント,水上都市リヴァリア FMAP000015-00,WATER_CITY_BLOCKADE_GUARD,ダークソルジャー,"水底の命令が解かれるまで、
ここから先は王国軍の区画だ。",,2/2,water_city_blockade_guard,event=water_city_blockade_guard; actions=CONV:WATER_CITY_BLOCKADE_GUARD; 水上都市リヴァリア FMAP000015-00 / 兵士と話す; 水上都市リヴァリア FMAP000015-00 / 兵士と話す; 水上都市リヴァリア FMAP000015-00 / 兵士と話す,現行参照,story.js:1233,,
346,第4段階 水上都市・海底神殿・レクスノート邸,メイン・イベント,水上都市リヴァリア FMAP000015-00,WATER_CITY_INTRO,システム,"水路は濁り、橋に歌はない。
黒鎧の兵士だけが街を歩いていた。",,1/4,water_city_intro,"event=water_city_intro; actions=WORLD_STATE(value=1,key=waterCityState) -> CONV:WATER_CITY_INTRO -> BOSS(value=[301021, 301021]); 水上都市リヴァリア FMAP000015-00 / 広場を調べる / storyStep>=4; storyStep<=4; subMin=:0; subMax=:0; 水上都市リヴァリア FMAP000015-00",現行参照,story.js:1243,,
347,第4段階 水上都市・海底神殿・レクスノート邸,メイン・イベント,水上都市リヴァリア FMAP000015-00,WATER_CITY_INTRO,ダークソルジャー,"抵抗するな。
王国軍への協力は、市民の義務だ。荷も部屋も差し出せ。",,2/4,water_city_intro,"event=water_city_intro; actions=WORLD_STATE(value=1,key=waterCityState) -> CONV:WATER_CITY_INTRO -> BOSS(value=[301021, 301021]); 水上都市リヴァリア FMAP000015-00 / 広場を調べる / storyStep>=4; storyStep<=4; subMin=:0; subMax=:0; 水上都市リヴァリア FMAP000015-00",現行参照,story.js:1243,,
348,第4段階 水上都市・海底神殿・レクスノート邸,メイン・イベント,水上都市リヴァリア FMAP000015-00,WATER_CITY_INTRO,少女,やめて、宿の人たちは何もしていません！,,3/4,water_city_intro,"event=water_city_intro; actions=WORLD_STATE(value=1,key=waterCityState) -> CONV:WATER_CITY_INTRO -> BOSS(value=[301021, 301021]); 水上都市リヴァリア FMAP000015-00 / 広場を調べる / storyStep>=4; storyStep<=4; subMin=:0; subMax=:0; 水上都市リヴァリア FMAP000015-00",現行参照,story.js:1243,,
349,第4段階 水上都市・海底神殿・レクスノート邸,メイン・イベント,水上都市リヴァリア FMAP000015-00,WATER_CITY_INTRO,主人公,その手を離せ。,301,4/4,water_city_intro,"event=water_city_intro; actions=WORLD_STATE(value=1,key=waterCityState) -> CONV:WATER_CITY_INTRO -> BOSS(value=[301021, 301021]); 水上都市リヴァリア FMAP000015-00 / 広場を調べる / storyStep>=4; storyStep<=4; subMin=:0; subMax=:0; 水上都市リヴァリア FMAP000015-00",現行参照,story.js:1243,,
350,第4段階 水上都市・海底神殿・レクスノート邸,メイン・イベント,,WATER_CITY_SOPHIA,少女,"助けてくれてありがとうございます！
うちの宿へついてきてもらえますか？
あそこなら兵士の目が届きません。",,1/13,water_city_sophia,event=water_city_sophia; actions=FLAG(key=waterCityIntroCleared) -> CONV:WATER_CITY_SOPHIA -> ALLY(value=104) -> FLAG(key=kateJoinedAtWaterCity) -> STEP(value=4) -> SUB(value=1) -> FLAG(key=crenaRouteKnown) -> LOG(value=クレナ鍾乳洞で青の結晶を探そう。),現行参照,story.js:1262,,
351,第4段階 水上都市・海底神殿・レクスノート邸,メイン・イベント,,WATER_CITY_SOPHIA,,,,2/13,water_city_sophia,event=water_city_sophia; actions=FLAG(key=waterCityIntroCleared) -> CONV:WATER_CITY_SOPHIA -> ALLY(value=104) -> FLAG(key=kateJoinedAtWaterCity) -> STEP(value=4) -> SUB(value=1) -> FLAG(key=crenaRouteKnown) -> LOG(value=クレナ鍾乳洞で青の結晶を探そう。),現行参照,story.js:1262,,
352,第4段階 水上都市・海底神殿・レクスノート邸,メイン・イベント,,WATER_CITY_SOPHIA,ソフィア,いい腕だね。私は[N:202]。この宿屋のおかみさんとは遠い親戚なんだ。感謝するよ。,202,3/13,water_city_sophia,event=water_city_sophia; actions=FLAG(key=waterCityIntroCleared) -> CONV:WATER_CITY_SOPHIA -> ALLY(value=104) -> FLAG(key=kateJoinedAtWaterCity) -> STEP(value=4) -> SUB(value=1) -> FLAG(key=crenaRouteKnown) -> LOG(value=クレナ鍾乳洞で青の結晶を探そう。),現行参照,story.js:1262,,
353,第4段階 水上都市・海底神殿・レクスノート邸,メイン・イベント,,WATER_CITY_SOPHIA,ソフィア,あんた達が言う火と風の話が本当なら、次に狙われるのは海底神殿にある水のプリズムだ。,202,4/13,water_city_sophia,event=water_city_sophia; actions=FLAG(key=waterCityIntroCleared) -> CONV:WATER_CITY_SOPHIA -> ALLY(value=104) -> FLAG(key=kateJoinedAtWaterCity) -> STEP(value=4) -> SUB(value=1) -> FLAG(key=crenaRouteKnown) -> LOG(value=クレナ鍾乳洞で青の結晶を探そう。),現行参照,story.js:1262,,
354,第4段階 水上都市・海底神殿・レクスノート邸,メイン・イベント,,WATER_CITY_SOPHIA,ソフィア,巻き込んですまないが、水のプリズムを守ってくれないだろうか。今、この街で動けるのはあんたたちだけなんだ。,202,5/13,water_city_sophia,event=water_city_sophia; actions=FLAG(key=waterCityIntroCleared) -> CONV:WATER_CITY_SOPHIA -> ALLY(value=104) -> FLAG(key=kateJoinedAtWaterCity) -> STEP(value=4) -> SUB(value=1) -> FLAG(key=crenaRouteKnown) -> LOG(value=クレナ鍾乳洞で青の結晶を探そう。),現行参照,story.js:1262,,
355,第4段階 水上都市・海底神殿・レクスノート邸,メイン・イベント,,WATER_CITY_SOPHIA,ソフィア,"私が動くと、この町の人たちに迷惑かけちまう。
代わりに弟子を、案内役として連れて行ってくれ。",202,6/13,water_city_sophia,event=water_city_sophia; actions=FLAG(key=waterCityIntroCleared) -> CONV:WATER_CITY_SOPHIA -> ALLY(value=104) -> FLAG(key=kateJoinedAtWaterCity) -> STEP(value=4) -> SUB(value=1) -> FLAG(key=crenaRouteKnown) -> LOG(value=クレナ鍾乳洞で青の結晶を探そう。),現行参照,story.js:1262,,
356,第4段階 水上都市・海底神殿・レクスノート邸,メイン・イベント,,WATER_CITY_SOPHIA,ケイト,"あ、あの……。
よろしくお願いします。",104,7/13,water_city_sophia,event=water_city_sophia; actions=FLAG(key=waterCityIntroCleared) -> CONV:WATER_CITY_SOPHIA -> ALLY(value=104) -> FLAG(key=kateJoinedAtWaterCity) -> STEP(value=4) -> SUB(value=1) -> FLAG(key=crenaRouteKnown) -> LOG(value=クレナ鍾乳洞で青の結晶を探そう。),現行参照,story.js:1262,,
357,第4段階 水上都市・海底神殿・レクスノート邸,メイン・イベント,,WATER_CITY_SOPHIA,ソフィア,"実戦経験はないが、頭はキレるやつだ。
すまないが、よろしく頼む。",202,8/13,water_city_sophia,event=water_city_sophia; actions=FLAG(key=waterCityIntroCleared) -> CONV:WATER_CITY_SOPHIA -> ALLY(value=104) -> FLAG(key=kateJoinedAtWaterCity) -> STEP(value=4) -> SUB(value=1) -> FLAG(key=crenaRouteKnown) -> LOG(value=クレナ鍾乳洞で青の結晶を探そう。),現行参照,story.js:1262,,
358,第4段階 水上都市・海底神殿・レクスノート邸,メイン・イベント,,WATER_CITY_SOPHIA,システム,[N:104]が同行することになった！,,9/13,water_city_sophia,event=water_city_sophia; actions=FLAG(key=waterCityIntroCleared) -> CONV:WATER_CITY_SOPHIA -> ALLY(value=104) -> FLAG(key=kateJoinedAtWaterCity) -> STEP(value=4) -> SUB(value=1) -> FLAG(key=crenaRouteKnown) -> LOG(value=クレナ鍾乳洞で青の結晶を探そう。),現行参照,story.js:1262,,
359,第4段階 水上都市・海底神殿・レクスノート邸,メイン・イベント,,WATER_CITY_SOPHIA,ソフィア,"神殿の入口は水の結界でふさがれている。
力任せじゃ溺れて海の藻屑さ。",202,10/13,water_city_sophia,event=water_city_sophia; actions=FLAG(key=waterCityIntroCleared) -> CONV:WATER_CITY_SOPHIA -> ALLY(value=104) -> FLAG(key=kateJoinedAtWaterCity) -> STEP(value=4) -> SUB(value=1) -> FLAG(key=crenaRouteKnown) -> LOG(value=クレナ鍾乳洞で青の結晶を探そう。),現行参照,story.js:1262,,
360,第4段階 水上都市・海底神殿・レクスノート邸,メイン・イベント,,WATER_CITY_SOPHIA,ソフィア,北東のクレナ鍾乳洞に眠る、青い結晶を持ってきてくれないか。あれなら、私がここから神殿への道を開ける。,202,11/13,water_city_sophia,event=water_city_sophia; actions=FLAG(key=waterCityIntroCleared) -> CONV:WATER_CITY_SOPHIA -> ALLY(value=104) -> FLAG(key=kateJoinedAtWaterCity) -> STEP(value=4) -> SUB(value=1) -> FLAG(key=crenaRouteKnown) -> LOG(value=クレナ鍾乳洞で青の結晶を探そう。),現行参照,story.js:1262,,
361,第4段階 水上都市・海底神殿・レクスノート邸,メイン・イベント,,WATER_CITY_SOPHIA,シャオ,"兵士より先に結晶を取らないと。
これ以上あの連中の好きにさせたくない。",105,12/13,water_city_sophia,event=water_city_sophia; actions=FLAG(key=waterCityIntroCleared) -> CONV:WATER_CITY_SOPHIA -> ALLY(value=104) -> FLAG(key=kateJoinedAtWaterCity) -> STEP(value=4) -> SUB(value=1) -> FLAG(key=crenaRouteKnown) -> LOG(value=クレナ鍾乳洞で青の結晶を探そう。),現行参照,story.js:1262,,
362,第4段階 水上都市・海底神殿・レクスノート邸,メイン・イベント,,WATER_CITY_SOPHIA,ソフィア,すまないね。よろしく頼んだよ。,202,13/13,water_city_sophia,event=water_city_sophia; actions=FLAG(key=waterCityIntroCleared) -> CONV:WATER_CITY_SOPHIA -> ALLY(value=104) -> FLAG(key=kateJoinedAtWaterCity) -> STEP(value=4) -> SUB(value=1) -> FLAG(key=crenaRouteKnown) -> LOG(value=クレナ鍾乳洞で青の結晶を探そう。),現行参照,story.js:1262,,
363,第4段階 水上都市・海底神殿・レクスノート邸,メイン・イベント,水上都市リヴァリア FMAP000015-00,WATER_CITY_CAVE_REMINDER,ソフィア,"クレナ鍾乳洞は街の北東。
青い鉱脈が夜でも道を照らす。",202,1/2,water_city_cave_reminder,event=water_city_cave_reminder; actions=CONV:WATER_CITY_CAVE_REMINDER; 水上都市リヴァリア FMAP000015-00 / ソフィアと話す / storyStep>=4; storyStep<=4; subMin=:1; subMax=:1; 水上都市リヴァリア FMAP000015-00,現行参照,story.js:1336,,
364,第4段階 水上都市・海底神殿・レクスノート邸,メイン・イベント,水上都市リヴァリア FMAP000015-00,WATER_CITY_CAVE_REMINDER,ケイト,"先に向かった兵士もいるそうです。
入口から気を抜けませんね。",104,2/2,water_city_cave_reminder,event=water_city_cave_reminder; actions=CONV:WATER_CITY_CAVE_REMINDER; 水上都市リヴァリア FMAP000015-00 / ソフィアと話す / storyStep>=4; storyStep<=4; subMin=:1; subMax=:1; 水上都市リヴァリア FMAP000015-00,現行参照,story.js:1336,,
365,第4段階 水上都市・海底神殿・レクスノート邸,メイン・イベント,,CRENA_CAVE_ENTRY,システム,"洞口の岩陰に、
王国兵が何人も倒れていた。",,1/3,crena_cave_entry,event=crena_cave_entry; actions=CONV:CRENA_CAVE_ENTRY -> FLAG(key=crenaCaveEntered) -> START_FIXED_DUNGEON,現行参照,story.js:1348,,
366,第4段階 水上都市・海底神殿・レクスノート邸,メイン・イベント,,CRENA_CAVE_ENTRY,ケイト,"息がありません……。
鎧に、大きな爪痕が残っています。",104,2/3,crena_cave_entry,event=crena_cave_entry; actions=CONV:CRENA_CAVE_ENTRY -> FLAG(key=crenaCaveEntered) -> START_FIXED_DUNGEON,現行参照,story.js:1348,,
367,第4段階 水上都市・海底神殿・レクスノート邸,メイン・イベント,,CRENA_CAVE_ENTRY,シャオ,"魔物の匂いに闇が混じってる。
偶然ここへ来た魔物じゃない。",105,3/3,crena_cave_entry,event=crena_cave_entry; actions=CONV:CRENA_CAVE_ENTRY -> FLAG(key=crenaCaveEntered) -> START_FIXED_DUNGEON,現行参照,story.js:1348,,
368,第4段階 水上都市・海底神殿・レクスノート邸,メイン・イベント,,CRENA_BLUE_CRYSTAL_CLEAR,システム,"魔物の影が砕け、
青の結晶が静かな光を取り戻した。",,1/3,quest_water_blue_crystal_clear,"event=quest_water_blue_crystal_clear; actions=CONV:CRENA_BLUE_CRYSTAL_CLEAR -> FLAG(key=blueCrystalObtained) -> ITEM(id=302,count=1) -> SUB(value=2) -> LOG(value=青の結晶を得た。水上都市のソフィアへ届けよう。)",現行参照,story.js:1364,,
369,第4段階 水上都市・海底神殿・レクスノート邸,メイン・イベント,,CRENA_BLUE_CRYSTAL_CLEAR,シャオ,"やっぱり魔王軍の闇です。
結晶を奪うため、魔物を放ったんだ。",105,2/3,quest_water_blue_crystal_clear,"event=quest_water_blue_crystal_clear; actions=CONV:CRENA_BLUE_CRYSTAL_CLEAR -> FLAG(key=blueCrystalObtained) -> ITEM(id=302,count=1) -> SUB(value=2) -> LOG(value=青の結晶を得た。水上都市のソフィアへ届けよう。)",現行参照,story.js:1364,,
370,第4段階 水上都市・海底神殿・レクスノート邸,メイン・イベント,,CRENA_BLUE_CRYSTAL_CLEAR,ケイト,"結晶は無事です。
ソフィアさんへ届けましょう。",104,3/3,quest_water_blue_crystal_clear,"event=quest_water_blue_crystal_clear; actions=CONV:CRENA_BLUE_CRYSTAL_CLEAR -> FLAG(key=blueCrystalObtained) -> ITEM(id=302,count=1) -> SUB(value=2) -> LOG(value=青の結晶を得た。水上都市のソフィアへ届けよう。)",現行参照,story.js:1364,,
371,第4段階 水上都市・海底神殿・レクスノート邸,メイン・イベント,水上都市リヴァリア FMAP000015-00,WATER_CITY_BLUE_CRYSTAL_REPORT,ソフィア,"よく持ち帰った。
傷ひとつない、見事な青だ。",202,1/3,water_city_blue_crystal_report,event=water_city_blue_crystal_report; actions=CONV:WATER_CITY_BLUE_CRYSTAL_REPORT -> FLAG(key=seabedTempleRouteOpened) -> SUB(value=3) -> LOG(value=青の結晶が水の道を開いた。海底神殿へ向かおう。); 水上都市リヴァリア FMAP000015-00 / ソフィアと話す / storyStep>=4; storyStep<=4; subMin=:2; subMax=:2; 水上都市リヴァリア FMAP000015-00,現行参照,story.js:1380,,
372,第4段階 水上都市・海底神殿・レクスノート邸,メイン・イベント,水上都市リヴァリア FMAP000015-00,WATER_CITY_BLUE_CRYSTAL_REPORT,ソフィア,"これを水門へ掲げれば、
海が君たちを神殿まで運んでくれる。",202,2/3,water_city_blue_crystal_report,event=water_city_blue_crystal_report; actions=CONV:WATER_CITY_BLUE_CRYSTAL_REPORT -> FLAG(key=seabedTempleRouteOpened) -> SUB(value=3) -> LOG(value=青の結晶が水の道を開いた。海底神殿へ向かおう。); 水上都市リヴァリア FMAP000015-00 / ソフィアと話す / storyStep>=4; storyStep<=4; subMin=:2; subMax=:2; 水上都市リヴァリア FMAP000015-00,現行参照,story.js:1380,,
373,第4段階 水上都市・海底神殿・レクスノート邸,メイン・イベント,水上都市リヴァリア FMAP000015-00,WATER_CITY_BLUE_CRYSTAL_REPORT,ケイト,"今度こそ、水のプリズムへ。
街の水を取り戻しましょう。",104,3/3,water_city_blue_crystal_report,event=water_city_blue_crystal_report; actions=CONV:WATER_CITY_BLUE_CRYSTAL_REPORT -> FLAG(key=seabedTempleRouteOpened) -> SUB(value=3) -> LOG(value=青の結晶が水の道を開いた。海底神殿へ向かおう。); 水上都市リヴァリア FMAP000015-00 / ソフィアと話す / storyStep>=4; storyStep<=4; subMin=:2; subMax=:2; 水上都市リヴァリア FMAP000015-00,現行参照,story.js:1380,,
374,第4段階 水上都市・海底神殿・レクスノート邸,メイン・イベント,水上都市リヴァリア FMAP000015-00,WATER_CITY_SOPHIA_AFTER_MEETING,ソフィア,"青の結晶が水路を開いた。
海底神殿は、この街の北だ。",202,1/2,water_city_sophia_after_meeting,event=water_city_sophia_after_meeting; actions=CONV:WATER_CITY_SOPHIA_AFTER_MEETING; 水上都市リヴァリア FMAP000015-00 / ソフィアと話す / storyStep>=4; storyStep<=4; subMin=:3; subMax=:99; 水上都市リヴァリア FMAP000015-00 / ソフィアと話す / default=:True; 水上都市リヴァリア FMAP000015-00; 水上都市リヴァリア FMAP000015-00,現行参照,story.js:1397,,
375,第4段階 水上都市・海底神殿・レクスノート邸,メイン・イベント,水上都市リヴァリア FMAP000015-00,WATER_CITY_SOPHIA_AFTER_MEETING,ケイト,"私も行きます。
怖くても、見ているだけには戻りません。",104,2/2,water_city_sophia_after_meeting,event=water_city_sophia_after_meeting; actions=CONV:WATER_CITY_SOPHIA_AFTER_MEETING; 水上都市リヴァリア FMAP000015-00 / ソフィアと話す / storyStep>=4; storyStep<=4; subMin=:3; subMax=:99; 水上都市リヴァリア FMAP000015-00 / ソフィアと話す / default=:True; 水上都市リヴァリア FMAP000015-00; 水上都市リヴァリア FMAP000015-00,現行参照,story.js:1397,,
376,第4段階 水上都市・海底神殿・レクスノート邸,メイン・イベント,,LOCKED_SEABED_TEMPLE,システム,海の底に沈む神殿が見える。だが、水流は荒く、入口らしき場所も兵の影に塞がれている。,,1/2,locked_seabed_temple,event=locked_seabed_temple; actions=CONV:LOCKED_SEABED_TEMPLE,現行参照,story.js:1409,,
377,第4段階 水上都市・海底神殿・レクスノート邸,メイン・イベント,,LOCKED_SEABED_TEMPLE,ケイト,"この流れでは入れません。
水上都市なら、古い水路を知っている人がいるはずです。",104,2/2,locked_seabed_temple,event=locked_seabed_temple; actions=CONV:LOCKED_SEABED_TEMPLE,現行参照,story.js:1409,,
378,第4段階 水上都市・海底神殿・レクスノート邸,メイン・イベント,,SEABED_TEMPLE_GATE_ENCOUNTER,システム,沈水回廊の水門前。青く錆びた扉を背に、黒鎧の兵士たちが進路を塞いでいる。,,1/3,sea_temple_gate_encounter,"event=sea_temple_gate_encounter; actions=CONV:SEABED_TEMPLE_GATE_ENCOUNTER -> BOSS(value=[301021, 301022, 301021])",現行参照,story.js:1420,,
379,第4段階 水上都市・海底神殿・レクスノート邸,メイン・イベント,,SEABED_TEMPLE_GATE_ENCOUNTER,ダークナイト,ここから先は祈祷の間へ続く。民間人はもちろん、王国の命なき兵すら通さぬ。,,2/3,sea_temple_gate_encounter,"event=sea_temple_gate_encounter; actions=CONV:SEABED_TEMPLE_GATE_ENCOUNTER -> BOSS(value=[301021, 301022, 301021])",現行参照,story.js:1420,,
380,第4段階 水上都市・海底神殿・レクスノート邸,メイン・イベント,,SEABED_TEMPLE_GATE_ENCOUNTER,ケイト,あの騎士がこの神殿の鍵を持っているかもしれません。倒すしかない、です…！,104,3/3,sea_temple_gate_encounter,"event=sea_temple_gate_encounter; actions=CONV:SEABED_TEMPLE_GATE_ENCOUNTER -> BOSS(value=[301021, 301022, 301021])",現行参照,story.js:1420,,
381,第4段階 水上都市・海底神殿・レクスノート邸,メイン・イベント,,SEABED_TEMPLE_GATE_CLEAR,ダークナイト,ぐっ……シーリス様、お許しを…,,1/3,sea_temple_gate_clear,event=sea_temple_gate_clear; actions=CONV:SEABED_TEMPLE_GATE_CLEAR -> FLAG(key=seabedTempleGateCleared) -> LOG(value=鍵束を入手した。海底神殿の水門へ進もう。),現行参照,story.js:1435,,
382,第4段階 水上都市・海底神殿・レクスノート邸,メイン・イベント,,SEABED_TEMPLE_GATE_CLEAR,システム,鍵束を手に入れた！,,2/3,sea_temple_gate_clear,event=sea_temple_gate_clear; actions=CONV:SEABED_TEMPLE_GATE_CLEAR -> FLAG(key=seabedTempleGateCleared) -> LOG(value=鍵束を入手した。海底神殿の水門へ進もう。),現行参照,story.js:1435,,
383,第4段階 水上都市・海底神殿・レクスノート邸,メイン・イベント,,SEABED_TEMPLE_GATE_CLEAR,ケイト,鍵の色が同じ扉なら開くようです…！神殿内には兵士がたくさん…慎重に進みましょう。,104,3/3,sea_temple_gate_clear,event=sea_temple_gate_clear; actions=CONV:SEABED_TEMPLE_GATE_CLEAR -> FLAG(key=seabedTempleGateCleared) -> LOG(value=鍵束を入手した。海底神殿の水門へ進もう。),現行参照,story.js:1435,,
384,第4段階 水上都市・海底神殿・レクスノート邸,メイン・イベント,,SEABED_SYRIS_ENCOUNTER,システム,祈祷の間は凍てつき、侵入者を拒んでいるようだ。,,1/6,water_temple_syris_encounter,"event=water_temple_syris_encounter; actions=CONV:SEABED_SYRIS_ENCOUNTER -> BOSS(value=[301022, 301030, 301022])",現行参照,story.js:1450,,
385,第4段階 水上都市・海底神殿・レクスノート邸,メイン・イベント,,SEABED_SYRIS_ENCOUNTER,システム,水のプリズムの光は薄れ、床一面に霜が広がっている。,,2/6,water_temple_syris_encounter,"event=water_temple_syris_encounter; actions=CONV:SEABED_SYRIS_ENCOUNTER -> BOSS(value=[301022, 301030, 301022])",現行参照,story.js:1450,,
386,第4段階 水上都市・海底神殿・レクスノート邸,メイン・イベント,,SEABED_SYRIS_ENCOUNTER,氷楔のシーリス,ずいぶん遅かったのね。奇跡と呼ばれた水の力は、既に凍てつく刃として王国へ捧げられた。,,3/6,water_temple_syris_encounter,"event=water_temple_syris_encounter; actions=CONV:SEABED_SYRIS_ENCOUNTER -> BOSS(value=[301022, 301030, 301022])",現行参照,story.js:1450,,
387,第4段階 水上都市・海底神殿・レクスノート邸,メイン・イベント,,SEABED_SYRIS_ENCOUNTER,ケイト,息が……凍る……。でも、ここで退くわけにはいきません…！！,104,4/6,water_temple_syris_encounter,"event=water_temple_syris_encounter; actions=CONV:SEABED_SYRIS_ENCOUNTER -> BOSS(value=[301022, 301030, 301022])",現行参照,story.js:1450,,
388,第4段階 水上都市・海底神殿・レクスノート邸,メイン・イベント,,SEABED_SYRIS_ENCOUNTER,氷楔のシーリス,ならば眠りなさい。この水底で、永遠に。,,5/6,water_temple_syris_encounter,"event=water_temple_syris_encounter; actions=CONV:SEABED_SYRIS_ENCOUNTER -> BOSS(value=[301022, 301030, 301022])",現行参照,story.js:1450,,
389,第4段階 水上都市・海底神殿・レクスノート邸,メイン・イベント,,SEABED_SYRIS_ENCOUNTER,システム,シーリスから巨大な冷気が迸り、[N:301]達の体を突き刺した…！！,,6/6,water_temple_syris_encounter,"event=water_temple_syris_encounter; actions=CONV:SEABED_SYRIS_ENCOUNTER -> BOSS(value=[301022, 301030, 301022])",現行参照,story.js:1450,,
390,第4段階 水上都市・海底神殿・レクスノート邸,メイン・イベント,,SEABED_TEMPLE_CLEAR,システム,凍りついた祈祷の間に水音が戻り、プリズムから青い光が広がっていく……！,,1/10,water_temple_clear,"event=water_temple_clear; actions=CONV:SEABED_TEMPLE_CLEAR -> ALLY(value=104) -> FLAG(key=waterCityRiotReported) -> FLAG(key=waterCityRiotStarted) -> WORLD_STATE(value=0,key=waterCityRiotWave) -> WORLD_STATE(value=1,key=waterCityState) -> SUB(value=4) -> LOG(value=水上都市で暗黒騎士が暴動を起こした。急いで街へ戻ろう。)",現行参照,story.js:1477,,
391,第4段階 水上都市・海底神殿・レクスノート邸,メイン・イベント,,SEABED_TEMPLE_CLEAR,氷楔のシーリス,ここまで届く……か。けれど、儀式はまだ終わらない。全てはこの国のため……,,2/10,water_temple_clear,"event=water_temple_clear; actions=CONV:SEABED_TEMPLE_CLEAR -> ALLY(value=104) -> FLAG(key=waterCityRiotReported) -> FLAG(key=waterCityRiotStarted) -> WORLD_STATE(value=0,key=waterCityRiotWave) -> WORLD_STATE(value=1,key=waterCityState) -> SUB(value=4) -> LOG(value=水上都市で暗黒騎士が暴動を起こした。急いで街へ戻ろう。)",現行参照,story.js:1477,,
392,第4段階 水上都市・海底神殿・レクスノート邸,メイン・イベント,,SEABED_TEMPLE_CLEAR,システム,シーリスは砕ける氷の向こうへ退き、残っていた暗黒騎士たちも神殿から引き上げていく。,,3/10,water_temple_clear,"event=water_temple_clear; actions=CONV:SEABED_TEMPLE_CLEAR -> ALLY(value=104) -> FLAG(key=waterCityRiotReported) -> FLAG(key=waterCityRiotStarted) -> WORLD_STATE(value=0,key=waterCityRiotWave) -> WORLD_STATE(value=1,key=waterCityState) -> SUB(value=4) -> LOG(value=水上都市で暗黒騎士が暴動を起こした。急いで街へ戻ろう。)",現行参照,story.js:1477,,
393,第4段階 水上都市・海底神殿・レクスノート邸,メイン・イベント,,SEABED_TEMPLE_CLEAR,ケイト,"水の流れが戻っています。これなら街も……。
まず水上都市へ戻って、無事を確かめましょう。",104,4/10,water_temple_clear,"event=water_temple_clear; actions=CONV:SEABED_TEMPLE_CLEAR -> ALLY(value=104) -> FLAG(key=waterCityRiotReported) -> FLAG(key=waterCityRiotStarted) -> WORLD_STATE(value=0,key=waterCityRiotWave) -> WORLD_STATE(value=1,key=waterCityState) -> SUB(value=4) -> LOG(value=水上都市で暗黒騎士が暴動を起こした。急いで街へ戻ろう。)",現行参照,story.js:1477,,
394,第4段階 水上都市・海底神殿・レクスノート邸,メイン・イベント,,SEABED_TEMPLE_CLEAR,ケイト,"それと……ここまで来て、もう『案内役だから』なんて言っていられません。
これからも、僕を一緒に行かせてください。",104,5/10,water_temple_clear,"event=water_temple_clear; actions=CONV:SEABED_TEMPLE_CLEAR -> ALLY(value=104) -> FLAG(key=waterCityRiotReported) -> FLAG(key=waterCityRiotStarted) -> WORLD_STATE(value=0,key=waterCityRiotWave) -> WORLD_STATE(value=1,key=waterCityState) -> SUB(value=4) -> LOG(value=水上都市で暗黒騎士が暴動を起こした。急いで街へ戻ろう。)",現行参照,story.js:1477,,
395,第4段階 水上都市・海底神殿・レクスノート邸,メイン・イベント,,SEABED_TEMPLE_CLEAR,システム,[N:104]が正式に仲間に加わった！,,6/10,water_temple_clear,"event=water_temple_clear; actions=CONV:SEABED_TEMPLE_CLEAR -> ALLY(value=104) -> FLAG(key=waterCityRiotReported) -> FLAG(key=waterCityRiotStarted) -> WORLD_STATE(value=0,key=waterCityRiotWave) -> WORLD_STATE(value=1,key=waterCityState) -> SUB(value=4) -> LOG(value=水上都市で暗黒騎士が暴動を起こした。急いで街へ戻ろう。)",現行参照,story.js:1477,,
396,第4段階 水上都市・海底神殿・レクスノート邸,メイン・イベント,,SEABED_TEMPLE_CLEAR,システム,"その時、祭壇の床に残った水が小さく震えた。
青い波紋とともに、遠くからソフィアの声が届く。",,7/10,water_temple_clear,"event=water_temple_clear; actions=CONV:SEABED_TEMPLE_CLEAR -> ALLY(value=104) -> FLAG(key=waterCityRiotReported) -> FLAG(key=waterCityRiotStarted) -> WORLD_STATE(value=0,key=waterCityRiotWave) -> WORLD_STATE(value=1,key=waterCityState) -> SUB(value=4) -> LOG(value=水上都市で暗黒騎士が暴動を起こした。急いで街へ戻ろう。)",現行参照,story.js:1477,,
397,第4段階 水上都市・海底神殿・レクスノート邸,メイン・イベント,,SEABED_TEMPLE_CLEAR,ソフィア,ケイト、聞こえるかい。返事はいらない。今すぐ戻ってきな。,202,8/10,water_temple_clear,"event=water_temple_clear; actions=CONV:SEABED_TEMPLE_CLEAR -> ALLY(value=104) -> FLAG(key=waterCityRiotReported) -> FLAG(key=waterCityRiotStarted) -> WORLD_STATE(value=0,key=waterCityRiotWave) -> WORLD_STATE(value=1,key=waterCityState) -> SUB(value=4) -> LOG(value=水上都市で暗黒騎士が暴動を起こした。急いで街へ戻ろう。)",現行参照,story.js:1477,,
398,第4段階 水上都市・海底神殿・レクスノート邸,メイン・イベント,,SEABED_TEMPLE_CLEAR,ソフィア,"黒鎧の連中が街の中で剣を抜いた。命令を聞く顔じゃない。
住民まで追ってる。",202,9/10,water_temple_clear,"event=water_temple_clear; actions=CONV:SEABED_TEMPLE_CLEAR -> ALLY(value=104) -> FLAG(key=waterCityRiotReported) -> FLAG(key=waterCityRiotStarted) -> WORLD_STATE(value=0,key=waterCityRiotWave) -> WORLD_STATE(value=1,key=waterCityState) -> SUB(value=4) -> LOG(value=水上都市で暗黒騎士が暴動を起こした。急いで街へ戻ろう。)",現行参照,story.js:1477,,
399,第4段階 水上都市・海底神殿・レクスノート邸,メイン・イベント,,SEABED_TEMPLE_CLEAR,ケイト,"ソフィアさん……！
[N:301]、急ぎましょう。水上都市が危ない！",104,10/10,water_temple_clear,"event=water_temple_clear; actions=CONV:SEABED_TEMPLE_CLEAR -> ALLY(value=104) -> FLAG(key=waterCityRiotReported) -> FLAG(key=waterCityRiotStarted) -> WORLD_STATE(value=0,key=waterCityRiotWave) -> WORLD_STATE(value=1,key=waterCityState) -> SUB(value=4) -> LOG(value=水上都市で暗黒騎士が暴動を起こした。急いで街へ戻ろう。)",現行参照,story.js:1477,,
400,第4段階 水上都市・海底神殿・レクスノート邸,メイン・イベント,水上都市リヴァリア FMAP000015-00,WATER_CITY_RIOT_WAVE_1,システム,"水上都市へ駆け戻ると、南の水路まで怒号が響いていた。
黒鎧の兵が、逃げ遅れた住民へ刃を向けている。",,1/4,water_city_riot_wave_1,"event=water_city_riot_wave_1; actions=CONV:WATER_CITY_RIOT_WAVE_1 -> BOSS(value=[301021, 301021, 301021]); 水上都市リヴァリア FMAP000015-00 / 暗黒騎士を止める",現行参照,story.js:1525,,
401,第4段階 水上都市・海底神殿・レクスノート邸,メイン・イベント,水上都市リヴァリア FMAP000015-00,WATER_CITY_RIOT_WAVE_1,ケイト,神殿から引いた兵たちです……でも、様子が違う。,104,2/4,water_city_riot_wave_1,"event=water_city_riot_wave_1; actions=CONV:WATER_CITY_RIOT_WAVE_1 -> BOSS(value=[301021, 301021, 301021]); 水上都市リヴァリア FMAP000015-00 / 暗黒騎士を止める",現行参照,story.js:1525,,
402,第4段階 水上都市・海底神殿・レクスノート邸,メイン・イベント,水上都市リヴァリア FMAP000015-00,WATER_CITY_RIOT_WAVE_1,暗黒騎士,退避命令に従わぬ者は敵性とみなす。排除する。,,3/4,water_city_riot_wave_1,"event=water_city_riot_wave_1; actions=CONV:WATER_CITY_RIOT_WAVE_1 -> BOSS(value=[301021, 301021, 301021]); 水上都市リヴァリア FMAP000015-00 / 暗黒騎士を止める",現行参照,story.js:1525,,
403,第4段階 水上都市・海底神殿・レクスノート邸,メイン・イベント,水上都市リヴァリア FMAP000015-00,WATER_CITY_RIOT_WAVE_1,主人公,住民を下がらせろ。ここは通さない。,301,4/4,water_city_riot_wave_1,"event=water_city_riot_wave_1; actions=CONV:WATER_CITY_RIOT_WAVE_1 -> BOSS(value=[301021, 301021, 301021]); 水上都市リヴァリア FMAP000015-00 / 暗黒騎士を止める",現行参照,story.js:1525,,
404,第4段階 水上都市・海底神殿・レクスノート邸,メイン・イベント,,WATER_CITY_RIOT_WAVE_1_CLEAR,町人,西の船渠にも黒鎧がいる！　子どもたちが逃げ込んだんだ！,,1/2,water_city_riot_wave_1_clear,"event=water_city_riot_wave_1_clear; actions=CONV:WATER_CITY_RIOT_WAVE_1_CLEAR -> WORLD_STATE(value=1,key=waterCityRiotWave) -> LOG(value=西の船渠へ向かい、暴動した暗黒騎士を止めよう。)",現行参照,story.js:1545,,
405,第4段階 水上都市・海底神殿・レクスノート邸,メイン・イベント,,WATER_CITY_RIOT_WAVE_1_CLEAR,ケイト,まだ終わってません。急ぎましょう！,104,2/2,water_city_riot_wave_1_clear,"event=water_city_riot_wave_1_clear; actions=CONV:WATER_CITY_RIOT_WAVE_1_CLEAR -> WORLD_STATE(value=1,key=waterCityRiotWave) -> LOG(value=西の船渠へ向かい、暴動した暗黒騎士を止めよう。)",現行参照,story.js:1545,,
406,第4段階 水上都市・海底神殿・レクスノート邸,メイン・イベント,水上都市リヴァリア FMAP000015-00,WATER_CITY_RIOT_WAVE_2,システム,西の船渠。倉庫の扉を背に、船大工たちが追い詰められている。,,1/3,water_city_riot_wave_2,"event=water_city_riot_wave_2; actions=CONV:WATER_CITY_RIOT_WAVE_2 -> BOSS(value=[301021, 301022]); 水上都市リヴァリア FMAP000015-00 / 船渠の暗黒騎士を止める",現行参照,story.js:1556,,
407,第4段階 水上都市・海底神殿・レクスノート邸,メイン・イベント,水上都市リヴァリア FMAP000015-00,WATER_CITY_RIOT_WAVE_2,船大工,中には子どもがいる！　ここから先へは行かせるな！,,2/3,water_city_riot_wave_2,"event=water_city_riot_wave_2; actions=CONV:WATER_CITY_RIOT_WAVE_2 -> BOSS(value=[301021, 301022]); 水上都市リヴァリア FMAP000015-00 / 船渠の暗黒騎士を止める",現行参照,story.js:1556,,
408,第4段階 水上都市・海底神殿・レクスノート邸,メイン・イベント,水上都市リヴァリア FMAP000015-00,WATER_CITY_RIOT_WAVE_2,暗黒騎士,進路を妨害する者を排除する。,,3/3,water_city_riot_wave_2,"event=water_city_riot_wave_2; actions=CONV:WATER_CITY_RIOT_WAVE_2 -> BOSS(value=[301021, 301022]); 水上都市リヴァリア FMAP000015-00 / 船渠の暗黒騎士を止める",現行参照,story.js:1556,,
409,第4段階 水上都市・海底神殿・レクスノート邸,メイン・イベント,,WATER_CITY_RIOT_WAVE_2_CLEAR,船大工,助かった……！　中央橋でも剣の音がした。まだいるぞ！,,1/1,water_city_riot_wave_2_clear,"event=water_city_riot_wave_2_clear; actions=CONV:WATER_CITY_RIOT_WAVE_2_CLEAR -> WORLD_STATE(value=2,key=waterCityRiotWave) -> LOG(value=中央水路へ急ぎ、避難路を確保しよう。)",現行参照,story.js:1570,,
410,第4段階 水上都市・海底神殿・レクスノート邸,メイン・イベント,水上都市リヴァリア FMAP000015-00,WATER_CITY_RIOT_WAVE_3,システム,中央水路へ回ると、黒鎧の一隊が避難路を塞いでいた。,,1/2,water_city_riot_wave_3,"event=water_city_riot_wave_3; actions=CONV:WATER_CITY_RIOT_WAVE_3 -> BOSS(value=[301022, 301022]); 水上都市リヴァリア FMAP000015-00 / 中央水路の暗黒騎士を止める",現行参照,story.js:1576,,
411,第4段階 水上都市・海底神殿・レクスノート邸,メイン・イベント,水上都市リヴァリア FMAP000015-00,WATER_CITY_RIOT_WAVE_3,ケイト,ここを抜かれたら、北側へ逃げた人たちが挟まれます。止めましょう！,104,2/2,water_city_riot_wave_3,"event=water_city_riot_wave_3; actions=CONV:WATER_CITY_RIOT_WAVE_3 -> BOSS(value=[301022, 301022]); 水上都市リヴァリア FMAP000015-00 / 中央水路の暗黒騎士を止める",現行参照,story.js:1576,,
412,第4段階 水上都市・海底神殿・レクスノート邸,メイン・イベント,,WATER_CITY_RIOT_WAVE_3_CLEAR,ソフィア,"聞こえるかい！　北橋にも回り込んでる。
広場へ抜かせるんじゃないよ！",202,1/1,water_city_riot_wave_3_clear,"event=water_city_riot_wave_3_clear; actions=CONV:WATER_CITY_RIOT_WAVE_3_CLEAR -> WORLD_STATE(value=3,key=waterCityRiotWave) -> LOG(value=北側の橋へ回り、負傷者の退路を守ろう。)",現行参照,story.js:1587,,
413,第4段階 水上都市・海底神殿・レクスノート邸,メイン・イベント,水上都市リヴァリア FMAP000015-00,WATER_CITY_RIOT_WAVE_4,システム,北側の橋では、負傷者を運ぶ住民へ暗黒騎士が迫っていた。,,1/2,water_city_riot_wave_4,"event=water_city_riot_wave_4; actions=CONV:WATER_CITY_RIOT_WAVE_4 -> BOSS(value=[301021, 301022, 301021]); 水上都市リヴァリア FMAP000015-00 / 北側の暗黒騎士を止める",現行参照,story.js:1594,,
414,第4段階 水上都市・海底神殿・レクスノート邸,メイン・イベント,水上都市リヴァリア FMAP000015-00,WATER_CITY_RIOT_WAVE_4,主人公,負傷者を先に。ここは俺たちが止める。,301,2/2,water_city_riot_wave_4,"event=water_city_riot_wave_4; actions=CONV:WATER_CITY_RIOT_WAVE_4 -> BOSS(value=[301021, 301022, 301021]); 水上都市リヴァリア FMAP000015-00 / 北側の暗黒騎士を止める",現行参照,story.js:1594,,
415,第4段階 水上都市・海底神殿・レクスノート邸,メイン・イベント,,WATER_CITY_RIOT_WAVE_4_CLEAR,元兵士,広場に残った連中が集まってる！　あそこが最後だ！,,1/1,water_city_riot_wave_4_clear,"event=water_city_riot_wave_4_clear; actions=CONV:WATER_CITY_RIOT_WAVE_4_CLEAR -> WORLD_STATE(value=4,key=waterCityRiotWave) -> LOG(value=中央広場へ向かい、最後の暗黒騎士部隊を止めよう。)",現行参照,story.js:1605,,
416,第4段階 水上都市・海底神殿・レクスノート邸,メイン・イベント,水上都市リヴァリア FMAP000015-00,WATER_CITY_RIOT_WAVE_5,システム,中央広場。最後に残った黒鎧の一隊が、街の中心を占拠している。,,1/3,water_city_riot_wave_5,"event=water_city_riot_wave_5; actions=CONV:WATER_CITY_RIOT_WAVE_5 -> BOSS(value=[301022, 301022, 301021]); 水上都市リヴァリア FMAP000015-00 / 広場の暗黒騎士を止める",現行参照,story.js:1611,,
417,第4段階 水上都市・海底神殿・レクスノート邸,メイン・イベント,水上都市リヴァリア FMAP000015-00,WATER_CITY_RIOT_WAVE_5,暗黒騎士,王国の秩序を乱す者を排除する。例外はない。,,2/3,water_city_riot_wave_5,"event=water_city_riot_wave_5; actions=CONV:WATER_CITY_RIOT_WAVE_5 -> BOSS(value=[301022, 301022, 301021]); 水上都市リヴァリア FMAP000015-00 / 広場の暗黒騎士を止める",現行参照,story.js:1611,,
418,第4段階 水上都市・海底神殿・レクスノート邸,メイン・イベント,水上都市リヴァリア FMAP000015-00,WATER_CITY_RIOT_WAVE_5,ケイト,街の人を斬っておいて……それが秩序だって言うんですか！,104,3/3,water_city_riot_wave_5,"event=water_city_riot_wave_5; actions=CONV:WATER_CITY_RIOT_WAVE_5 -> BOSS(value=[301022, 301022, 301021]); 水上都市リヴァリア FMAP000015-00 / 広場の暗黒騎士を止める",現行参照,story.js:1611,,
419,第4段階 水上都市・海底神殿・レクスノート邸,メイン・イベント,,WATER_CITY_RIOT_SUPPRESSED,システム,"最後の黒鎧が膝をつく。
その直後、北橋から揃った軍靴の音が響いた。",,1/17,water_city_riot_suppressed,"event=water_city_riot_suppressed; actions=CONV:WATER_CITY_RIOT_SUPPRESSED -> WORLD_STATE(value=5,key=waterCityRiotWave) -> FLAG(key=waterCityRiotSuppressed) -> FLAG(key=waterCityCleared) -> WORLD_STATE(value=2,key=waterCityState) -> SUB(value=5) -> LOG(value=水上都市の暴動は鎮圧された。街の様子を確かめ、ソフィアと話そう。)",現行参照,story.js:1626,,
420,第4段階 水上都市・海底神殿・レクスノート邸,メイン・イベント,,WATER_CITY_RIOT_SUPPRESSED,システム,白銀の甲冑をまとった騎士たちが広場へなだれ込み、残存する暗黒騎士を一気に取り囲む。,,2/17,water_city_riot_suppressed,"event=water_city_riot_suppressed; actions=CONV:WATER_CITY_RIOT_SUPPRESSED -> WORLD_STATE(value=5,key=waterCityRiotWave) -> FLAG(key=waterCityRiotSuppressed) -> FLAG(key=waterCityCleared) -> WORLD_STATE(value=2,key=waterCityState) -> SUB(value=5) -> LOG(value=水上都市の暴動は鎮圧された。街の様子を確かめ、ソフィアと話そう。)",現行参照,story.js:1626,,
421,第4段階 水上都市・海底神殿・レクスノート邸,メイン・イベント,,WATER_CITY_RIOT_SUPPRESSED,クロード,第一班は負傷者を運べ！　第二班、武器を捨てた奴には手を出すな！,304,3/17,water_city_riot_suppressed,"event=water_city_riot_suppressed; actions=CONV:WATER_CITY_RIOT_SUPPRESSED -> WORLD_STATE(value=5,key=waterCityRiotWave) -> FLAG(key=waterCityRiotSuppressed) -> FLAG(key=waterCityCleared) -> WORLD_STATE(value=2,key=waterCityState) -> SUB(value=5) -> LOG(value=水上都市の暴動は鎮圧された。街の様子を確かめ、ソフィアと話そう。)",現行参照,story.js:1626,,
422,第4段階 水上都市・海底神殿・レクスノート邸,メイン・イベント,,WATER_CITY_RIOT_SUPPRESSED,レオン,東橋を塞げ。追撃はするな。民間人の避難を最優先にしろ。,305,4/17,water_city_riot_suppressed,"event=water_city_riot_suppressed; actions=CONV:WATER_CITY_RIOT_SUPPRESSED -> WORLD_STATE(value=5,key=waterCityRiotWave) -> FLAG(key=waterCityRiotSuppressed) -> FLAG(key=waterCityCleared) -> WORLD_STATE(value=2,key=waterCityState) -> SUB(value=5) -> LOG(value=水上都市の暴動は鎮圧された。街の様子を確かめ、ソフィアと話そう。)",現行参照,story.js:1626,,
423,第4段階 水上都市・海底神殿・レクスノート邸,メイン・イベント,,WATER_CITY_RIOT_SUPPRESSED,システム,指示は迷いなく通り、街に残っていた剣戟の音がようやく途切れていく。,,5/17,water_city_riot_suppressed,"event=water_city_riot_suppressed; actions=CONV:WATER_CITY_RIOT_SUPPRESSED -> WORLD_STATE(value=5,key=waterCityRiotWave) -> FLAG(key=waterCityRiotSuppressed) -> FLAG(key=waterCityCleared) -> WORLD_STATE(value=2,key=waterCityState) -> SUB(value=5) -> LOG(value=水上都市の暴動は鎮圧された。街の様子を確かめ、ソフィアと話そう。)",現行参照,story.js:1626,,
424,第4段階 水上都市・海底神殿・レクスノート邸,メイン・イベント,,WATER_CITY_RIOT_SUPPRESSED,クロード,"……遅れた。王国の鎧を着た連中が民に剣を向けた。
別系統の部隊だ、で済ませる気はない。すまなかった。",304,6/17,water_city_riot_suppressed,"event=water_city_riot_suppressed; actions=CONV:WATER_CITY_RIOT_SUPPRESSED -> WORLD_STATE(value=5,key=waterCityRiotWave) -> FLAG(key=waterCityRiotSuppressed) -> FLAG(key=waterCityCleared) -> WORLD_STATE(value=2,key=waterCityState) -> SUB(value=5) -> LOG(value=水上都市の暴動は鎮圧された。街の様子を確かめ、ソフィアと話そう。)",現行参照,story.js:1626,,
425,第4段階 水上都市・海底神殿・レクスノート邸,メイン・イベント,,WATER_CITY_RIOT_SUPPRESSED,町人,謝るのはあんたらじゃないよ！　この人たちがいなきゃ、もっと大勢やられてた！,,7/17,water_city_riot_suppressed,"event=water_city_riot_suppressed; actions=CONV:WATER_CITY_RIOT_SUPPRESSED -> WORLD_STATE(value=5,key=waterCityRiotWave) -> FLAG(key=waterCityRiotSuppressed) -> FLAG(key=waterCityCleared) -> WORLD_STATE(value=2,key=waterCityState) -> SUB(value=5) -> LOG(value=水上都市の暴動は鎮圧された。街の様子を確かめ、ソフィアと話そう。)",現行参照,story.js:1626,,
426,第4段階 水上都市・海底神殿・レクスノート邸,メイン・イベント,,WATER_CITY_RIOT_SUPPRESSED,町人,そうだ！　神殿も街も救ってくれたんだ。救世主ってのは、こういう人たちのことだろ！,,8/17,water_city_riot_suppressed,"event=water_city_riot_suppressed; actions=CONV:WATER_CITY_RIOT_SUPPRESSED -> WORLD_STATE(value=5,key=waterCityRiotWave) -> FLAG(key=waterCityRiotSuppressed) -> FLAG(key=waterCityCleared) -> WORLD_STATE(value=2,key=waterCityState) -> SUB(value=5) -> LOG(value=水上都市の暴動は鎮圧された。街の様子を確かめ、ソフィアと話そう。)",現行参照,story.js:1626,,
427,第4段階 水上都市・海底神殿・レクスノート邸,メイン・イベント,,WATER_CITY_RIOT_SUPPRESSED,レオン,……救世主、か。,305,9/17,water_city_riot_suppressed,"event=water_city_riot_suppressed; actions=CONV:WATER_CITY_RIOT_SUPPRESSED -> WORLD_STATE(value=5,key=waterCityRiotWave) -> FLAG(key=waterCityRiotSuppressed) -> FLAG(key=waterCityCleared) -> WORLD_STATE(value=2,key=waterCityState) -> SUB(value=5) -> LOG(value=水上都市の暴動は鎮圧された。街の様子を確かめ、ソフィアと話そう。)",現行参照,story.js:1626,,
428,第4段階 水上都市・海底神殿・レクスノート邸,メイン・イベント,,WATER_CITY_RIOT_SUPPRESSED,レオン,"民を守ったことは認める。だが、お前たちは王国の制止を振り切り、各地のプリズムへ踏み込んでいる。
結果が正しかったからといって、独断まで正しくなるわけじゃない。",305,10/17,water_city_riot_suppressed,"event=water_city_riot_suppressed; actions=CONV:WATER_CITY_RIOT_SUPPRESSED -> WORLD_STATE(value=5,key=waterCityRiotWave) -> FLAG(key=waterCityRiotSuppressed) -> FLAG(key=waterCityCleared) -> WORLD_STATE(value=2,key=waterCityState) -> SUB(value=5) -> LOG(value=水上都市の暴動は鎮圧された。街の様子を確かめ、ソフィアと話そう。)",現行参照,story.js:1626,,
429,第4段階 水上都市・海底神殿・レクスノート邸,メイン・イベント,,WATER_CITY_RIOT_SUPPRESSED,主人公,目の前で助けを求める人がいた。命令を待って見捨てる気はない。,301,11/17,water_city_riot_suppressed,"event=water_city_riot_suppressed; actions=CONV:WATER_CITY_RIOT_SUPPRESSED -> WORLD_STATE(value=5,key=waterCityRiotWave) -> FLAG(key=waterCityRiotSuppressed) -> FLAG(key=waterCityCleared) -> WORLD_STATE(value=2,key=waterCityState) -> SUB(value=5) -> LOG(value=水上都市の暴動は鎮圧された。街の様子を確かめ、ソフィアと話そう。)",現行参照,story.js:1626,,
430,第4段階 水上都市・海底神殿・レクスノート邸,メイン・イベント,,WATER_CITY_RIOT_SUPPRESSED,レオン,……そういうところだ。,305,12/17,water_city_riot_suppressed,"event=water_city_riot_suppressed; actions=CONV:WATER_CITY_RIOT_SUPPRESSED -> WORLD_STATE(value=5,key=waterCityRiotWave) -> FLAG(key=waterCityRiotSuppressed) -> FLAG(key=waterCityCleared) -> WORLD_STATE(value=2,key=waterCityState) -> SUB(value=5) -> LOG(value=水上都市の暴動は鎮圧された。街の様子を確かめ、ソフィアと話そう。)",現行参照,story.js:1626,,
431,第4段階 水上都市・海底神殿・レクスノート邸,メイン・イベント,,WATER_CITY_RIOT_SUPPRESSED,クロード,"レオン。気持ちは分かる。けど、今それをぶつける相手が違う。
こいつらがいなきゃ、もっと死んでた。そこは曲げるな。",304,13/17,water_city_riot_suppressed,"event=water_city_riot_suppressed; actions=CONV:WATER_CITY_RIOT_SUPPRESSED -> WORLD_STATE(value=5,key=waterCityRiotWave) -> FLAG(key=waterCityRiotSuppressed) -> FLAG(key=waterCityCleared) -> WORLD_STATE(value=2,key=waterCityState) -> SUB(value=5) -> LOG(value=水上都市の暴動は鎮圧された。街の様子を確かめ、ソフィアと話そう。)",現行参照,story.js:1626,,
432,第4段階 水上都市・海底神殿・レクスノート邸,メイン・イベント,,WATER_CITY_RIOT_SUPPRESSED,レオン,……分かっている。だから厄介なんだ。,305,14/17,water_city_riot_suppressed,"event=water_city_riot_suppressed; actions=CONV:WATER_CITY_RIOT_SUPPRESSED -> WORLD_STATE(value=5,key=waterCityRiotWave) -> FLAG(key=waterCityRiotSuppressed) -> FLAG(key=waterCityCleared) -> WORLD_STATE(value=2,key=waterCityState) -> SUB(value=5) -> LOG(value=水上都市の暴動は鎮圧された。街の様子を確かめ、ソフィアと話そう。)",現行参照,story.js:1626,,
433,第4段階 水上都市・海底神殿・レクスノート邸,メイン・イベント,,WATER_CITY_RIOT_SUPPRESSED,クロード,"俺はクロード。こっちはレオン。聖騎士団だ。
今日の不始末は俺たちが調べる。お前たちにも聞きたいことはあるが――今は休め。",304,15/17,water_city_riot_suppressed,"event=water_city_riot_suppressed; actions=CONV:WATER_CITY_RIOT_SUPPRESSED -> WORLD_STATE(value=5,key=waterCityRiotWave) -> FLAG(key=waterCityRiotSuppressed) -> FLAG(key=waterCityCleared) -> WORLD_STATE(value=2,key=waterCityState) -> SUB(value=5) -> LOG(value=水上都市の暴動は鎮圧された。街の様子を確かめ、ソフィアと話そう。)",現行参照,story.js:1626,,
434,第4段階 水上都市・海底神殿・レクスノート邸,メイン・イベント,,WATER_CITY_RIOT_SUPPRESSED,レオン,次に会う時までに、自分たちが何に刃を向けているのか考えておけ。,305,16/17,water_city_riot_suppressed,"event=water_city_riot_suppressed; actions=CONV:WATER_CITY_RIOT_SUPPRESSED -> WORLD_STATE(value=5,key=waterCityRiotWave) -> FLAG(key=waterCityRiotSuppressed) -> FLAG(key=waterCityCleared) -> WORLD_STATE(value=2,key=waterCityState) -> SUB(value=5) -> LOG(value=水上都市の暴動は鎮圧された。街の様子を確かめ、ソフィアと話そう。)",現行参照,story.js:1626,,
435,第4段階 水上都市・海底神殿・レクスノート邸,メイン・イベント,,WATER_CITY_RIOT_SUPPRESSED,クロード,"……言い方。
まあ、俺たちも調べる。今度は遅れないようにな。",304,17/17,water_city_riot_suppressed,"event=water_city_riot_suppressed; actions=CONV:WATER_CITY_RIOT_SUPPRESSED -> WORLD_STATE(value=5,key=waterCityRiotWave) -> FLAG(key=waterCityRiotSuppressed) -> FLAG(key=waterCityCleared) -> WORLD_STATE(value=2,key=waterCityState) -> SUB(value=5) -> LOG(value=水上都市の暴動は鎮圧された。街の様子を確かめ、ソフィアと話そう。)",現行参照,story.js:1626,,
436,第4段階 水上都市・海底神殿・レクスノート邸,メイン・イベント,水上都市リヴァリア FMAP000015-00,WATER_CITY_RIOT_SOPHIA,ソフィア,"こっちは住民を水路裏へ逃がす。あんたたちは黒鎧を止めて。
北へ抜かせるんじゃないよ。",202,1/1,water_city_riot_sophia,event=water_city_riot_sophia; actions=CONV:WATER_CITY_RIOT_SOPHIA; 水上都市リヴァリア FMAP000015-00 / ソフィアと話す,現行参照,story.js:1708,,
437,第4段階 水上都市・海底神殿・レクスノート邸,メイン・イベント,水上都市リヴァリア FMAP000015-00,WATER_CITY_RIOT_ELDER,老人,"水路沿いへ出るな。裏手を通れ。
若いのが時間を稼いでるうちに、子どもから逃がすんだ。",,1/1,town_water_riot_elder,event=town_water_riot_elder; actions=CONV:WATER_CITY_RIOT_ELDER; 水上都市リヴァリア FMAP000015-00 / 老人と話す,現行参照,story.js:1715,,
438,第4段階 水上都市・海底神殿・レクスノート邸,メイン・イベント,水上都市リヴァリア FMAP000015-00,WATER_CITY_RIOT_BOATMAN,船大工,"子どもは船渠の倉庫へ入れた。扉は厚い。
俺はここで、逃げる道を空ける。",,1/1,town_water_riot_boatman,event=town_water_riot_boatman; actions=CONV:WATER_CITY_RIOT_BOATMAN; 水上都市リヴァリア FMAP000015-00 / 船大工と話す,現行参照,story.js:1721,,
439,第4段階 水上都市・海底神殿・レクスノート邸,メイン・イベント,水上都市リヴァリア FMAP000015-00,WATER_CITY_RIOT_VETERAN,元兵士,"剣はもう振れんが、盾なら持てる。
あんたらは前へ行け。ここは通させない。",,1/1,town_water_riot_veteran,event=town_water_riot_veteran; actions=CONV:WATER_CITY_RIOT_VETERAN; 水上都市リヴァリア FMAP000015-00 / 元兵士と話す,現行参照,story.js:1727,,
440,第4段階 水上都市・海底神殿・レクスノート邸,メイン・イベント,水上都市リヴァリア FMAP000015-00,WATER_CITY_RIOT_FERRYMAN,渡し守,"橋を渡るな！　黒鎧が向こう側を走ってる！
水路なら俺が逃がす。陸は頼んだぞ！",,1/1,town_water_riot_ferryman,event=town_water_riot_ferryman; actions=CONV:WATER_CITY_RIOT_FERRYMAN; 水上都市リヴァリア FMAP000015-00 / 渡し守と話す,現行参照,story.js:1733,,
441,第4段階 水上都市・海底神殿・レクスノート邸,村人・町会話,水上都市リヴァリア FMAP000015-00,TOWN_WATER_SAINT_RUMOR,荷運び人,あの聖騎士団、すごかったよな。噂だけど、王都には聖女様ってのもいるらしいぜ。,,1/2,town_water_saint_rumor,event=town_water_saint_rumor; actions=CONV:TOWN_WATER_SAINT_RUMOR; 水上都市リヴァリア FMAP000015-00 / 荷運び人と話す,現行参照,story.js:1739,,
442,第4段階 水上都市・海底神殿・レクスノート邸,村人・町会話,水上都市リヴァリア FMAP000015-00,TOWN_WATER_SAINT_RUMOR,荷運び人,"つい最近も、魔族の拠点を聖なる光で浄化したって話だ。
教団には頭が上がらないな。",,2/2,town_water_saint_rumor,event=town_water_saint_rumor; actions=CONV:TOWN_WATER_SAINT_RUMOR; 水上都市リヴァリア FMAP000015-00 / 荷運び人と話す,現行参照,story.js:1739,,
443,第4段階 水上都市・海底神殿・レクスノート邸,メイン・イベント,水上都市リヴァリア FMAP000015-00,WATER_CITY_POST_RIOT_SUPPLY,備蓄係,"黒鎧が押さえてた備蓄を整理してる。あんたたちが守ってくれなきゃ、倉庫ごと持っていかれてた。
上の箱で使えそうなものがあれば持っていってくれ。",,1/1,town_water_post_riot_supply,event=town_water_post_riot_supply; actions=CONV:WATER_CITY_POST_RIOT_SUPPLY; 水上都市リヴァリア FMAP000015-00 / 備蓄係と話す,現行参照,story.js:1760,,
444,第4段階 水上都市・海底神殿・レクスノート邸,メイン・イベント,水上都市リヴァリア FMAP000015-00,WATER_CITY_POST_RIOT_ALCHEMIST,錬金術師,水のプリズムが静まって、ここの水はまた澄み始めた。余計な魔力の濁りが少ないから、薬にも触媒にも向くんだ。,,1/2,town_water_post_riot_alchemist,event=town_water_post_riot_alchemist; actions=CONV:WATER_CITY_POST_RIOT_ALCHEMIST; 水上都市リヴァリア FMAP000015-00 / 錬金術師と話す,現行参照,story.js:1766,,
445,第4段階 水上都市・海底神殿・レクスノート邸,メイン・イベント,水上都市リヴァリア FMAP000015-00,WATER_CITY_POST_RIOT_ALCHEMIST,錬金術師,錬金所も開け直したよ。素材があるなら寄っていきな。街が戻る時は、薬がいくらあっても困らない。,,2/2,town_water_post_riot_alchemist,event=town_water_post_riot_alchemist; actions=CONV:WATER_CITY_POST_RIOT_ALCHEMIST; 水上都市リヴァリア FMAP000015-00 / 錬金術師と話す,現行参照,story.js:1766,,
446,第4段階 水上都市・海底神殿・レクスノート邸,クエスト,澄んだ水路の残火 [water_city_hunt_waterway],QUEST_WATER_CITY_WATERWAY_KEEPER_START,水路番,"ちょうどよかった。修復船を出したいんだが、近海と神殿側にウィスプが残ってる。
船頭が怖がって、櫂を持とうとしない。",,1/2,quest_water_city_waterway_keeper_start,event=quest_water_city_waterway_keeper_start; actions=CONV:QUEST_WATER_CITY_WATERWAY_KEEPER_START,現行参照,story.js:1776,,
447,第4段階 水上都市・海底神殿・レクスノート邸,クエスト,澄んだ水路の残火 [water_city_hunt_waterway],QUEST_WATER_CITY_WATERWAY_KEEPER_START,水路番,"十五体ほど減れば、まず一本は通せる。
水路は俺たちで直す。魔物の方だけ、頼めないか。",,2/2,quest_water_city_waterway_keeper_start,event=quest_water_city_waterway_keeper_start; actions=CONV:QUEST_WATER_CITY_WATERWAY_KEEPER_START,現行参照,story.js:1776,,
448,第4段階 水上都市・海底神殿・レクスノート邸,クエスト,澄んだ水路の残火 [water_city_hunt_waterway],QUEST_WATER_CITY_WATERWAY_KEEPER_REPORT,水路番,"戻ったか。さっき修復船を一本出した。
久しぶりに、荷じゃなく工具を積んだ船だ。",,1/2,quest_water_city_waterway_keeper_report,event=quest_water_city_waterway_keeper_report; actions=CONV:QUEST_WATER_CITY_WATERWAY_KEEPER_REPORT,現行参照,story.js:1786,,
449,第4段階 水上都市・海底神殿・レクスノート邸,クエスト,澄んだ水路の残火 [water_city_hunt_waterway],QUEST_WATER_CITY_WATERWAY_KEEPER_REPORT,水路番,"助かった。これで水路は人の仕事に戻せる。
魔物相手より、泥さらいの方が俺には向いてる。",,2/2,quest_water_city_waterway_keeper_report,event=quest_water_city_waterway_keeper_report; actions=CONV:QUEST_WATER_CITY_WATERWAY_KEEPER_REPORT,現行参照,story.js:1786,,
450,第4段階 水上都市・海底神殿・レクスノート邸,メイン・イベント,水上都市リヴァリア FMAP000015-00,WATER_CITY_AFTER_CLEAR,システム,"暴動が収まり、水上都市にはようやく人の声が戻り始めた。
澄んだ水路のそばで、住民たちが倒れた看板や荷を起こしている。",,1/5,water_city_after_clear,event=water_city_after_clear; actions=CONV:WATER_CITY_AFTER_CLEAR -> FLAG(key=waterCityPostClearTalked) -> SUB(value=5) -> LOG(value=解放された水上都市で一息つき、街に残る手掛かりを探そう。); 水上都市リヴァリア FMAP000015-00 / ソフィアと話す,現行参照,story.js:1796,,
451,第4段階 水上都市・海底神殿・レクスノート邸,メイン・イベント,水上都市リヴァリア FMAP000015-00,WATER_CITY_AFTER_CLEAR,都市の長,"水のプリズムだけじゃない。この街まで守ってもらった。
君たちには、何度礼を言っても足りない。",,2/5,water_city_after_clear,event=water_city_after_clear; actions=CONV:WATER_CITY_AFTER_CLEAR -> FLAG(key=waterCityPostClearTalked) -> SUB(value=5) -> LOG(value=解放された水上都市で一息つき、街に残る手掛かりを探そう。); 水上都市リヴァリア FMAP000015-00 / ソフィアと話す,現行参照,story.js:1796,,
452,第4段階 水上都市・海底神殿・レクスノート邸,メイン・イベント,水上都市リヴァリア FMAP000015-00,WATER_CITY_AFTER_CLEAR,ソフィア,神殿から戻った足で五度も斬り合ったんだ。今くらいは肩の力を抜きな。,202,3/5,water_city_after_clear,event=water_city_after_clear; actions=CONV:WATER_CITY_AFTER_CLEAR -> FLAG(key=waterCityPostClearTalked) -> SUB(value=5) -> LOG(value=解放された水上都市で一息つき、街に残る手掛かりを探そう。); 水上都市リヴァリア FMAP000015-00 / ソフィアと話す,現行参照,story.js:1796,,
453,第4段階 水上都市・海底神殿・レクスノート邸,メイン・イベント,水上都市リヴァリア FMAP000015-00,WATER_CITY_AFTER_CLEAR,ソフィア,"兵が引いた今なら、閉じてた店も記録庫も動き出す。
気になるなら街を歩いてみるといい。私も少し状況を整理する。",202,4/5,water_city_after_clear,event=water_city_after_clear; actions=CONV:WATER_CITY_AFTER_CLEAR -> FLAG(key=waterCityPostClearTalked) -> SUB(value=5) -> LOG(value=解放された水上都市で一息つき、街に残る手掛かりを探そう。); 水上都市リヴァリア FMAP000015-00 / ソフィアと話す,現行参照,story.js:1796,,
454,第4段階 水上都市・海底神殿・レクスノート邸,メイン・イベント,水上都市リヴァリア FMAP000015-00,WATER_CITY_AFTER_CLEAR,ケイト,"……少しだけ、街の様子を見て回りましょう。
助けを必要としている人が、まだいるかもしれません。",104,5/5,water_city_after_clear,event=water_city_after_clear; actions=CONV:WATER_CITY_AFTER_CLEAR -> FLAG(key=waterCityPostClearTalked) -> SUB(value=5) -> LOG(value=解放された水上都市で一息つき、街に残る手掛かりを探そう。); 水上都市リヴァリア FMAP000015-00 / ソフィアと話す,現行参照,story.js:1796,,
455,第4段階 水上都市・海底神殿・レクスノート邸,村人・町会話,水上都市リヴァリア FMAP000015-00,TOWN_WATER_VILLAGER_1,老人,"水差しは使うなよ。
底に、黒い砂がたまる。",1003,1/4,town_water_villager_1,event=town_water_villager_1; actions=CONV:TOWN_WATER_VILLAGER_1; 水上都市リヴァリア FMAP000015-00 / 老人と話す / 要フラグ:thunderFortCleared; 水上都市リヴァリア FMAP000015-00,現行参照,story.js:1821,,
456,第4段階 水上都市・海底神殿・レクスノート邸,村人・町会話,水上都市リヴァリア FMAP000015-00,TOWN_WATER_VILLAGER_1,老人,"客は減った。
でも洗濯物だけ増える。嫌になるね。",1003,2/4,town_water_villager_1,event=town_water_villager_1; actions=CONV:TOWN_WATER_VILLAGER_1; 水上都市リヴァリア FMAP000015-00 / 老人と話す / 要フラグ:thunderFortCleared; 水上都市リヴァリア FMAP000015-00,現行参照,story.js:1821,,
457,第4段階 水上都市・海底神殿・レクスノート邸,村人・町会話,水上都市リヴァリア FMAP000015-00,TOWN_WATER_VILLAGER_1,老人,"濁った水で洗うと、白い布ほど汚れる。
人も同じかね。",1003,3/4,town_water_villager_1,event=town_water_villager_1; actions=CONV:TOWN_WATER_VILLAGER_1; 水上都市リヴァリア FMAP000015-00 / 老人と話す / 要フラグ:thunderFortCleared; 水上都市リヴァリア FMAP000015-00,現行参照,story.js:1821,,
458,第4段階 水上都市・海底神殿・レクスノート邸,村人・町会話,水上都市リヴァリア FMAP000015-00,TOWN_WATER_VILLAGER_1,老人,"うちの孫は、白い布を隠したよ。
汚れる前にしまえばいいって。……子どもは賢い。",1003,4/4,town_water_villager_1,event=town_water_villager_1; actions=CONV:TOWN_WATER_VILLAGER_1; 水上都市リヴァリア FMAP000015-00 / 老人と話す / 要フラグ:thunderFortCleared; 水上都市リヴァリア FMAP000015-00,現行参照,story.js:1821,,
459,第4段階 水上都市・海底神殿・レクスノート邸,村人・町会話,水上都市リヴァリア FMAP000015-00,TOWN_WATER_VILLAGER_2,船大工,"水が澄んだ。まず床を拭いたよ。
きれいな水ほど、汚れを見逃してくれない。",1002,1/3,town_water_villager_2,event=town_water_villager_2; actions=CONV:TOWN_WATER_VILLAGER_2; 水上都市リヴァリア FMAP000015-00 / 船大工と話す / default=:True; 水上都市リヴァリア FMAP000015-00,現行参照,story.js:1843,,
460,第4段階 水上都市・海底神殿・レクスノート邸,村人・町会話,水上都市リヴァリア FMAP000015-00,TOWN_WATER_VILLAGER_2,船大工,"飲む前に床で分かるんだ。
人が生きる水か、ただ流れてるだけの水かってな。",1002,2/3,town_water_villager_2,event=town_water_villager_2; actions=CONV:TOWN_WATER_VILLAGER_2; 水上都市リヴァリア FMAP000015-00 / 船大工と話す / default=:True; 水上都市リヴァリア FMAP000015-00,現行参照,story.js:1843,,
461,第4段階 水上都市・海底神殿・レクスノート邸,村人・町会話,水上都市リヴァリア FMAP000015-00,TOWN_WATER_VILLAGER_2,船大工,"昨日は木が膨れて、釘が逃げた。
今日は釘が素直だ。街も少しは素直になるかね。",1002,3/3,town_water_villager_2,event=town_water_villager_2; actions=CONV:TOWN_WATER_VILLAGER_2; 水上都市リヴァリア FMAP000015-00 / 船大工と話す / default=:True; 水上都市リヴァリア FMAP000015-00,現行参照,story.js:1843,,
462,第4段階 水上都市・海底神殿・レクスノート邸,村人・町会話,水上都市リヴァリア FMAP000015-00,TOWN_WATER_VILLAGER_2_AFTER,船大工,"澄んだ水は厄介だ。
船底の傷まで丸見えになる。",1002,1/2,town_water_villager_2_after,event=town_water_villager_2_after; actions=CONV:TOWN_WATER_VILLAGER_2_AFTER; 水上都市リヴァリア FMAP000015-00 / 船大工と話す / 要フラグ:waterCityCleared; 水上都市リヴァリア FMAP000015-00,現行参照,story.js:1860,,
463,第4段階 水上都市・海底神殿・レクスノート邸,村人・町会話,水上都市リヴァリア FMAP000015-00,TOWN_WATER_VILLAGER_2_AFTER,船大工,"だが、直す場所が見えるのはいい。
街も船も同じだな。",1002,2/2,town_water_villager_2_after,event=town_water_villager_2_after; actions=CONV:TOWN_WATER_VILLAGER_2_AFTER; 水上都市リヴァリア FMAP000015-00 / 船大工と話す / 要フラグ:waterCityCleared; 水上都市リヴァリア FMAP000015-00,現行参照,story.js:1860,,
464,第4段階 水上都市・海底神殿・レクスノート邸,村人・町会話,水上都市リヴァリア FMAP000015-00,TOWN_WATER_VILLAGER_3,元兵士,"ジョセフ様は、よく怒鳴った。
下がれ。俺の後ろにいろ、って。",1002,1/2,town_water_villager_3,event=town_water_villager_3; actions=CONV:TOWN_WATER_VILLAGER_3; 水上都市リヴァリア FMAP000015-00 / 元兵士と話す,現行参照,story.js:1872,,
465,第4段階 水上都市・海底神殿・レクスノート邸,村人・町会話,水上都市リヴァリア FMAP000015-00,TOWN_WATER_VILLAGER_3,元兵士,"あの背中があったから、
俺たちは前を向けたんだ。",1002,2/2,town_water_villager_3,event=town_water_villager_3; actions=CONV:TOWN_WATER_VILLAGER_3; 水上都市リヴァリア FMAP000015-00 / 元兵士と話す,現行参照,story.js:1872,,
466,第4段階 水上都市・海底神殿・レクスノート邸,村人・町会話,水上都市リヴァリア FMAP000015-00,TOWN_WATER_VILLAGER_4,渡し守,"水は戻ったが、流れが若い。
昔の川筋を忘れてやがる。",1002,1/2,town_water_villager_4,event=town_water_villager_4; actions=CONV:TOWN_WATER_VILLAGER_4; 水上都市リヴァリア FMAP000015-00 / 渡し守と話す / default=:True; 水上都市リヴァリア FMAP000015-00,現行参照,story.js:1884,,
467,第4段階 水上都市・海底神殿・レクスノート邸,村人・町会話,水上都市リヴァリア FMAP000015-00,TOWN_WATER_VILLAGER_4,渡し守,"急ぐ客ほど船を揺らす。
あんたは、足を静かに置けるな。",1002,2/2,town_water_villager_4,event=town_water_villager_4; actions=CONV:TOWN_WATER_VILLAGER_4; 水上都市リヴァリア FMAP000015-00 / 渡し守と話す / default=:True; 水上都市リヴァリア FMAP000015-00,現行参照,story.js:1884,,
468,第4段階 水上都市・海底神殿・レクスノート邸,村人・町会話,水上都市リヴァリア FMAP000015-00,TOWN_WATER_VILLAGER_4_AFTER,渡し守,"川が昔の道を思い出した。
櫂を入れる音でわかる。",1002,1/2,town_water_villager_4_after,event=town_water_villager_4_after; actions=CONV:TOWN_WATER_VILLAGER_4_AFTER; 水上都市リヴァリア FMAP000015-00 / 渡し守と話す / 要フラグ:waterCityCleared; 水上都市リヴァリア FMAP000015-00,現行参照,story.js:1896,,
469,第4段階 水上都市・海底神殿・レクスノート邸,村人・町会話,水上都市リヴァリア FMAP000015-00,TOWN_WATER_VILLAGER_4_AFTER,渡し守,"次に戻る時は客で来な。
戦支度の顔は、もう十分だ。",1002,2/2,town_water_villager_4_after,event=town_water_villager_4_after; actions=CONV:TOWN_WATER_VILLAGER_4_AFTER; 水上都市リヴァリア FMAP000015-00 / 渡し守と話す / 要フラグ:waterCityCleared; 水上都市リヴァリア FMAP000015-00,現行参照,story.js:1896,,
470,第4段階 水上都市・海底神殿・レクスノート邸,クエスト,祈り手マリーの討伐依頼 [marie_water_city],QUEST_MARIE_START,マリー,"避難してきた子たちが、夜になると眠れないんです。
水音に混じって、外から爪の音がするから。",,1/5,quest_marie_start,event=quest_marie_start; actions=CONV:QUEST_MARIE_START,現行参照,story.js:1908,,
471,第4段階 水上都市・海底神殿・レクスノート邸,クエスト,祈り手マリーの討伐依頼 [marie_water_city],QUEST_MARIE_START,マリー,"水上都市近海に、アクアウィスプとウィスプナイト。
合わせて五体ほど、船路に居ついています。",,2/5,quest_marie_start,event=quest_marie_start; actions=CONV:QUEST_MARIE_START,現行参照,story.js:1908,,
472,第4段階 水上都市・海底神殿・レクスノート邸,クエスト,祈り手マリーの討伐依頼 [marie_water_city],QUEST_MARIE_START,マリー,"祈るだけでは、あの子たちの朝を守れません。
お願いです。あの魔物を退けてください。",,3/5,quest_marie_start,event=quest_marie_start; actions=CONV:QUEST_MARIE_START,現行参照,story.js:1908,,
473,第4段階 水上都市・海底神殿・レクスノート邸,クエスト,祈り手マリーの討伐依頼 [marie_water_city],QUEST_MARIE_START,主人公,わかった。水上都市近海を見てくる。,301,4/5,quest_marie_start,event=quest_marie_start; actions=CONV:QUEST_MARIE_START,現行参照,story.js:1908,,
474,第4段階 水上都市・海底神殿・レクスノート邸,クエスト,祈り手マリーの討伐依頼 [marie_water_city],QUEST_MARIE_START,マリー,"ありがとうございます。
私はここで、戻ってくる船の灯りを消さずに待ちます。",,5/5,quest_marie_start,event=quest_marie_start; actions=CONV:QUEST_MARIE_START,現行参照,story.js:1908,,
475,第4段階 水上都市・海底神殿・レクスノート邸,クエスト,祈り手マリーの討伐依頼 [marie_water_city],QUEST_MARIE_REPORT,マリー,"子どもたちが、久しぶりに
外の風を嗅いで笑いました。",,1/2,quest_marie_report,event=quest_marie_report; actions=CONV:QUEST_MARIE_REPORT,現行参照,story.js:1931,,
476,第4段階 水上都市・海底神殿・レクスノート邸,クエスト,祈り手マリーの討伐依頼 [marie_water_city],QUEST_MARIE_REPORT,マリー,"次は私が、あなたの道を
照らす番ですね。",,2/2,quest_marie_report,event=quest_marie_report; actions=CONV:QUEST_MARIE_REPORT,現行参照,story.js:1931,,
477,第4段階 水上都市・海底神殿・レクスノート邸,メイン・イベント,水上都市リヴァリア FMAP000015-00,WATER_CITY_WIND_MESSENGER,風の集落の使い,"[N:301]さんたちですか？　よかった、まだ街にいた……！
あの時カザリアを救ってくれた人たちならって、みんなで話して……頼みがあるんです。",,1/6,water_city_wind_messenger,event=water_city_wind_messenger; actions=CONV:WATER_CITY_WIND_MESSENGER -> FLAG(key=arisaHaineMainStoryRequired) -> SUB(value=6) -> LOG(value=風の集落へ戻り、アリサとハイネの消息を確かめよう。); 水上都市リヴァリア FMAP000015-00 / 息を切らした使いと話す,現行参照,story.js:1941,,
478,第4段階 水上都市・海底神殿・レクスノート邸,メイン・イベント,水上都市リヴァリア FMAP000015-00,WATER_CITY_WIND_MESSENGER,風の集落の使い,"旅の途中で寄っていたアリサって子が、森の奥から風の音がするって言い出して。
風のプリズムへ祈るだけだって、一人で神殿へ向かったんです。",,2/6,water_city_wind_messenger,event=water_city_wind_messenger; actions=CONV:WATER_CITY_WIND_MESSENGER -> FLAG(key=arisaHaineMainStoryRequired) -> SUB(value=6) -> LOG(value=風の集落へ戻り、アリサとハイネの消息を確かめよう。); 水上都市リヴァリア FMAP000015-00 / 息を切らした使いと話す,現行参照,story.js:1941,,
479,第4段階 水上都市・海底神殿・レクスノート邸,メイン・イベント,水上都市リヴァリア FMAP000015-00,WATER_CITY_WIND_MESSENGER,風の集落の使い,"神殿までは行ったらしい。でも、そのあと森のもっと奥へ入った跡があって……戻ってこない。
ハイネさんが追ったんですが、今度は二人とも。",,3/6,water_city_wind_messenger,event=water_city_wind_messenger; actions=CONV:WATER_CITY_WIND_MESSENGER -> FLAG(key=arisaHaineMainStoryRequired) -> SUB(value=6) -> LOG(value=風の集落へ戻り、アリサとハイネの消息を確かめよう。); 水上都市リヴァリア FMAP000015-00 / 息を切らした使いと話す,現行参照,story.js:1941,,
480,第4段階 水上都市・海底神殿・レクスノート邸,メイン・イベント,水上都市リヴァリア FMAP000015-00,WATER_CITY_WIND_MESSENGER,ケイト,禁忌の森の深部……。放ってはおけません。,104,4/6,water_city_wind_messenger,event=water_city_wind_messenger; actions=CONV:WATER_CITY_WIND_MESSENGER -> FLAG(key=arisaHaineMainStoryRequired) -> SUB(value=6) -> LOG(value=風の集落へ戻り、アリサとハイネの消息を確かめよう。); 水上都市リヴァリア FMAP000015-00 / 息を切らした使いと話す,現行参照,story.js:1941,,
481,第4段階 水上都市・海底神殿・レクスノート邸,メイン・イベント,水上都市リヴァリア FMAP000015-00,WATER_CITY_WIND_MESSENGER,ソフィア,"行ってきな。二人が戻らないなら、今はそっちが先だ。
その間に私は船の持ち主を調べておくよ。",202,5/6,water_city_wind_messenger,event=water_city_wind_messenger; actions=CONV:WATER_CITY_WIND_MESSENGER -> FLAG(key=arisaHaineMainStoryRequired) -> SUB(value=6) -> LOG(value=風の集落へ戻り、アリサとハイネの消息を確かめよう。); 水上都市リヴァリア FMAP000015-00 / 息を切らした使いと話す,現行参照,story.js:1941,,
482,第4段階 水上都市・海底神殿・レクスノート邸,メイン・イベント,水上都市リヴァリア FMAP000015-00,WATER_CITY_WIND_MESSENGER,ソフィア,戻る頃には、何かしら掴んでおく。だからあんたたちは、帰ってくる人数を減らすんじゃないよ。,202,6/6,water_city_wind_messenger,event=water_city_wind_messenger; actions=CONV:WATER_CITY_WIND_MESSENGER -> FLAG(key=arisaHaineMainStoryRequired) -> SUB(value=6) -> LOG(value=風の集落へ戻り、アリサとハイネの消息を確かめよう。); 水上都市リヴァリア FMAP000015-00 / 息を切らした使いと話す,現行参照,story.js:1941,,
483,第4段階 水上都市・海底神殿・レクスノート邸,メイン・イベント,水上都市リヴァリア FMAP000015-00,WATER_CITY_REXNOTE_BRIEFING,ソフィア,おかえり。二人とも無事か。……こっちも一つ掴んだよ。,202,1/7,water_city_rexnote_briefing,event=water_city_rexnote_briefing; actions=CONV:WATER_CITY_REXNOTE_BRIEFING -> FLAG(key=rexnoteRouteKnown) -> SUB(value=9); 水上都市リヴァリア FMAP000015-00 / ソフィアに二人の無事を伝える,現行参照,story.js:2114,,
484,第4段階 水上都市・海底神殿・レクスノート邸,メイン・イベント,水上都市リヴァリア FMAP000015-00,WATER_CITY_REXNOTE_BRIEFING,ソフィア,"この辺りの船は軍と商会で押さえられてる。
自由に動かせそうなのが一隻だけ、旧レクスノート侯爵家に残っている。",202,2/7,water_city_rexnote_briefing,event=water_city_rexnote_briefing; actions=CONV:WATER_CITY_REXNOTE_BRIEFING -> FLAG(key=rexnoteRouteKnown) -> SUB(value=9); 水上都市リヴァリア FMAP000015-00 / ソフィアに二人の無事を伝える,現行参照,story.js:2114,,
485,第4段階 水上都市・海底神殿・レクスノート邸,メイン・イベント,水上都市リヴァリア FMAP000015-00,WATER_CITY_REXNOTE_BRIEFING,ハイネ,レクスノート……アレル侯か。,207,3/7,water_city_rexnote_briefing,event=water_city_rexnote_briefing; actions=CONV:WATER_CITY_REXNOTE_BRIEFING -> FLAG(key=rexnoteRouteKnown) -> SUB(value=9); 水上都市リヴァリア FMAP000015-00 / ソフィアに二人の無事を伝える,現行参照,story.js:2114,,
486,第4段階 水上都市・海底神殿・レクスノート邸,メイン・イベント,水上都市リヴァリア FMAP000015-00,WATER_CITY_REXNOTE_BRIEFING,ケイト,知っているんですか？,104,4/7,water_city_rexnote_briefing,event=water_city_rexnote_briefing; actions=CONV:WATER_CITY_REXNOTE_BRIEFING -> FLAG(key=rexnoteRouteKnown) -> SUB(value=9); 水上都市リヴァリア FMAP000015-00 / ソフィアに二人の無事を伝える,現行参照,story.js:2114,,
487,第4段階 水上都市・海底神殿・レクスノート邸,メイン・イベント,水上都市リヴァリア FMAP000015-00,WATER_CITY_REXNOTE_BRIEFING,ハイネ,"ギルドの依頼で何度か仕事を請けた。護衛、討伐、荷の護衛だ。
家臣でも友人でもない。だが、依頼の筋は通す人だった。",207,5/7,water_city_rexnote_briefing,event=water_city_rexnote_briefing; actions=CONV:WATER_CITY_REXNOTE_BRIEFING -> FLAG(key=rexnoteRouteKnown) -> SUB(value=9); 水上都市リヴァリア FMAP000015-00 / ソフィアに二人の無事を伝える,現行参照,story.js:2114,,
488,第4段階 水上都市・海底神殿・レクスノート邸,メイン・イベント,水上都市リヴァリア FMAP000015-00,WATER_CITY_REXNOTE_BRIEFING,ソフィア,"なら話が早い。今の持ち主は息子のアラン＝レクスノート。
邸は水上都市の外れだ。",202,6/7,water_city_rexnote_briefing,event=water_city_rexnote_briefing; actions=CONV:WATER_CITY_REXNOTE_BRIEFING -> FLAG(key=rexnoteRouteKnown) -> SUB(value=9); 水上都市リヴァリア FMAP000015-00 / ソフィアに二人の無事を伝える,現行参照,story.js:2114,,
489,第4段階 水上都市・海底神殿・レクスノート邸,メイン・イベント,水上都市リヴァリア FMAP000015-00,WATER_CITY_REXNOTE_BRIEFING,ハイネ,息子か。……会ってみよう。,207,7/7,water_city_rexnote_briefing,event=water_city_rexnote_briefing; actions=CONV:WATER_CITY_REXNOTE_BRIEFING -> FLAG(key=rexnoteRouteKnown) -> SUB(value=9); 水上都市リヴァリア FMAP000015-00 / ソフィアに二人の無事を伝える,現行参照,story.js:2114,,
490,第4段階 水上都市・海底神殿・レクスノート邸,メイン・イベント,,REXNOTE_REGULUS_ENCOUNTER,システム,"四層まで揺らいでいた迷宮が嘘のように止まり、古い書架の並ぶ空間へ出た。
書庫の奥で、閉じた本と魔法陣がひとりでに浮かび上がる。",,1/4,rexnote_regulus_battle,event=rexnote_regulus_battle; actions=CONV:REXNOTE_REGULUS_ENCOUNTER -> BOSS(value=301033),現行参照,story.js:2263,,
491,第4段階 水上都市・海底神殿・レクスノート邸,メイン・イベント,,REXNOTE_REGULUS_ENCOUNTER,魔導司書レグルス,照合。レクスノート家現当主――不在。同行者――閲覧資格なし。,,2/4,rexnote_regulus_battle,event=rexnote_regulus_battle; actions=CONV:REXNOTE_REGULUS_ENCOUNTER -> BOSS(value=301033),現行参照,story.js:2263,,
492,第4段階 水上都市・海底神殿・レクスノート邸,メイン・イベント,,REXNOTE_REGULUS_ENCOUNTER,魔導司書レグルス,禁書区画への侵入を確認。記録保全のため、排除を開始する。,,3/4,rexnote_regulus_battle,event=rexnote_regulus_battle; actions=CONV:REXNOTE_REGULUS_ENCOUNTER -> BOSS(value=301033),現行参照,story.js:2263,,
493,第4段階 水上都市・海底神殿・レクスノート邸,メイン・イベント,,REXNOTE_REGULUS_ENCOUNTER,ハイネ,古い守護術式か。止めるなら、正面から壊すしかなさそうだ。,207,4/4,rexnote_regulus_battle,event=rexnote_regulus_battle; actions=CONV:REXNOTE_REGULUS_ENCOUNTER -> BOSS(value=301033),現行参照,story.js:2263,,
494,第4段階 水上都市・海底神殿・レクスノート邸,メイン・イベント,,REXNOTE_REGULUS_CLEAR,システム,レグルスを形作っていた魔法陣がほどけ、書架の奥に隠されていた机が姿を現した。,,1/3,rexnote_regulus_clear,event=rexnote_regulus_clear; actions=CONV:REXNOTE_REGULUS_CLEAR -> FLAG(key=rexnoteRegulusDefeated) -> IF_ITEM -> FLAG(key=rexnoteGrimoireObtained) -> SUB(value=11) -> LOG(value=レクスノートの魔道書をアランへ届けよう。),現行参照,story.js:2282,,
495,第4段階 水上都市・海底神殿・レクスノート邸,メイン・イベント,,REXNOTE_REGULUS_CLEAR,ケイト,この表紙……レクスノート家の紋章です。アランさんが言っていた『証』は、これかもしれません。,104,2/3,rexnote_regulus_clear,event=rexnote_regulus_clear; actions=CONV:REXNOTE_REGULUS_CLEAR -> FLAG(key=rexnoteRegulusDefeated) -> IF_ITEM -> FLAG(key=rexnoteGrimoireObtained) -> SUB(value=11) -> LOG(value=レクスノートの魔道書をアランへ届けよう。),現行参照,story.js:2282,,
496,第4段階 水上都市・海底神殿・レクスノート邸,メイン・イベント,,REXNOTE_REGULUS_CLEAR,システム,『レクスノートの魔道書』を手に入れた！,,3/3,rexnote_regulus_clear,event=rexnote_regulus_clear; actions=CONV:REXNOTE_REGULUS_CLEAR -> FLAG(key=rexnoteRegulusDefeated) -> IF_ITEM -> FLAG(key=rexnoteGrimoireObtained) -> SUB(value=11) -> LOG(value=レクスノートの魔道書をアランへ届けよう。),現行参照,story.js:2282,,
497,第4段階 水上都市・海底神殿・レクスノート邸,クエスト,,QUEST_SOPHIA_ALAN_ENCOUNTER,ソフィア,"祭壇の流れが逆向きだ。
来るよ、足場から離れないで。",,1/2,quest_sophia_alan_encounter,"event=quest_sophia_alan_encounter; actions=CONV:QUEST_SOPHIA_ALAN_ENCOUNTER -> BOSS(value=[303208, 303202])",現行参照,story.js:2629,,
498,第4段階 水上都市・海底神殿・レクスノート邸,クエスト,,QUEST_SOPHIA_ALAN_ENCOUNTER,アラン,"正面は私が受けます。
ソフィア、流れを読むのは任せた。",,2/2,quest_sophia_alan_encounter,"event=quest_sophia_alan_encounter; actions=CONV:QUEST_SOPHIA_ALAN_ENCOUNTER -> BOSS(value=[303208, 303202])",現行参照,story.js:2629,,
499,第4段階 水上都市・海底神殿・レクスノート邸,クエスト,,QUEST_SOPHIA_ALAN_CLEAR,ソフィア,"禁じられた水路ほど、
先を覗きたくなるものさ。",,1/3,quest_sophia_alan_clear,event=quest_sophia_alan_clear; actions=CONV:QUEST_SOPHIA_ALAN_CLEAR,現行参照,story.js:2639,,
500,第4段階 水上都市・海底神殿・レクスノート邸,クエスト,,QUEST_SOPHIA_ALAN_CLEAR,アラン,"あなたは覗くだけでは済まない。
私が止め役になります。",,2/3,quest_sophia_alan_clear,event=quest_sophia_alan_clear; actions=CONV:QUEST_SOPHIA_ALAN_CLEAR,現行参照,story.js:2639,,
501,第4段階 水上都市・海底神殿・レクスノート邸,クエスト,,QUEST_SOPHIA_ALAN_CLEAR,ソフィア,"決まりだね。
未知の続きは、この一行で見る。",,3/3,quest_sophia_alan_clear,event=quest_sophia_alan_clear; actions=CONV:QUEST_SOPHIA_ALAN_CLEAR,現行参照,story.js:2639,,
502,第4段階 水上都市・海底神殿・レクスノート邸,メイン・イベント,水上都市リヴァリア FMAP000015-00,UNDERSEA_VOLCANO_ROUTE_HINT_WATER,船大工,海底火山？　カザリアよりずっと北東の海だよ。陸影を探しても見つからない。海の中にあるんだからね。,,1/2,undersea_volcano_route_hint_water,event=undersea_volcano_route_hint_water; actions=CONV:UNDERSEA_VOLCANO_ROUTE_HINT_WATER; 水上都市リヴァリア FMAP000015-00 / 海底火山の場所を聞く,現行参照,story.js:2697,,
503,第4段階 水上都市・海底神殿・レクスノート邸,メイン・イベント,水上都市リヴァリア FMAP000015-00,UNDERSEA_VOLCANO_ROUTE_HINT_WATER,船大工,あそこだけ船底の松脂が柔らかくなる。湯気なんぞ待つな、潮のぬるさを見ろ。,,2/2,undersea_volcano_route_hint_water,event=undersea_volcano_route_hint_water; actions=CONV:UNDERSEA_VOLCANO_ROUTE_HINT_WATER; 水上都市リヴァリア FMAP000015-00 / 海底火山の場所を聞く,現行参照,story.js:2697,,
504,第4段階 水上都市・海底神殿・レクスノート邸,クエスト,シルビアの護衛依頼 [sylvia_water_city],QUEST_SYLVIA_START,シルビア,"ジョセフ様の盾は、
退く者まで守ったと聞きます。",,1/4,quest_sylvia_start,event=quest_sylvia_start; actions=CONV:QUEST_SYLVIA_START,現行参照,story.js:2766,,
505,第4段階 水上都市・海底神殿・レクスノート邸,クエスト,シルビアの護衛依頼 [sylvia_water_city],QUEST_SYLVIA_START,シルビア,"けれど水上都市の外縁には今も、
帰れない荷車が残っています。",,2/4,quest_sylvia_start,event=quest_sylvia_start; actions=CONV:QUEST_SYLVIA_START,現行参照,story.js:2766,,
506,第4段階 水上都市・海底神殿・レクスノート邸,クエスト,シルビアの護衛依頼 [sylvia_water_city],QUEST_SYLVIA_START,シルビア,"ウィスプナイトとバンパイアを
合計五体。護衛を手伝ってください。",,3/4,quest_sylvia_start,event=quest_sylvia_start; actions=CONV:QUEST_SYLVIA_START,現行参照,story.js:2766,,
507,第4段階 水上都市・海底神殿・レクスノート邸,クエスト,シルビアの護衛依頼 [sylvia_water_city],QUEST_SYLVIA_START,シルビア,"私も槍を置く気はありません。
荷台の灯を、門まで戻します。",,4/4,quest_sylvia_start,event=quest_sylvia_start; actions=CONV:QUEST_SYLVIA_START,現行参照,story.js:2766,,
508,第4段階 水上都市・海底神殿・レクスノート邸,クエスト,シルビアの護衛依頼 [sylvia_water_city],QUEST_SYLVIA_REPORT,シルビア,"荷車が三台、門を越えました。
泣いていた御者まで笑って。",,1/2,quest_sylvia_report,event=quest_sylvia_report; actions=CONV:QUEST_SYLVIA_REPORT,現行参照,story.js:2784,,
509,第4段階 水上都市・海底神殿・レクスノート邸,クエスト,シルビアの護衛依頼 [sylvia_water_city],QUEST_SYLVIA_REPORT,シルビア,"守るだけでは届かない場所へ、
今度は私も進みます。",,2/2,quest_sylvia_report,event=quest_sylvia_report; actions=CONV:QUEST_SYLVIA_REPORT,現行参照,story.js:2784,,
510,第4段階 水上都市・海底神殿・レクスノート邸,メイン・イベント,水上都市リヴァリア FMAP000015-00,WATER_CITY_CRYSTAL_TREE_BRIEFING_LEILA_PENDING,ソフィア,レオンさんとルーナさんを診る前に、ひとつだけ確かめたいことがあります。レイラさんに、結晶樹の葉は使いましたか？,202,1/3,water_city_crystal_tree_briefing,event=water_city_crystal_tree_briefing; actions=IF_FLAG; 水上都市リヴァリア FMAP000015-00 / 結晶樹について聞く,現行参照,story.js:3164,,
511,第4段階 水上都市・海底神殿・レクスノート邸,メイン・イベント,水上都市リヴァリア FMAP000015-00,WATER_CITY_CRYSTAL_TREE_BRIEFING_LEILA_PENDING,ケイト,……三人とも、ジャスパーの呪縛を受けています。レイラさんが葉にどう反応するか分かれば、二人の治療法を探す手掛かりになるかもしれません。,104,2/3,water_city_crystal_tree_briefing,event=water_city_crystal_tree_briefing; actions=IF_FLAG; 水上都市リヴァリア FMAP000015-00 / 結晶樹について聞く,現行参照,story.js:3164,,
512,第4段階 水上都市・海底神殿・レクスノート邸,メイン・イベント,水上都市リヴァリア FMAP000015-00,WATER_CITY_CRYSTAL_TREE_BRIEFING_LEILA_PENDING,ソフィア,先にレイラさんの容体を確かめてきてください。その結果を見てから、秘跡へ案内します。,202,3/3,water_city_crystal_tree_briefing,event=water_city_crystal_tree_briefing; actions=IF_FLAG; 水上都市リヴァリア FMAP000015-00 / 結晶樹について聞く,現行参照,story.js:3164,,
513,第4段階 水上都市・海底神殿・レクスノート邸,メイン・イベント,水上都市リヴァリア FMAP000015-00,WATER_CITY_CRYSTAL_TREE_BRIEFING,ソフィア,ミネルバなら、結晶樹の秘跡にいます。根の流れを調べると言って、また一人で潜っていきました。,202,1/2,water_city_crystal_tree_briefing,event=water_city_crystal_tree_briefing; actions=IF_FLAG; 水上都市リヴァリア FMAP000015-00 / 結晶樹について聞く,現行参照,story.js:3169,,
514,第4段階 水上都市・海底神殿・レクスノート邸,メイン・イベント,水上都市リヴァリア FMAP000015-00,WATER_CITY_CRYSTAL_TREE_BRIEFING,ソフィア,北の古い水門を使ってください。あの先なら、彼女の残した目印が見つかるはずです。,202,2/2,water_city_crystal_tree_briefing,event=water_city_crystal_tree_briefing; actions=IF_FLAG; 水上都市リヴァリア FMAP000015-00 / 結晶樹について聞く,現行参照,story.js:3169,,
515,第4段階 水上都市・海底神殿・レクスノート邸,メイン・イベント,水上都市リヴァリア FMAP000015-00,AREL_WATER_ARCHIVE_PHASE8E,システム,水上都市の旧行政記録。処分済みの束に、レクスノート侯爵家の研究申請控えが一枚だけ残っている。,,1/6,arel_kagetora_water_archive_phase8e,event=arel_kagetora_water_archive_phase8e; actions=CONV:AREL_WATER_ARCHIVE_PHASE8E -> FLAG(key=arelArchiveEvidenceFound) -> QUEST_STAGE -> LOG(value=レクスノート邸に残る私的記録を調べよう。); 水上都市リヴァリア FMAP000015-00 / 旧行政記録を調べる,現行参照,story.js:4925,,
516,第4段階 水上都市・海底神殿・レクスノート邸,メイン・イベント,水上都市リヴァリア FMAP000015-00,AREL_WATER_ARCHIVE_PHASE8E,ミネルバ,『六系統を同時に固定する方式は認めない。個別の循環を失わせれば、安定じゃなく崩壊を招く』……へえ。,206,2/6,arel_kagetora_water_archive_phase8e,event=arel_kagetora_water_archive_phase8e; actions=CONV:AREL_WATER_ARCHIVE_PHASE8E -> FLAG(key=arelArchiveEvidenceFound) -> QUEST_STAGE -> LOG(value=レクスノート邸に残る私的記録を調べよう。); 水上都市リヴァリア FMAP000015-00 / 旧行政記録を調べる,現行参照,story.js:4925,,
517,第4段階 水上都市・海底神殿・レクスノート邸,メイン・イベント,水上都市リヴァリア FMAP000015-00,AREL_WATER_ARCHIVE_PHASE8E,シャオ,結晶樹で見たのと、同じ話か？,105,3/6,arel_kagetora_water_archive_phase8e,event=arel_kagetora_water_archive_phase8e; actions=CONV:AREL_WATER_ARCHIVE_PHASE8E -> FLAG(key=arelArchiveEvidenceFound) -> QUEST_STAGE -> LOG(value=レクスノート邸に残る私的記録を調べよう。); 水上都市リヴァリア FMAP000015-00 / 旧行政記録を調べる,現行参照,story.js:4925,,
518,第4段階 水上都市・海底神殿・レクスノート邸,メイン・イベント,水上都市リヴァリア FMAP000015-00,AREL_WATER_ARCHIVE_PHASE8E,ミネルバ,かなり近い。でも、これだけじゃ『危険だと思ってた』って証拠。嵌められた証拠じゃないよ。,206,4/6,arel_kagetora_water_archive_phase8e,event=arel_kagetora_water_archive_phase8e; actions=CONV:AREL_WATER_ARCHIVE_PHASE8E -> FLAG(key=arelArchiveEvidenceFound) -> QUEST_STAGE -> LOG(value=レクスノート邸に残る私的記録を調べよう。); 水上都市リヴァリア FMAP000015-00 / 旧行政記録を調べる,現行参照,story.js:4925,,
519,第4段階 水上都市・海底神殿・レクスノート邸,メイン・イベント,水上都市リヴァリア FMAP000015-00,AREL_WATER_ARCHIVE_PHASE8E,ケイト,余白に別の筆跡があります。『統合計画への妨害。反国家的研究姿勢として報告』。,104,5/6,arel_kagetora_water_archive_phase8e,event=arel_kagetora_water_archive_phase8e; actions=CONV:AREL_WATER_ARCHIVE_PHASE8E -> FLAG(key=arelArchiveEvidenceFound) -> QUEST_STAGE -> LOG(value=レクスノート邸に残る私的記録を調べよう。); 水上都市リヴァリア FMAP000015-00 / 旧行政記録を調べる,現行参照,story.js:4925,,
520,第4段階 水上都市・海底神殿・レクスノート邸,メイン・イベント,水上都市リヴァリア FMAP000015-00,AREL_WATER_ARCHIVE_PHASE8E,ゼリード,……次はレクスノート邸だ。押収しきれなかった私物が残ってるかもしれねえ。,103,6/6,arel_kagetora_water_archive_phase8e,event=arel_kagetora_water_archive_phase8e; actions=CONV:AREL_WATER_ARCHIVE_PHASE8E -> FLAG(key=arelArchiveEvidenceFound) -> QUEST_STAGE -> LOG(value=レクスノート邸に残る私的記録を調べよう。); 水上都市リヴァリア FMAP000015-00 / 旧行政記録を調べる,現行参照,story.js:4925,,
521,第4段階 水上都市・海底神殿・レクスノート邸,メイン・イベント,水上都市リヴァリア FMAP000015-00,AREL_HAYATE_TRUTH_PHASE8E,ハヤテ,ゼリード。父さんの件で、何か分かったんだろ。,203,1/12,arel_kagetora_hayate_truth_phase8e,event=arel_kagetora_hayate_truth_phase8e; actions=CONV:AREL_HAYATE_TRUTH_PHASE8E -> ALLY(value=203) -> FLAG(key=hayateTruthConfrontationSeen) -> QUEST_STAGE -> LOG(value=ゼリードが隠した押収箱を、光の宮殿の旧文書庫で探そう。); 水上都市リヴァリア FMAP000015-00 / ハヤテと話す,現行参照,story.js:4958,,
522,第4段階 水上都市・海底神殿・レクスノート邸,メイン・イベント,水上都市リヴァリア FMAP000015-00,AREL_HAYATE_TRUTH_PHASE8E,ゼリード,……ああ。まず、俺から言わなきゃならねえことがある。,103,2/12,arel_kagetora_hayate_truth_phase8e,event=arel_kagetora_hayate_truth_phase8e; actions=CONV:AREL_HAYATE_TRUTH_PHASE8E -> ALLY(value=203) -> FLAG(key=hayateTruthConfrontationSeen) -> QUEST_STAGE -> LOG(value=ゼリードが隠した押収箱を、光の宮殿の旧文書庫で探そう。); 水上都市リヴァリア FMAP000015-00 / ハヤテと話す,現行参照,story.js:4958,,
523,第4段階 水上都市・海底神殿・レクスノート邸,メイン・イベント,水上都市リヴァリア FMAP000015-00,AREL_HAYATE_TRUTH_PHASE8E,ゼリード,十年前、カゲトラを斬ったのは俺だ。,103,3/12,arel_kagetora_hayate_truth_phase8e,event=arel_kagetora_hayate_truth_phase8e; actions=CONV:AREL_HAYATE_TRUTH_PHASE8E -> ALLY(value=203) -> FLAG(key=hayateTruthConfrontationSeen) -> QUEST_STAGE -> LOG(value=ゼリードが隠した押収箱を、光の宮殿の旧文書庫で探そう。); 水上都市リヴァリア FMAP000015-00 / ハヤテと話す,現行参照,story.js:4958,,
524,第4段階 水上都市・海底神殿・レクスノート邸,メイン・イベント,水上都市リヴァリア FMAP000015-00,AREL_HAYATE_TRUTH_PHASE8E,ハヤテ,……。,203,4/12,arel_kagetora_hayate_truth_phase8e,event=arel_kagetora_hayate_truth_phase8e; actions=CONV:AREL_HAYATE_TRUTH_PHASE8E -> ALLY(value=203) -> FLAG(key=hayateTruthConfrontationSeen) -> QUEST_STAGE -> LOG(value=ゼリードが隠した押収箱を、光の宮殿の旧文書庫で探そう。); 水上都市リヴァリア FMAP000015-00 / ハヤテと話す,現行参照,story.js:4958,,
525,第4段階 水上都市・海底神殿・レクスノート邸,メイン・イベント,水上都市リヴァリア FMAP000015-00,AREL_HAYATE_TRUTH_PHASE8E,ハヤテ,父さんは、あんたを一番信じてた。俺にも何度もそう言ってた。,203,5/12,arel_kagetora_hayate_truth_phase8e,event=arel_kagetora_hayate_truth_phase8e; actions=CONV:AREL_HAYATE_TRUTH_PHASE8E -> ALLY(value=203) -> FLAG(key=hayateTruthConfrontationSeen) -> QUEST_STAGE -> LOG(value=ゼリードが隠した押収箱を、光の宮殿の旧文書庫で探そう。); 水上都市リヴァリア FMAP000015-00 / ハヤテと話す,現行参照,story.js:4958,,
526,第4段階 水上都市・海底神殿・レクスノート邸,メイン・イベント,水上都市リヴァリア FMAP000015-00,AREL_HAYATE_TRUTH_PHASE8E,ハヤテ,だから俺も……父さんの相棒だったあんたなら、分かってると思ってた。,203,6/12,arel_kagetora_hayate_truth_phase8e,event=arel_kagetora_hayate_truth_phase8e; actions=CONV:AREL_HAYATE_TRUTH_PHASE8E -> ALLY(value=203) -> FLAG(key=hayateTruthConfrontationSeen) -> QUEST_STAGE -> LOG(value=ゼリードが隠した押収箱を、光の宮殿の旧文書庫で探そう。); 水上都市リヴァリア FMAP000015-00 / ハヤテと話す,現行参照,story.js:4958,,
527,第4段階 水上都市・海底神殿・レクスノート邸,メイン・イベント,水上都市リヴァリア FMAP000015-00,AREL_HAYATE_TRUTH_PHASE8E,ゼリード,……すまねえ。,103,7/12,arel_kagetora_hayate_truth_phase8e,event=arel_kagetora_hayate_truth_phase8e; actions=CONV:AREL_HAYATE_TRUTH_PHASE8E -> ALLY(value=203) -> FLAG(key=hayateTruthConfrontationSeen) -> QUEST_STAGE -> LOG(value=ゼリードが隠した押収箱を、光の宮殿の旧文書庫で探そう。); 水上都市リヴァリア FMAP000015-00 / ハヤテと話す,現行参照,story.js:4958,,
528,第4段階 水上都市・海底神殿・レクスノート邸,メイン・イベント,水上都市リヴァリア FMAP000015-00,AREL_HAYATE_TRUTH_PHASE8E,ハヤテ,今は、その言葉に何を返せばいいか分からない。許すとも、許さないとも、まだ言えない。,203,8/12,arel_kagetora_hayate_truth_phase8e,event=arel_kagetora_hayate_truth_phase8e; actions=CONV:AREL_HAYATE_TRUTH_PHASE8E -> ALLY(value=203) -> FLAG(key=hayateTruthConfrontationSeen) -> QUEST_STAGE -> LOG(value=ゼリードが隠した押収箱を、光の宮殿の旧文書庫で探そう。); 水上都市リヴァリア FMAP000015-00 / ハヤテと話す,現行参照,story.js:4958,,
529,第4段階 水上都市・海底神殿・レクスノート邸,メイン・イベント,水上都市リヴァリア FMAP000015-00,AREL_HAYATE_TRUTH_PHASE8E,ハヤテ,俺は自分の手で、自分の目で、父さんが何を守ろうとしたのか確かめに行く。,203,9/12,arel_kagetora_hayate_truth_phase8e,event=arel_kagetora_hayate_truth_phase8e; actions=CONV:AREL_HAYATE_TRUTH_PHASE8E -> ALLY(value=203) -> FLAG(key=hayateTruthConfrontationSeen) -> QUEST_STAGE -> LOG(value=ゼリードが隠した押収箱を、光の宮殿の旧文書庫で探そう。); 水上都市リヴァリア FMAP000015-00 / ハヤテと話す,現行参照,story.js:4958,,
530,第4段階 水上都市・海底神殿・レクスノート邸,メイン・イベント,水上都市リヴァリア FMAP000015-00,AREL_HAYATE_TRUTH_PHASE8E,ハヤテ,全部見たあとで……もう一度、あんたと話したい。,203,10/12,arel_kagetora_hayate_truth_phase8e,event=arel_kagetora_hayate_truth_phase8e; actions=CONV:AREL_HAYATE_TRUTH_PHASE8E -> ALLY(value=203) -> FLAG(key=hayateTruthConfrontationSeen) -> QUEST_STAGE -> LOG(value=ゼリードが隠した押収箱を、光の宮殿の旧文書庫で探そう。); 水上都市リヴァリア FMAP000015-00 / ハヤテと話す,現行参照,story.js:4958,,
531,第4段階 水上都市・海底神殿・レクスノート邸,メイン・イベント,水上都市リヴァリア FMAP000015-00,AREL_HAYATE_TRUTH_PHASE8E,ゼリード,……ああ。待ってる。,103,11/12,arel_kagetora_hayate_truth_phase8e,event=arel_kagetora_hayate_truth_phase8e; actions=CONV:AREL_HAYATE_TRUTH_PHASE8E -> ALLY(value=203) -> FLAG(key=hayateTruthConfrontationSeen) -> QUEST_STAGE -> LOG(value=ゼリードが隠した押収箱を、光の宮殿の旧文書庫で探そう。); 水上都市リヴァリア FMAP000015-00 / ハヤテと話す,現行参照,story.js:4958,,
532,第4段階 水上都市・海底神殿・レクスノート邸,メイン・イベント,水上都市リヴァリア FMAP000015-00,AREL_HAYATE_TRUTH_PHASE8E,ハヤテ,アルス。俺も行く。父さんが残した先を見届けたい。,203,12/12,arel_kagetora_hayate_truth_phase8e,event=arel_kagetora_hayate_truth_phase8e; actions=CONV:AREL_HAYATE_TRUTH_PHASE8E -> ALLY(value=203) -> FLAG(key=hayateTruthConfrontationSeen) -> QUEST_STAGE -> LOG(value=ゼリードが隠した押収箱を、光の宮殿の旧文書庫で探そう。); 水上都市リヴァリア FMAP000015-00 / ハヤテと話す,現行参照,story.js:4958,,
533,第4段階 水上都市・海底神殿・レクスノート邸,深淵・追加ストーリー,,ABYSS_SPIRIT_TRIAL_WATER_PARTY_INTRO_PHASE17,ミネルバ,"形を変えても、自分を失わない……。水はずるいな。
理屈で言うと簡単なのに、やると難しい。",,1/2,abyss_spirit_trial_water_intro,event=abyss_spirit_trial_water_intro; actions=CONV:ABYSS_SPIRIT_TRIAL_WATER_INTRO -> IF_ALLY -> CHOICE,現行参照,story.js:,,
534,第4段階 水上都市・海底神殿・レクスノート邸,深淵・追加ストーリー,,ABYSS_SPIRIT_TRIAL_WATER_PARTY_INTRO_PHASE17,ミネルバ,だから見たい。混ざることと、流れながら隣にいることが、同じじゃないって。,,2/2,abyss_spirit_trial_water_intro,event=abyss_spirit_trial_water_intro; actions=CONV:ABYSS_SPIRIT_TRIAL_WATER_INTRO -> IF_ALLY -> CHOICE,現行参照,story.js:,,
535,第4段階 水上都市・海底神殿・レクスノート邸,深淵・追加ストーリー,,ABYSS_SPIRIT_TRIAL_WATER_PARTY_VICTORY_PHASE17,ミネルバ,片方に染まらず、流れだけ渡す。……うん。これ、あとでちゃんと測りたい。,,1/1,abyss_spirit_trial_water_victory,event=abyss_spirit_trial_water_victory; actions=CONV:ABYSS_SPIRIT_TRIAL_WATER_VICTORY -> IF_ALLY -> ABYSS_SPIRIT_TRIAL_COMPLETE -> EVENT,現行参照,story.js:,,
536,第4段階 水上都市・海底神殿・レクスノート邸,深淵・追加ストーリー,,ABYSS_SPIRIT_TRIAL_WATER_INTRO,水の大精霊,"水は形を変え、すべてを映す。
揺らぎの中でも自分を失わぬか、試させてもらいます。",,1/2,abyss_spirit_trial_water_intro,event=abyss_spirit_trial_water_intro; actions=CONV:ABYSS_SPIRIT_TRIAL_WATER_INTRO -> IF_ALLY -> CHOICE,現行参照,story.js:,,
537,第4段階 水上都市・海底神殿・レクスノート邸,深淵・追加ストーリー,,ABYSS_SPIRIT_TRIAL_WATER_INTRO,システム,水のプリズムから、静かな波紋が広がっている。,,2/2,abyss_spirit_trial_water_intro,event=abyss_spirit_trial_water_intro; actions=CONV:ABYSS_SPIRIT_TRIAL_WATER_INTRO -> IF_ALLY -> CHOICE,現行参照,story.js:,,
538,第4段階 水上都市・海底神殿・レクスノート邸,深淵・追加ストーリー,,ABYSS_SPIRIT_TRIAL_WATER_RETRY,水の大精霊,"敗北もまた、心を映す一つの波。
濁りを鎮めたのなら、再び水面へ立ちなさい。",,1/1,abyss_spirit_trial_water_retry,event=abyss_spirit_trial_water_retry; actions=CONV:ABYSS_SPIRIT_TRIAL_WATER_RETRY -> CHOICE,現行参照,story.js:,,
539,第4段階 水上都市・海底神殿・レクスノート邸,深淵・追加ストーリー,,ABYSS_SPIRIT_TRIAL_WATER_VICTORY,水の大精霊,"激流の中でも、あなたたちの心は離れなかった。
その結びつきを認め、水の加護を授けます。",,1/1,abyss_spirit_trial_water_victory,event=abyss_spirit_trial_water_victory; actions=CONV:ABYSS_SPIRIT_TRIAL_WATER_VICTORY -> IF_ALLY -> ABYSS_SPIRIT_TRIAL_COMPLETE -> EVENT,現行参照,story.js:,,
540,第4段階 水上都市・海底神殿・レクスノート邸,村人・町会話,水上都市リヴァリア FMAP000015-00,NPC_WATER_CITY_RETIRED_DECKHAND_BEFORE,老甲板員,水路が静かな日は、船頭が余計な話をする。今日は静かすぎる。,,1/2,npc_water_city_retired_deckhand_before,event=npc_water_city_retired_deckhand_before; actions=CONV:NPC_WATER_CITY_RETIRED_DECKHAND_BEFORE; 水上都市リヴァリア FMAP000015-00 / 老甲板員と話す,現行参照,story.js:,,
541,第4段階 水上都市・海底神殿・レクスノート邸,村人・町会話,水上都市リヴァリア FMAP000015-00,NPC_WATER_CITY_RETIRED_DECKHAND_BEFORE,老甲板員,こういう日は、綱より人の顔を見とけ。,,2/2,npc_water_city_retired_deckhand_before,event=npc_water_city_retired_deckhand_before; actions=CONV:NPC_WATER_CITY_RETIRED_DECKHAND_BEFORE; 水上都市リヴァリア FMAP000015-00 / 老甲板員と話す,現行参照,story.js:,,
542,第4段階 水上都市・海底神殿・レクスノート邸,村人・町会話,水上都市リヴァリア FMAP000015-00,NPC_WATER_CITY_RETIRED_DECKHAND_RIOT,老甲板員,盾を持つ兵ほど、水際じゃ足元を忘れる。止めるなら橋の真ん中で受けるな。,,1/2,npc_water_city_retired_deckhand_riot,event=npc_water_city_retired_deckhand_riot; actions=CONV:NPC_WATER_CITY_RETIRED_DECKHAND_RIOT; 水上都市リヴァリア FMAP000015-00 / 老甲板員と話す,現行参照,story.js:,,
543,第4段階 水上都市・海底神殿・レクスノート邸,村人・町会話,水上都市リヴァリア FMAP000015-00,NPC_WATER_CITY_RETIRED_DECKHAND_RIOT,老甲板員,昔？　昔はもう少し膝が曲がった。,,2/2,npc_water_city_retired_deckhand_riot,event=npc_water_city_retired_deckhand_riot; actions=CONV:NPC_WATER_CITY_RETIRED_DECKHAND_RIOT; 水上都市リヴァリア FMAP000015-00 / 老甲板員と話す,現行参照,story.js:,,
544,第4段階 水上都市・海底神殿・レクスノート邸,村人・町会話,水上都市リヴァリア FMAP000015-00,NPC_WATER_CITY_RETIRED_DECKHAND_PLUS3_GIFT,老甲板員,片づけてたら、昔の盾が出てきた。港で使うには重いし、孫は「魚臭い」って触らん。,,1/2,npc_water_city_retired_deckhand_plus3_gift,event=npc_water_city_retired_deckhand_plus3_gift; actions=CONV:NPC_WATER_CITY_RETIRED_DECKHAND_PLUS3_GIFT -> EQUIP -> FLAG(key=waterCityRetiredDeckhandPlus3GiftClaimed); 水上都市リヴァリア FMAP000015-00 / 老甲板員と話す,現行参照,story.js:,,
545,第4段階 水上都市・海底神殿・レクスノート邸,村人・町会話,水上都市リヴァリア FMAP000015-00,NPC_WATER_CITY_RETIRED_DECKHAND_PLUS3_GIFT,老甲板員,持ってけ。磨いた分だけ、捨てるのが惜しくなった。,,2/2,npc_water_city_retired_deckhand_plus3_gift,event=npc_water_city_retired_deckhand_plus3_gift; actions=CONV:NPC_WATER_CITY_RETIRED_DECKHAND_PLUS3_GIFT -> EQUIP -> FLAG(key=waterCityRetiredDeckhandPlus3GiftClaimed); 水上都市リヴァリア FMAP000015-00 / 老甲板員と話す,現行参照,story.js:,,
546,第4段階 水上都市・海底神殿・レクスノート邸,村人・町会話,水上都市リヴァリア FMAP000015-00,NPC_WATER_CITY_RETIRED_DECKHAND_AFTER,老甲板員,盾は正面だけ守る道具じゃない。濡れた板に尻をつく時にも使える。,,1/2,npc_water_city_retired_deckhand_after,event=npc_water_city_retired_deckhand_after; actions=CONV:NPC_WATER_CITY_RETIRED_DECKHAND_AFTER; 水上都市リヴァリア FMAP000015-00 / 老甲板員と話す,現行参照,story.js:,,
547,第4段階 水上都市・海底神殿・レクスノート邸,村人・町会話,水上都市リヴァリア FMAP000015-00,NPC_WATER_CITY_RETIRED_DECKHAND_AFTER,老甲板員,……今のは教本に書くなよ。,,2/2,npc_water_city_retired_deckhand_after,event=npc_water_city_retired_deckhand_after; actions=CONV:NPC_WATER_CITY_RETIRED_DECKHAND_AFTER; 水上都市リヴァリア FMAP000015-00 / 老甲板員と話す,現行参照,story.js:,,
548,第4段階 水上都市・海底神殿・レクスノート邸,メイン・イベント,レクスノート邸 FMAP000071-00,HAYATE_REXNOTE_SIGHTING,ハヤテ,・・・・・・,203,1/2,hayate_rexnote_sighting,event=hayate_rexnote_sighting; actions=CONV:HAYATE_REXNOTE_SIGHTING -> FLAG(key=hayateRexnoteSighted) -> CONV:HAYATE_REXNOTE_AFTER_SIGHTING; レクスノート邸 FMAP000071-00 / ハヤテに声をかける,現行参照,story.js:2151,,
549,第4段階 水上都市・海底神殿・レクスノート邸,メイン・イベント,レクスノート邸 FMAP000071-00,HAYATE_REXNOTE_SIGHTING,レクスノート邸外・ハヤテ消失,,,2/2,hayate_rexnote_sighting,event=hayate_rexnote_sighting; actions=CONV:HAYATE_REXNOTE_SIGHTING -> FLAG(key=hayateRexnoteSighted) -> CONV:HAYATE_REXNOTE_AFTER_SIGHTING; レクスノート邸 FMAP000071-00 / ハヤテに声をかける,現行参照,story.js:2151,,
550,第4段階 水上都市・海底神殿・レクスノート邸,メイン・イベント,レクスノート邸 FMAP000071-00,HAYATE_REXNOTE_AFTER_SIGHTING,レクスノート邸外・ハヤテ消失後,,,1/2,hayate_rexnote_sighting,event=hayate_rexnote_sighting; actions=CONV:HAYATE_REXNOTE_SIGHTING -> FLAG(key=hayateRexnoteSighted) -> CONV:HAYATE_REXNOTE_AFTER_SIGHTING; レクスノート邸 FMAP000071-00 / ハヤテに声をかける,現行参照,story.js:2179,,
551,第4段階 水上都市・海底神殿・レクスノート邸,メイン・イベント,レクスノート邸 FMAP000071-00,HAYATE_REXNOTE_AFTER_SIGHTING,ガイル,ん、誰かいたのか？,109,2/2,hayate_rexnote_sighting,event=hayate_rexnote_sighting; actions=CONV:HAYATE_REXNOTE_SIGHTING -> FLAG(key=hayateRexnoteSighted) -> CONV:HAYATE_REXNOTE_AFTER_SIGHTING; レクスノート邸 FMAP000071-00 / ハヤテに声をかける,現行参照,story.js:2179,,
552,第4段階 水上都市・海底神殿・レクスノート邸,メイン・イベント,レクスノート邸内 FMAP000071-01,REXNOTE_ESTATE_ARRIVAL,システム,水上都市の外れ。手入れを失った大きな邸宅に、レクスノート家の古い家紋が残っていた。,,1/10,rexnote_estate_arrival,event=rexnote_estate_arrival; actions=CONV:REXNOTE_ESTATE_ARRIVAL -> FLAG(key=rexnoteEstateArrivalSeen) -> FLAG(key=rexnoteBasementRequested) -> SUB(value=10) -> LOG(value=レクスノート邸の地下迷宮を調査し、最奥の隠し書庫を目指そう。); レクスノート邸内 FMAP000071-01 / アランと話す,現行参照,story.js:2200,,
553,第4段階 水上都市・海底神殿・レクスノート邸,メイン・イベント,レクスノート邸内 FMAP000071-01,REXNOTE_ESTATE_ARRIVAL,アラン,……客とは珍しい。ここはもう、見物するほど立派な侯爵邸ではないが。,201,2/10,rexnote_estate_arrival,event=rexnote_estate_arrival; actions=CONV:REXNOTE_ESTATE_ARRIVAL -> FLAG(key=rexnoteEstateArrivalSeen) -> FLAG(key=rexnoteBasementRequested) -> SUB(value=10) -> LOG(value=レクスノート邸の地下迷宮を調査し、最奥の隠し書庫を目指そう。); レクスノート邸内 FMAP000071-01 / アランと話す,現行参照,story.js:2200,,
554,第4段階 水上都市・海底神殿・レクスノート邸,メイン・イベント,レクスノート邸内 FMAP000071-01,REXNOTE_ESTATE_ARRIVAL,ケイト,あなたがアラン＝レクスノートさんですか？　水上都市から、船のことで来ました。,104,3/10,rexnote_estate_arrival,event=rexnote_estate_arrival; actions=CONV:REXNOTE_ESTATE_ARRIVAL -> FLAG(key=rexnoteEstateArrivalSeen) -> FLAG(key=rexnoteBasementRequested) -> SUB(value=10) -> LOG(value=レクスノート邸の地下迷宮を調査し、最奥の隠し書庫を目指そう。); レクスノート邸内 FMAP000071-01 / アランと話す,現行参照,story.js:2200,,
555,第4段階 水上都市・海底神殿・レクスノート邸,メイン・イベント,レクスノート邸内 FMAP000071-01,REXNOTE_ESTATE_ARRIVAL,アラン,そうだ。アレル＝レクスノート侯爵の息子、アランだ。……もっとも、今となっては家名に爵位の価値など残っていない。,201,4/10,rexnote_estate_arrival,event=rexnote_estate_arrival; actions=CONV:REXNOTE_ESTATE_ARRIVAL -> FLAG(key=rexnoteEstateArrivalSeen) -> FLAG(key=rexnoteBasementRequested) -> SUB(value=10) -> LOG(value=レクスノート邸の地下迷宮を調査し、最奥の隠し書庫を目指そう。); レクスノート邸内 FMAP000071-01 / アランと話す,現行参照,story.js:2200,,
556,第4段階 水上都市・海底神殿・レクスノート邸,メイン・イベント,レクスノート邸内 FMAP000071-01,REXNOTE_ESTATE_ARRIVAL,アラン,船は貸せるが条件がある。君たちの力を見せてほしい。,201,5/10,rexnote_estate_arrival,event=rexnote_estate_arrival; actions=CONV:REXNOTE_ESTATE_ARRIVAL -> FLAG(key=rexnoteEstateArrivalSeen) -> FLAG(key=rexnoteBasementRequested) -> SUB(value=10) -> LOG(value=レクスノート邸の地下迷宮を調査し、最奥の隠し書庫を目指そう。); レクスノート邸内 FMAP000071-01 / アランと話す,現行参照,story.js:2200,,
557,第4段階 水上都市・海底神殿・レクスノート邸,メイン・イベント,レクスノート邸内 FMAP000071-01,REXNOTE_ESTATE_ARRIVAL,アラン,この屋敷の地下がいつの間にか迷宮と繋がっていてね…そこの調査をしてくれないだろうか。,201,6/10,rexnote_estate_arrival,event=rexnote_estate_arrival; actions=CONV:REXNOTE_ESTATE_ARRIVAL -> FLAG(key=rexnoteEstateArrivalSeen) -> FLAG(key=rexnoteBasementRequested) -> SUB(value=10) -> LOG(value=レクスノート邸の地下迷宮を調査し、最奥の隠し書庫を目指そう。); レクスノート邸内 FMAP000071-01 / アランと話す,現行参照,story.js:2200,,
558,第4段階 水上都市・海底神殿・レクスノート邸,メイン・イベント,レクスノート邸内 FMAP000071-01,REXNOTE_ESTATE_ARRIVAL,ハイネ,屋敷の地下に、自然の迷宮が繋がった……という話ではなさそうだな。,207,7/10,rexnote_estate_arrival,event=rexnote_estate_arrival; actions=CONV:REXNOTE_ESTATE_ARRIVAL -> FLAG(key=rexnoteEstateArrivalSeen) -> FLAG(key=rexnoteBasementRequested) -> SUB(value=10) -> LOG(value=レクスノート邸の地下迷宮を調査し、最奥の隠し書庫を目指そう。); レクスノート邸内 FMAP000071-01 / アランと話す,現行参照,story.js:2200,,
559,第4段階 水上都市・海底神殿・レクスノート邸,メイン・イベント,レクスノート邸内 FMAP000071-01,REXNOTE_ESTATE_ARRIVAL,アラン,"察しがいい。入るたび通路が組み替わる。だが最奥だけは、古い書庫らしい反応が動かない。
そこまで辿り着いた証を持ち帰ってくれればいい。",201,8/10,rexnote_estate_arrival,event=rexnote_estate_arrival; actions=CONV:REXNOTE_ESTATE_ARRIVAL -> FLAG(key=rexnoteEstateArrivalSeen) -> FLAG(key=rexnoteBasementRequested) -> SUB(value=10) -> LOG(value=レクスノート邸の地下迷宮を調査し、最奥の隠し書庫を目指そう。); レクスノート邸内 FMAP000071-01 / アランと話す,現行参照,story.js:2200,,
560,第4段階 水上都市・海底神殿・レクスノート邸,メイン・イベント,レクスノート邸内 FMAP000071-01,REXNOTE_ESTATE_ARRIVAL,ケイト,分かりました。船を借りるためだけじゃありません。街のすぐそばにそんなものがあるなら、放ってはおけません。,104,9/10,rexnote_estate_arrival,event=rexnote_estate_arrival; actions=CONV:REXNOTE_ESTATE_ARRIVAL -> FLAG(key=rexnoteEstateArrivalSeen) -> FLAG(key=rexnoteBasementRequested) -> SUB(value=10) -> LOG(value=レクスノート邸の地下迷宮を調査し、最奥の隠し書庫を目指そう。); レクスノート邸内 FMAP000071-01 / アランと話す,現行参照,story.js:2200,,
561,第4段階 水上都市・海底神殿・レクスノート邸,メイン・イベント,レクスノート邸内 FMAP000071-01,REXNOTE_ESTATE_ARRIVAL,アラン,……そう言うと思った。地下口は東側の廊下だ。気をつけてくれ。,201,10/10,rexnote_estate_arrival,event=rexnote_estate_arrival; actions=CONV:REXNOTE_ESTATE_ARRIVAL -> FLAG(key=rexnoteEstateArrivalSeen) -> FLAG(key=rexnoteBasementRequested) -> SUB(value=10) -> LOG(value=レクスノート邸の地下迷宮を調査し、最奥の隠し書庫を目指そう。); レクスノート邸内 FMAP000071-01 / アランと話す,現行参照,story.js:2200,,
562,第4段階 水上都市・海底神殿・レクスノート邸,メイン・イベント,レクスノート邸内 FMAP000071-01,REXNOTE_BASEMENT_REMINDER,アラン,地下は入るたび形を変える。道順を覚えるより、その場で出口を探した方がいい。,201,1/2,rexnote_basement_reminder,event=rexnote_basement_reminder; actions=CONV:REXNOTE_BASEMENT_REMINDER; レクスノート邸内 FMAP000071-01 / アランと話す,現行参照,story.js:2251,,
563,第4段階 水上都市・海底神殿・レクスノート邸,メイン・イベント,レクスノート邸内 FMAP000071-01,REXNOTE_BASEMENT_REMINDER,アラン,最奥に古い書庫が残っているはずだ。レクスノートの家紋が入った記録があれば、それを持ち帰ってくれ。,201,2/2,rexnote_basement_reminder,event=rexnote_basement_reminder; actions=CONV:REXNOTE_BASEMENT_REMINDER; レクスノート邸内 FMAP000071-01 / アランと話す,現行参照,story.js:2251,,
564,第4段階 水上都市・海底神殿・レクスノート邸,メイン・イベント,レクスノート邸内 FMAP000071-01,REXNOTE_BASEMENT_REPORT,アラン,……その封蝋。間違いない。地下の隠し書庫にしか残していない、レクスノート家の古い印だ。,201,1/6,rexnote_basement_report,"event=rexnote_basement_report; actions=CONV:REXNOTE_BASEMENT_REPORT -> FLAG(key=rexnoteBasementCleared) -> ALLY(value=201) -> FLAG(key=alanJoinedAtRexnote) -> WORLD_STATE(value=active,key=alanOutcome) -> IF_ITEM -> UNLOCK -> FLAG(key=hasShip) -> FLAG(key=rexnoteShipObtained) -> STEP(value=5) -> SUB(value=0) -> LOG(value=アランが仲間に加わり、魔法の小舟を手に入れた。雷の要塞へ向かおう。); レクスノート邸内 FMAP000071-01 / アランに魔道書を見せる",現行参照,story.js:2297,,
565,第4段階 水上都市・海底神殿・レクスノート邸,メイン・イベント,レクスノート邸内 FMAP000071-01,REXNOTE_BASEMENT_REPORT,アラン,最奥まで行ったんだな。十分だ。約束は守る。船は君たちに貸そう。,201,2/6,rexnote_basement_report,"event=rexnote_basement_report; actions=CONV:REXNOTE_BASEMENT_REPORT -> FLAG(key=rexnoteBasementCleared) -> ALLY(value=201) -> FLAG(key=alanJoinedAtRexnote) -> WORLD_STATE(value=active,key=alanOutcome) -> IF_ITEM -> UNLOCK -> FLAG(key=hasShip) -> FLAG(key=rexnoteShipObtained) -> STEP(value=5) -> SUB(value=0) -> LOG(value=アランが仲間に加わり、魔法の小舟を手に入れた。雷の要塞へ向かおう。); レクスノート邸内 FMAP000071-01 / アランに魔道書を見せる",現行参照,story.js:2297,,
566,第4段階 水上都市・海底神殿・レクスノート邸,メイン・イベント,レクスノート邸内 FMAP000071-01,REXNOTE_BASEMENT_REPORT,アラン,それと、私も同行する。この地下にこんなものが眠っていたことすら、私は知らなかった。父のことも、この国のことも、自分の目で確かめたい。,201,3/6,rexnote_basement_report,"event=rexnote_basement_report; actions=CONV:REXNOTE_BASEMENT_REPORT -> FLAG(key=rexnoteBasementCleared) -> ALLY(value=201) -> FLAG(key=alanJoinedAtRexnote) -> WORLD_STATE(value=active,key=alanOutcome) -> IF_ITEM -> UNLOCK -> FLAG(key=hasShip) -> FLAG(key=rexnoteShipObtained) -> STEP(value=5) -> SUB(value=0) -> LOG(value=アランが仲間に加わり、魔法の小舟を手に入れた。雷の要塞へ向かおう。); レクスノート邸内 FMAP000071-01 / アランに魔道書を見せる",現行参照,story.js:2297,,
567,第4段階 水上都市・海底神殿・レクスノート邸,メイン・イベント,レクスノート邸内 FMAP000071-01,REXNOTE_BASEMENT_REPORT,ハイネ,アレル侯の息子だから、という理由だけで断るつもりはない。自分の目で見て、自分で決めるといい。,207,4/6,rexnote_basement_report,"event=rexnote_basement_report; actions=CONV:REXNOTE_BASEMENT_REPORT -> FLAG(key=rexnoteBasementCleared) -> ALLY(value=201) -> FLAG(key=alanJoinedAtRexnote) -> WORLD_STATE(value=active,key=alanOutcome) -> IF_ITEM -> UNLOCK -> FLAG(key=hasShip) -> FLAG(key=rexnoteShipObtained) -> STEP(value=5) -> SUB(value=0) -> LOG(value=アランが仲間に加わり、魔法の小舟を手に入れた。雷の要塞へ向かおう。); レクスノート邸内 FMAP000071-01 / アランに魔道書を見せる",現行参照,story.js:2297,,
568,第4段階 水上都市・海底神殿・レクスノート邸,メイン・イベント,レクスノート邸内 FMAP000071-01,REXNOTE_BASEMENT_REPORT,ケイト,ええ。一緒に行きましょう。,104,5/6,rexnote_basement_report,"event=rexnote_basement_report; actions=CONV:REXNOTE_BASEMENT_REPORT -> FLAG(key=rexnoteBasementCleared) -> ALLY(value=201) -> FLAG(key=alanJoinedAtRexnote) -> WORLD_STATE(value=active,key=alanOutcome) -> IF_ITEM -> UNLOCK -> FLAG(key=hasShip) -> FLAG(key=rexnoteShipObtained) -> STEP(value=5) -> SUB(value=0) -> LOG(value=アランが仲間に加わり、魔法の小舟を手に入れた。雷の要塞へ向かおう。); レクスノート邸内 FMAP000071-01 / アランに魔道書を見せる",現行参照,story.js:2297,,
569,第4段階 水上都市・海底神殿・レクスノート邸,メイン・イベント,レクスノート邸内 FMAP000071-01,REXNOTE_BASEMENT_REPORT,システム,"[N:201]が仲間に加わった！
レクスノート家に残されていた魔法の小舟を使用できるようになった。",,6/6,rexnote_basement_report,"event=rexnote_basement_report; actions=CONV:REXNOTE_BASEMENT_REPORT -> FLAG(key=rexnoteBasementCleared) -> ALLY(value=201) -> FLAG(key=alanJoinedAtRexnote) -> WORLD_STATE(value=active,key=alanOutcome) -> IF_ITEM -> UNLOCK -> FLAG(key=hasShip) -> FLAG(key=rexnoteShipObtained) -> STEP(value=5) -> SUB(value=0) -> LOG(value=アランが仲間に加わり、魔法の小舟を手に入れた。雷の要塞へ向かおう。); レクスノート邸内 FMAP000071-01 / アランに魔道書を見せる",現行参照,story.js:2297,,
570,第4段階 水上都市・海底神殿・レクスノート邸,メイン・イベント,レクスノート邸内 FMAP000071-01,AREL_REXNOTE_RECORD_PHASE8E,システム,古い机の隠し棚から、魔術式と生活の走り書きが混ざった紙束が出てきた。,,1/10,arel_kagetora_rexnote_record_phase8e,event=arel_kagetora_rexnote_record_phase8e; actions=CONV:AREL_REXNOTE_RECORD_PHASE8E -> FLAG(key=rexnotePrivateRecordFound) -> QUEST_STAGE -> LOG(value=光の宮殿に残る十年前の旧命令記録を確認しよう。); レクスノート邸内 FMAP000071-01 / 古い机の隠し棚を調べる,現行参照,story.js:4933,,
571,第4段階 水上都市・海底神殿・レクスノート邸,メイン・イベント,レクスノート邸内 FMAP000071-01,AREL_REXNOTE_RECORD_PHASE8E,システム,『アラン、光弾三発。二発目で庭木を焦がす。本人は隠せたつもりらしい。』,,2/10,arel_kagetora_rexnote_record_phase8e,event=arel_kagetora_rexnote_record_phase8e; actions=CONV:AREL_REXNOTE_RECORD_PHASE8E -> FLAG(key=rexnotePrivateRecordFound) -> QUEST_STAGE -> LOG(value=光の宮殿に残る十年前の旧命令記録を確認しよう。); レクスノート邸内 FMAP000071-01 / 古い机の隠し棚を調べる,現行参照,story.js:4933,,
572,第4段階 水上都市・海底神殿・レクスノート邸,メイン・イベント,レクスノート邸内 FMAP000071-01,AREL_REXNOTE_RECORD_PHASE8E,システム,『リュウ、また勝手に外へ出る。叱る前に帰ってこい。』,,3/10,arel_kagetora_rexnote_record_phase8e,event=arel_kagetora_rexnote_record_phase8e; actions=CONV:AREL_REXNOTE_RECORD_PHASE8E -> FLAG(key=rexnotePrivateRecordFound) -> QUEST_STAGE -> LOG(value=光の宮殿に残る十年前の旧命令記録を確認しよう。); レクスノート邸内 FMAP000071-01 / 古い机の隠し棚を調べる,現行参照,story.js:4933,,
573,第4段階 水上都市・海底神殿・レクスノート邸,メイン・イベント,レクスノート邸内 FMAP000071-01,AREL_REXNOTE_RECORD_PHASE8E,レオン,……あいつ、昔から二発目だけ妙に力む癖があった。,305,4/10,arel_kagetora_rexnote_record_phase8e,event=arel_kagetora_rexnote_record_phase8e; actions=CONV:AREL_REXNOTE_RECORD_PHASE8E -> FLAG(key=rexnotePrivateRecordFound) -> QUEST_STAGE -> LOG(value=光の宮殿に残る十年前の旧命令記録を確認しよう。); レクスノート邸内 FMAP000071-01 / 古い机の隠し棚を調べる,現行参照,story.js:4933,,
574,第4段階 水上都市・海底神殿・レクスノート邸,メイン・イベント,レクスノート邸内 FMAP000071-01,AREL_REXNOTE_RECORD_PHASE8E,クロード,庭師には俺たちまで怒られたけどな。,304,5/10,arel_kagetora_rexnote_record_phase8e,event=arel_kagetora_rexnote_record_phase8e; actions=CONV:AREL_REXNOTE_RECORD_PHASE8E -> FLAG(key=rexnotePrivateRecordFound) -> QUEST_STAGE -> LOG(value=光の宮殿に残る十年前の旧命令記録を確認しよう。); レクスノート邸内 FMAP000071-01 / 古い机の隠し棚を調べる,現行参照,story.js:4933,,
575,第4段階 水上都市・海底神殿・レクスノート邸,メイン・イベント,レクスノート邸内 FMAP000071-01,AREL_REXNOTE_RECORD_PHASE8E,システム,その下には、カゲトラ宛の短い覚え書きがある。『王へ出す上申は別便にする。統合試験が先に動くなら、子どもたちを近づけるな。』,,6/10,arel_kagetora_rexnote_record_phase8e,event=arel_kagetora_rexnote_record_phase8e; actions=CONV:AREL_REXNOTE_RECORD_PHASE8E -> FLAG(key=rexnotePrivateRecordFound) -> QUEST_STAGE -> LOG(value=光の宮殿に残る十年前の旧命令記録を確認しよう。); レクスノート邸内 FMAP000071-01 / 古い机の隠し棚を調べる,現行参照,story.js:4933,,
576,第4段階 水上都市・海底神殿・レクスノート邸,メイン・イベント,レクスノート邸内 FMAP000071-01,AREL_REXNOTE_RECORD_PHASE8E,アルス,カゲトラ……？,301,7/10,arel_kagetora_rexnote_record_phase8e,event=arel_kagetora_rexnote_record_phase8e; actions=CONV:AREL_REXNOTE_RECORD_PHASE8E -> FLAG(key=rexnotePrivateRecordFound) -> QUEST_STAGE -> LOG(value=光の宮殿に残る十年前の旧命令記録を確認しよう。); レクスノート邸内 FMAP000071-01 / 古い机の隠し棚を調べる,現行参照,story.js:4933,,
577,第4段階 水上都市・海底神殿・レクスノート邸,メイン・イベント,レクスノート邸内 FMAP000071-01,AREL_REXNOTE_RECORD_PHASE8E,ゼリード,……ハヤテの親父だ。俺の相棒だった。,103,8/10,arel_kagetora_rexnote_record_phase8e,event=arel_kagetora_rexnote_record_phase8e; actions=CONV:AREL_REXNOTE_RECORD_PHASE8E -> FLAG(key=rexnotePrivateRecordFound) -> QUEST_STAGE -> LOG(value=光の宮殿に残る十年前の旧命令記録を確認しよう。); レクスノート邸内 FMAP000071-01 / 古い机の隠し棚を調べる,現行参照,story.js:4933,,
578,第4段階 水上都市・海底神殿・レクスノート邸,メイン・イベント,レクスノート邸内 FMAP000071-01,AREL_REXNOTE_RECORD_PHASE8E,ルーナ,上申書は、本当に王へ出る前だったんですね。,401,9/10,arel_kagetora_rexnote_record_phase8e,event=arel_kagetora_rexnote_record_phase8e; actions=CONV:AREL_REXNOTE_RECORD_PHASE8E -> FLAG(key=rexnotePrivateRecordFound) -> QUEST_STAGE -> LOG(value=光の宮殿に残る十年前の旧命令記録を確認しよう。); レクスノート邸内 FMAP000071-01 / 古い机の隠し棚を調べる,現行参照,story.js:4933,,
579,第4段階 水上都市・海底神殿・レクスノート邸,メイン・イベント,レクスノート邸内 FMAP000071-01,AREL_REXNOTE_RECORD_PHASE8E,ゼリード,ああ。そして、その頃から暗部が動いてた。光の宮殿の旧命令簿を見りゃ、もう少し分かる。,103,10/10,arel_kagetora_rexnote_record_phase8e,event=arel_kagetora_rexnote_record_phase8e; actions=CONV:AREL_REXNOTE_RECORD_PHASE8E -> FLAG(key=rexnotePrivateRecordFound) -> QUEST_STAGE -> LOG(value=光の宮殿に残る十年前の旧命令記録を確認しよう。); レクスノート邸内 FMAP000071-01 / 古い机の隠し棚を調べる,現行参照,story.js:4933,,
580,第5段階 雷の要塞,メイン・イベント,,LOCKED_THUNDER_FORT,システム,門は固く閉ざされており、電気が迸っている。今は触らない方がよさそうだ…,,1/2,locked_thunder_fort,event=locked_thunder_fort; actions=CONV:LOCKED_THUNDER_FORT,現行参照,story.js:2328,,
581,第5段階 雷の要塞,メイン・イベント,,LOCKED_THUNDER_FORT,エリーゼ,純水は雷を通さないと聞いたことがあります。水の加護があれば、入ることができるかもしれません,106,2/2,locked_thunder_fort,event=locked_thunder_fort; actions=CONV:LOCKED_THUNDER_FORT,現行参照,story.js:2328,,
582,第5段階 雷の要塞,メイン・イベント,,THUNDER_FORT_ENTRY,ジョセフ,止まれ。……いや、敵じゃないな。魔王軍や王国兵なら、こんな無防備にここまで来ねえ。,101,1/7,thunder_fort_entry,"event=thunder_fort_entry; actions=CONV:THUNDER_FORT_ENTRY -> ALLY(value=101) -> FLAG(key=josephJoinedAtThunderFort) -> WORLD_STATE(value=1,key=thunderFortState) -> SUB(value=1) -> START_FIXED_DUNGEON",現行参照,story.js:2339,,
583,第5段階 雷の要塞,メイン・イベント,,THUNDER_FORT_ENTRY,ジョセフ,雷のプリズムが暴走してな。機械が命令を聞かず暴れまわるもんで、要塞に入れなくなっちまった。,101,2/7,thunder_fort_entry,"event=thunder_fort_entry; actions=CONV:THUNDER_FORT_ENTRY -> ALLY(value=101) -> FLAG(key=josephJoinedAtThunderFort) -> WORLD_STATE(value=1,key=thunderFortState) -> SUB(value=1) -> START_FIXED_DUNGEON",現行参照,story.js:2339,,
584,第5段階 雷の要塞,メイン・イベント,,THUNDER_FORT_ENTRY,ジョセフ,"王国軍のやつらも最近妙なことばかりやってやがる。
誰も信用できねえってのが現状だ。",101,3/7,thunder_fort_entry,"event=thunder_fort_entry; actions=CONV:THUNDER_FORT_ENTRY -> ALLY(value=101) -> FLAG(key=josephJoinedAtThunderFort) -> WORLD_STATE(value=1,key=thunderFortState) -> SUB(value=1) -> START_FIXED_DUNGEON",現行参照,story.js:2339,,
585,第5段階 雷の要塞,メイン・イベント,,THUNDER_FORT_ENTRY,ケイト,"火の里、風の集落、水上都市。
どこもプリズムを狙われました。雷の要塞も、同じかもしれません。",104,4/7,thunder_fort_entry,"event=thunder_fort_entry; actions=CONV:THUNDER_FORT_ENTRY -> ALLY(value=101) -> FLAG(key=josephJoinedAtThunderFort) -> WORLD_STATE(value=1,key=thunderFortState) -> SUB(value=1) -> START_FIXED_DUNGEON",現行参照,story.js:2339,,
586,第5段階 雷の要塞,メイン・イベント,,THUNDER_FORT_ENTRY,ジョセフ,"……そう繋がるか。
笑えねえな。放っておける話じゃねえ。",101,5/7,thunder_fort_entry,"event=thunder_fort_entry; actions=CONV:THUNDER_FORT_ENTRY -> ALLY(value=101) -> FLAG(key=josephJoinedAtThunderFort) -> WORLD_STATE(value=1,key=thunderFortState) -> SUB(value=1) -> START_FIXED_DUNGEON",現行参照,story.js:2339,,
587,第5段階 雷の要塞,メイン・イベント,,THUNDER_FORT_ENTRY,ジョセフ,強行突入か。仕方ねえ、俺も行く。子供らだけにやらせちゃ、騎士の名がすたるぜ。,101,6/7,thunder_fort_entry,"event=thunder_fort_entry; actions=CONV:THUNDER_FORT_ENTRY -> ALLY(value=101) -> FLAG(key=josephJoinedAtThunderFort) -> WORLD_STATE(value=1,key=thunderFortState) -> SUB(value=1) -> START_FIXED_DUNGEON",現行参照,story.js:2339,,
588,第5段階 雷の要塞,メイン・イベント,,THUNDER_FORT_ENTRY,システム,[N:101]が同行することになった！,,7/7,thunder_fort_entry,"event=thunder_fort_entry; actions=CONV:THUNDER_FORT_ENTRY -> ALLY(value=101) -> FLAG(key=josephJoinedAtThunderFort) -> WORLD_STATE(value=1,key=thunderFortState) -> SUB(value=1) -> START_FIXED_DUNGEON",現行参照,story.js:2339,,
589,第5段階 雷の要塞,メイン・イベント,,THUNDER_MACHINE_GATE_ENCOUNTER,ジョセフ,こいつが鍵を持ってるはずだ。止めねえと、次の隔壁は開かねえぞ。,101,1/2,thunder_machine_gate_encounter,event=thunder_machine_gate_encounter; actions=CONV:THUNDER_MACHINE_GATE_ENCOUNTER -> BOSS(value=301031),現行参照,story.js:2375,,
590,第5段階 雷の要塞,メイン・イベント,,THUNDER_MACHINE_GATE_ENCOUNTER,バトルマシーン,侵入者ヲ確認。雷門ヲ防衛スル。排除開始。,,2/2,thunder_machine_gate_encounter,event=thunder_machine_gate_encounter; actions=CONV:THUNDER_MACHINE_GATE_ENCOUNTER -> BOSS(value=301031),現行参照,story.js:2375,,
591,第5段階 雷の要塞,メイン・イベント,,THUNDER_MACHINE_GATE_CLEAR,ジョセフ,赤い鍵を落としたな。こいつで地下の隔壁を一つ越えられるはずだ。急ぐぞ、機械の唸りが強くなってる。,101,1/1,thunder_machine_gate_clear,event=thunder_machine_gate_clear; actions=CONV:THUNDER_MACHINE_GATE_CLEAR,現行参照,story.js:2386,,
592,第5段階 雷の要塞,メイン・イベント,,THUNDER_ARMOR_GATE_ENCOUNTER,ジョセフ,こっちは雷のプリズムに直結した動く鎧だ。力任せに通ろうとすりゃ、丸焦げだぜ。,101,1/2,thunder_armor_gate_encounter,event=thunder_armor_gate_encounter; actions=CONV:THUNDER_ARMOR_GATE_ENCOUNTER -> BOSS(value=301032),現行参照,story.js:2393,,
593,第5段階 雷の要塞,メイン・イベント,,THUNDER_ARMOR_GATE_ENCOUNTER,サンダーアーマー,隔壁ノ防衛命令ヲ継続。雷装、最大出力。,,2/2,thunder_armor_gate_encounter,event=thunder_armor_gate_encounter; actions=CONV:THUNDER_ARMOR_GATE_ENCOUNTER -> BOSS(value=301032),現行参照,story.js:2393,,
594,第5段階 雷の要塞,メイン・イベント,,THUNDER_ARMOR_GATE_CLEAR,ジョセフ,よし、青い鍵だ。これで中枢まで行ける。……レナード、頼むからまだ話が通じる男でいてくれよ。,101,1/1,thunder_armor_gate_clear,event=thunder_armor_gate_clear; actions=CONV:THUNDER_ARMOR_GATE_CLEAR -> SUB(value=2) -> LOG(value=隔壁が開いた。雷の制御炉へ向かおう。),現行参照,story.js:2404,,
595,第5段階 雷の要塞,メイン・イベント,,THUNDER_LEONARD_ENCOUNTER,システム,雷の制御炉。暴走した機械の火花が、壁を青白く照らしている。,,1/4,thunder_leonard_encounter,event=thunder_leonard_encounter; actions=CONV:THUNDER_LEONARD_ENCOUNTER -> BOSS(value=301040),現行参照,story.js:2411,,
596,第5段階 雷の要塞,メイン・イベント,,THUNDER_LEONARD_ENCOUNTER,雷楔のレナード,ここまで来たか、[N:101]。相変わらず、危険な道を子どもたちに歩かせるのだな。,,2/4,thunder_leonard_encounter,event=thunder_leonard_encounter; actions=CONV:THUNDER_LEONARD_ENCOUNTER -> BOSS(value=301040),現行参照,story.js:2411,,
597,第5段階 雷の要塞,メイン・イベント,,THUNDER_LEONARD_ENCOUNTER,ジョセフ,危険にしてるのはお前らだろうが。プリズムを軍の道具にするなんざ、騎士のすることじゃねえ。,101,3/4,thunder_leonard_encounter,event=thunder_leonard_encounter; actions=CONV:THUNDER_LEONARD_ENCOUNTER -> BOSS(value=301040),現行参照,story.js:2411,,
598,第5段階 雷の要塞,メイン・イベント,,THUNDER_LEONARD_ENCOUNTER,雷楔のレナード,それでも国を守るためならば、私は剣を抜く。友であったお前にもだ。,,4/4,thunder_leonard_encounter,event=thunder_leonard_encounter; actions=CONV:THUNDER_LEONARD_ENCOUNTER -> BOSS(value=301040),現行参照,story.js:2411,,
599,第5段階 雷の要塞,メイン・イベント,,THUNDER_LEONARD_CLEAR,レナード戦後・本人表示,,,1/13,thunder_fort_clear,event=thunder_fort_clear; actions=CONV:THUNDER_LEONARD_CLEAR -> BOSS(value=301050),現行参照,story.js:2430,,
600,第5段階 雷の要塞,メイン・イベント,,THUNDER_LEONARD_CLEAR,雷楔のレナード,…[N:101]、まだ旧い理想にしがみつくのか。国を存続させるには、痛みを引き受ける者が必要だ。,,2/13,thunder_fort_clear,event=thunder_fort_clear; actions=CONV:THUNDER_LEONARD_CLEAR -> BOSS(value=301050),現行参照,story.js:2430,,
601,第5段階 雷の要塞,メイン・イベント,,THUNDER_LEONARD_CLEAR,ジョセフ,痛みを引き受けるのと、誰かから奪うのは違うだろうが！プリズムは国王の財布じゃねえ！,101,3/13,thunder_fort_clear,event=thunder_fort_clear; actions=CONV:THUNDER_LEONARD_CLEAR -> BOSS(value=301050),現行参照,story.js:2430,,
602,第5段階 雷の要塞,メイン・イベント,,THUNDER_LEONARD_CLEAR,雷楔のレナード,プリズムの力は必要な分、すでに光の神殿に集まっている。儀式の日は近い。,,4/13,thunder_fort_clear,event=thunder_fort_clear; actions=CONV:THUNDER_LEONARD_CLEAR -> BOSS(value=301050),現行参照,story.js:2430,,
603,第5段階 雷の要塞,メイン・イベント,,THUNDER_LEONARD_CLEAR,雷楔のレナード,……止めたいのなら、まずは大灯台で発動している魔術結界を壊すことだ。,,5/13,thunder_fort_clear,event=thunder_fort_clear; actions=CONV:THUNDER_LEONARD_CLEAR -> BOSS(value=301050),現行参照,story.js:2430,,
604,第5段階 雷の要塞,メイン・イベント,,THUNDER_LEONARD_CLEAR,雷楔のレナード,それから……,,6/13,thunder_fort_clear,event=thunder_fort_clear; actions=CONV:THUNDER_LEONARD_CLEAR -> BOSS(value=301050),現行参照,story.js:2430,,
605,第5段階 雷の要塞,メイン・イベント,,THUNDER_LEONARD_CLEAR,レナード戦後・騎士登場,,,7/13,thunder_fort_clear,event=thunder_fort_clear; actions=CONV:THUNDER_LEONARD_CLEAR -> BOSS(value=301050),現行参照,story.js:2430,,
606,第5段階 雷の要塞,メイン・イベント,,THUNDER_LEONARD_CLEAR,？？？？,…喋りすぎ…だ。,,8/13,thunder_fort_clear,event=thunder_fort_clear; actions=CONV:THUNDER_LEONARD_CLEAR -> BOSS(value=301050),現行参照,story.js:2430,,
607,第5段階 雷の要塞,メイン・イベント,,THUNDER_LEONARD_CLEAR,レナード戦後・斬撃と消滅,,,9/13,thunder_fort_clear,event=thunder_fort_clear; actions=CONV:THUNDER_LEONARD_CLEAR -> BOSS(value=301050),現行参照,story.js:2430,,
608,第5段階 雷の要塞,メイン・イベント,,THUNDER_LEONARD_CLEAR,ジョセフ,レナード！！！,101,10/13,thunder_fort_clear,event=thunder_fort_clear; actions=CONV:THUNDER_LEONARD_CLEAR -> BOSS(value=301050),現行参照,story.js:2430,,
609,第5段階 雷の要塞,メイン・イベント,,THUNDER_LEONARD_CLEAR,レナード戦後・騎士前進,,,11/13,thunder_fort_clear,event=thunder_fort_clear; actions=CONV:THUNDER_LEONARD_CLEAR -> BOSS(value=301050),現行参照,story.js:2430,,
610,第5段階 雷の要塞,メイン・イベント,,THUNDER_LEONARD_CLEAR,？？？？,お前達が例の反逆者か。騎士崩れと世間知らずの子供達。救世主ごっこは、ここまでだ。,,12/13,thunder_fort_clear,event=thunder_fort_clear; actions=CONV:THUNDER_LEONARD_CLEAR -> BOSS(value=301050),現行参照,story.js:2430,,
611,第5段階 雷の要塞,メイン・イベント,,THUNDER_LEONARD_CLEAR,レナード戦後・演出終了,,,13/13,thunder_fort_clear,event=thunder_fort_clear; actions=CONV:THUNDER_LEONARD_CLEAR -> BOSS(value=301050),現行参照,story.js:2430,,
612,第5段階 雷の要塞,メイン・イベント,,THUNDER_VELD_OVERPOWER,,,,1/7,thunder_veld_forced_loss / thunder_veld_loss,"event=thunder_veld_forced_loss; actions=CONV:THUNDER_VELD_OVERPOWER -> STORY_DEFEAT -> CONV:THUNDER_VELD_LOSS -> ALLY(value=101) -> FLAG(key=thunderFortCleared) -> WORLD_STATE(value=2,key=thunderFortState) -> STEP(value=6) -> SUB(value=0) -> LOG(value=結界を解くため、大灯台へ向かおう。) || event=thunder_veld_loss; actions=CONV:THUNDER_VELD_OVERPOWER -> STORY_DEFEAT -> CONV:THUNDER_VELD_LOSS -> ALLY(value=101) -> FLAG(key=thunderFortCleared) -> WORLD_STATE(value=2,key=thunderFortState) -> STEP(value=6) -> SUB(value=0) -> LOG(value=ジョセフが同行した。大灯台へ向かおう。)",現行参照,story.js:2516,,
613,第5段階 雷の要塞,メイン・イベント,,THUNDER_VELD_OVERPOWER,聖騎士ヴェルド,"救いに全員の席があると思うな。
選ばぬ者は、泣き声ごと門の外へ積み上げるしかない。",,2/7,thunder_veld_forced_loss / thunder_veld_loss,"event=thunder_veld_forced_loss; actions=CONV:THUNDER_VELD_OVERPOWER -> STORY_DEFEAT -> CONV:THUNDER_VELD_LOSS -> ALLY(value=101) -> FLAG(key=thunderFortCleared) -> WORLD_STATE(value=2,key=thunderFortState) -> STEP(value=6) -> SUB(value=0) -> LOG(value=結界を解くため、大灯台へ向かおう。) || event=thunder_veld_loss; actions=CONV:THUNDER_VELD_OVERPOWER -> STORY_DEFEAT -> CONV:THUNDER_VELD_LOSS -> ALLY(value=101) -> FLAG(key=thunderFortCleared) -> WORLD_STATE(value=2,key=thunderFortState) -> STEP(value=6) -> SUB(value=0) -> LOG(value=ジョセフが同行した。大灯台へ向かおう。)",現行参照,story.js:2516,,
614,第5段階 雷の要塞,メイン・イベント,,THUNDER_VELD_OVERPOWER,聖騎士ヴェルド,"お前達は手を伸ばしすぎる。
掴めぬ指に縋られて、共に沈むだけだ。",,3/7,thunder_veld_forced_loss / thunder_veld_loss,"event=thunder_veld_forced_loss; actions=CONV:THUNDER_VELD_OVERPOWER -> STORY_DEFEAT -> CONV:THUNDER_VELD_LOSS -> ALLY(value=101) -> FLAG(key=thunderFortCleared) -> WORLD_STATE(value=2,key=thunderFortState) -> STEP(value=6) -> SUB(value=0) -> LOG(value=結界を解くため、大灯台へ向かおう。) || event=thunder_veld_loss; actions=CONV:THUNDER_VELD_OVERPOWER -> STORY_DEFEAT -> CONV:THUNDER_VELD_LOSS -> ALLY(value=101) -> FLAG(key=thunderFortCleared) -> WORLD_STATE(value=2,key=thunderFortState) -> STEP(value=6) -> SUB(value=0) -> LOG(value=ジョセフが同行した。大灯台へ向かおう。)",現行参照,story.js:2516,,
615,第5段階 雷の要塞,メイン・イベント,,THUNDER_VELD_OVERPOWER,聖騎士ヴェルド,"救えぬ者を見捨てられぬなら、
お前達ごと消えろ。光の邪魔だ。",,4/7,thunder_veld_forced_loss / thunder_veld_loss,"event=thunder_veld_forced_loss; actions=CONV:THUNDER_VELD_OVERPOWER -> STORY_DEFEAT -> CONV:THUNDER_VELD_LOSS -> ALLY(value=101) -> FLAG(key=thunderFortCleared) -> WORLD_STATE(value=2,key=thunderFortState) -> STEP(value=6) -> SUB(value=0) -> LOG(value=結界を解くため、大灯台へ向かおう。) || event=thunder_veld_loss; actions=CONV:THUNDER_VELD_OVERPOWER -> STORY_DEFEAT -> CONV:THUNDER_VELD_LOSS -> ALLY(value=101) -> FLAG(key=thunderFortCleared) -> WORLD_STATE(value=2,key=thunderFortState) -> STEP(value=6) -> SUB(value=0) -> LOG(value=ジョセフが同行した。大灯台へ向かおう。)",現行参照,story.js:2516,,
616,第5段階 雷の要塞,メイン・イベント,,THUNDER_VELD_OVERPOWER,システム,ヴェルドから強大な光の魔力が放たれる…！,,5/7,thunder_veld_forced_loss / thunder_veld_loss,"event=thunder_veld_forced_loss; actions=CONV:THUNDER_VELD_OVERPOWER -> STORY_DEFEAT -> CONV:THUNDER_VELD_LOSS -> ALLY(value=101) -> FLAG(key=thunderFortCleared) -> WORLD_STATE(value=2,key=thunderFortState) -> STEP(value=6) -> SUB(value=0) -> LOG(value=結界を解くため、大灯台へ向かおう。) || event=thunder_veld_loss; actions=CONV:THUNDER_VELD_OVERPOWER -> STORY_DEFEAT -> CONV:THUNDER_VELD_LOSS -> ALLY(value=101) -> FLAG(key=thunderFortCleared) -> WORLD_STATE(value=2,key=thunderFortState) -> STEP(value=6) -> SUB(value=0) -> LOG(value=ジョセフが同行した。大灯台へ向かおう。)",現行参照,story.js:2516,,
617,第5段階 雷の要塞,メイン・イベント,,THUNDER_VELD_OVERPOWER,システム,圧倒的な光の奔流につつまれ、意識が途切れた…,,6/7,thunder_veld_forced_loss / thunder_veld_loss,"event=thunder_veld_forced_loss; actions=CONV:THUNDER_VELD_OVERPOWER -> STORY_DEFEAT -> CONV:THUNDER_VELD_LOSS -> ALLY(value=101) -> FLAG(key=thunderFortCleared) -> WORLD_STATE(value=2,key=thunderFortState) -> STEP(value=6) -> SUB(value=0) -> LOG(value=結界を解くため、大灯台へ向かおう。) || event=thunder_veld_loss; actions=CONV:THUNDER_VELD_OVERPOWER -> STORY_DEFEAT -> CONV:THUNDER_VELD_LOSS -> ALLY(value=101) -> FLAG(key=thunderFortCleared) -> WORLD_STATE(value=2,key=thunderFortState) -> STEP(value=6) -> SUB(value=0) -> LOG(value=ジョセフが同行した。大灯台へ向かおう。)",現行参照,story.js:2516,,
618,第5段階 雷の要塞,メイン・イベント,,THUNDER_VELD_OVERPOWER,,,,7/7,thunder_veld_forced_loss / thunder_veld_loss,"event=thunder_veld_forced_loss; actions=CONV:THUNDER_VELD_OVERPOWER -> STORY_DEFEAT -> CONV:THUNDER_VELD_LOSS -> ALLY(value=101) -> FLAG(key=thunderFortCleared) -> WORLD_STATE(value=2,key=thunderFortState) -> STEP(value=6) -> SUB(value=0) -> LOG(value=結界を解くため、大灯台へ向かおう。) || event=thunder_veld_loss; actions=CONV:THUNDER_VELD_OVERPOWER -> STORY_DEFEAT -> CONV:THUNDER_VELD_LOSS -> ALLY(value=101) -> FLAG(key=thunderFortCleared) -> WORLD_STATE(value=2,key=thunderFortState) -> STEP(value=6) -> SUB(value=0) -> LOG(value=ジョセフが同行した。大灯台へ向かおう。)",現行参照,story.js:2516,,
619,第5段階 雷の要塞,メイン・イベント,,THUNDER_VELD_LOSS,ジョセフ,……生きてるな。ヴェルドは追ってこなかった。どうにか助かったな,101,1/8,thunder_veld_forced_loss / thunder_veld_loss,"event=thunder_veld_forced_loss; actions=CONV:THUNDER_VELD_OVERPOWER -> STORY_DEFEAT -> CONV:THUNDER_VELD_LOSS -> ALLY(value=101) -> FLAG(key=thunderFortCleared) -> WORLD_STATE(value=2,key=thunderFortState) -> STEP(value=6) -> SUB(value=0) -> LOG(value=結界を解くため、大灯台へ向かおう。) || event=thunder_veld_loss; actions=CONV:THUNDER_VELD_OVERPOWER -> STORY_DEFEAT -> CONV:THUNDER_VELD_LOSS -> ALLY(value=101) -> FLAG(key=thunderFortCleared) -> WORLD_STATE(value=2,key=thunderFortState) -> STEP(value=6) -> SUB(value=0) -> LOG(value=ジョセフが同行した。大灯台へ向かおう。)",現行参照,story.js:2553,,
620,第5段階 雷の要塞,メイン・イベント,,THUNDER_VELD_LOSS,サラ,どうして私たち、助かったのでしょうか…ここは…？私たちの村の前？,110,2/8,thunder_veld_forced_loss / thunder_veld_loss,"event=thunder_veld_forced_loss; actions=CONV:THUNDER_VELD_OVERPOWER -> STORY_DEFEAT -> CONV:THUNDER_VELD_LOSS -> ALLY(value=101) -> FLAG(key=thunderFortCleared) -> WORLD_STATE(value=2,key=thunderFortState) -> STEP(value=6) -> SUB(value=0) -> LOG(value=結界を解くため、大灯台へ向かおう。) || event=thunder_veld_loss; actions=CONV:THUNDER_VELD_OVERPOWER -> STORY_DEFEAT -> CONV:THUNDER_VELD_LOSS -> ALLY(value=101) -> FLAG(key=thunderFortCleared) -> WORLD_STATE(value=2,key=thunderFortState) -> STEP(value=6) -> SUB(value=0) -> LOG(value=ジョセフが同行した。大灯台へ向かおう。)",現行参照,story.js:2553,,
621,第5段階 雷の要塞,メイン・イベント,,THUNDER_VELD_LOSS,ガイル,何が何だかサッパリだけど、負けたんだな、俺たち。守るとか言って、口ばっかりだ、俺。,109,3/8,thunder_veld_forced_loss / thunder_veld_loss,"event=thunder_veld_forced_loss; actions=CONV:THUNDER_VELD_OVERPOWER -> STORY_DEFEAT -> CONV:THUNDER_VELD_LOSS -> ALLY(value=101) -> FLAG(key=thunderFortCleared) -> WORLD_STATE(value=2,key=thunderFortState) -> STEP(value=6) -> SUB(value=0) -> LOG(value=結界を解くため、大灯台へ向かおう。) || event=thunder_veld_loss; actions=CONV:THUNDER_VELD_OVERPOWER -> STORY_DEFEAT -> CONV:THUNDER_VELD_LOSS -> ALLY(value=101) -> FLAG(key=thunderFortCleared) -> WORLD_STATE(value=2,key=thunderFortState) -> STEP(value=6) -> SUB(value=0) -> LOG(value=ジョセフが同行した。大灯台へ向かおう。)",現行参照,story.js:2553,,
622,第5段階 雷の要塞,メイン・イベント,,THUNDER_VELD_LOSS,サラ,[N:109]…,110,4/8,thunder_veld_forced_loss / thunder_veld_loss,"event=thunder_veld_forced_loss; actions=CONV:THUNDER_VELD_OVERPOWER -> STORY_DEFEAT -> CONV:THUNDER_VELD_LOSS -> ALLY(value=101) -> FLAG(key=thunderFortCleared) -> WORLD_STATE(value=2,key=thunderFortState) -> STEP(value=6) -> SUB(value=0) -> LOG(value=結界を解くため、大灯台へ向かおう。) || event=thunder_veld_loss; actions=CONV:THUNDER_VELD_OVERPOWER -> STORY_DEFEAT -> CONV:THUNDER_VELD_LOSS -> ALLY(value=101) -> FLAG(key=thunderFortCleared) -> WORLD_STATE(value=2,key=thunderFortState) -> STEP(value=6) -> SUB(value=0) -> LOG(value=ジョセフが同行した。大灯台へ向かおう。)",現行参照,story.js:2553,,
623,第5段階 雷の要塞,メイン・イベント,,THUNDER_VELD_LOSS,ジョセフ,…レナードのやつは…最期、大灯台へ行けって言ってたな。結界、か。,101,5/8,thunder_veld_forced_loss / thunder_veld_loss,"event=thunder_veld_forced_loss; actions=CONV:THUNDER_VELD_OVERPOWER -> STORY_DEFEAT -> CONV:THUNDER_VELD_LOSS -> ALLY(value=101) -> FLAG(key=thunderFortCleared) -> WORLD_STATE(value=2,key=thunderFortState) -> STEP(value=6) -> SUB(value=0) -> LOG(value=結界を解くため、大灯台へ向かおう。) || event=thunder_veld_loss; actions=CONV:THUNDER_VELD_OVERPOWER -> STORY_DEFEAT -> CONV:THUNDER_VELD_LOSS -> ALLY(value=101) -> FLAG(key=thunderFortCleared) -> WORLD_STATE(value=2,key=thunderFortState) -> STEP(value=6) -> SUB(value=0) -> LOG(value=ジョセフが同行した。大灯台へ向かおう。)",現行参照,story.js:2553,,
624,第5段階 雷の要塞,メイン・イベント,,THUNDER_VELD_LOSS,ジョセフ,よし、善は急げだ。ヴェルドのやろうの力は底が知れないが…ひとまずは大灯台へ向かおうぜ。,101,6/8,thunder_veld_forced_loss / thunder_veld_loss,"event=thunder_veld_forced_loss; actions=CONV:THUNDER_VELD_OVERPOWER -> STORY_DEFEAT -> CONV:THUNDER_VELD_LOSS -> ALLY(value=101) -> FLAG(key=thunderFortCleared) -> WORLD_STATE(value=2,key=thunderFortState) -> STEP(value=6) -> SUB(value=0) -> LOG(value=結界を解くため、大灯台へ向かおう。) || event=thunder_veld_loss; actions=CONV:THUNDER_VELD_OVERPOWER -> STORY_DEFEAT -> CONV:THUNDER_VELD_LOSS -> ALLY(value=101) -> FLAG(key=thunderFortCleared) -> WORLD_STATE(value=2,key=thunderFortState) -> STEP(value=6) -> SUB(value=0) -> LOG(value=ジョセフが同行した。大灯台へ向かおう。)",現行参照,story.js:2553,,
625,第5段階 雷の要塞,メイン・イベント,,THUNDER_VELD_LOSS,ジョセフ,おっと、最後にチラッと見えたが…雷の要塞の東門も開いてるはずだ。,101,7/8,thunder_veld_forced_loss / thunder_veld_loss,"event=thunder_veld_forced_loss; actions=CONV:THUNDER_VELD_OVERPOWER -> STORY_DEFEAT -> CONV:THUNDER_VELD_LOSS -> ALLY(value=101) -> FLAG(key=thunderFortCleared) -> WORLD_STATE(value=2,key=thunderFortState) -> STEP(value=6) -> SUB(value=0) -> LOG(value=結界を解くため、大灯台へ向かおう。) || event=thunder_veld_loss; actions=CONV:THUNDER_VELD_OVERPOWER -> STORY_DEFEAT -> CONV:THUNDER_VELD_LOSS -> ALLY(value=101) -> FLAG(key=thunderFortCleared) -> WORLD_STATE(value=2,key=thunderFortState) -> STEP(value=6) -> SUB(value=0) -> LOG(value=ジョセフが同行した。大灯台へ向かおう。)",現行参照,story.js:2553,,
626,第5段階 雷の要塞,メイン・イベント,,THUNDER_VELD_LOSS,ジョセフ,結界を破ったら、そこから神殿へ向かうことにしようぜ。,101,8/8,thunder_veld_forced_loss / thunder_veld_loss,"event=thunder_veld_forced_loss; actions=CONV:THUNDER_VELD_OVERPOWER -> STORY_DEFEAT -> CONV:THUNDER_VELD_LOSS -> ALLY(value=101) -> FLAG(key=thunderFortCleared) -> WORLD_STATE(value=2,key=thunderFortState) -> STEP(value=6) -> SUB(value=0) -> LOG(value=結界を解くため、大灯台へ向かおう。) || event=thunder_veld_loss; actions=CONV:THUNDER_VELD_OVERPOWER -> STORY_DEFEAT -> CONV:THUNDER_VELD_LOSS -> ALLY(value=101) -> FLAG(key=thunderFortCleared) -> WORLD_STATE(value=2,key=thunderFortState) -> STEP(value=6) -> SUB(value=0) -> LOG(value=ジョセフが同行した。大灯台へ向かおう。)",現行参照,story.js:2553,,
627,第5段階 雷の要塞,メイン・イベント,ライザーク要塞,THUNDER_FORT_ADVENTURER_CRISIS,冒険者,"負傷者を西側へ！　民間人を先に通せ！
黒い鎧は追うな、今はここを守る！",,1/2,thunder_fort_adventurer_crisis,event=thunder_fort_adventurer_crisis; actions=CONV:THUNDER_FORT_ADVENTURER_CRISIS; ライザーク要塞 / 冒険者と話す,現行参照,story.js:2596,,
628,第5段階 雷の要塞,メイン・イベント,ライザーク要塞,THUNDER_FORT_ADVENTURER_CRISIS,冒険者,"制御炉へ向かうなら気をつけろ。
俺たちは避難路を空ける。",,2/2,thunder_fort_adventurer_crisis,event=thunder_fort_adventurer_crisis; actions=CONV:THUNDER_FORT_ADVENTURER_CRISIS; ライザーク要塞 / 冒険者と話す,現行参照,story.js:2596,,
629,第5段階 雷の要塞,メイン・イベント,ライザーク要塞,THUNDER_FORT_DARK_KNIGHT_CRISIS,暗黒騎士,居住区は捨て置け。制御炉を最優先で確保する。,,1/2,thunder_fort_dark_knight_crisis,event=thunder_fort_dark_knight_crisis; actions=CONV:THUNDER_FORT_DARK_KNIGHT_CRISIS; ライザーク要塞 / 暗黒騎士と話す,現行参照,story.js:2606,,
630,第5段階 雷の要塞,メイン・イベント,ライザーク要塞,THUNDER_FORT_DARK_KNIGHT_CRISIS,暗黒騎士,雷脈の出力を落とすな。命令は中枢維持だ。,,2/2,thunder_fort_dark_knight_crisis,event=thunder_fort_dark_knight_crisis; actions=CONV:THUNDER_FORT_DARK_KNIGHT_CRISIS; ライザーク要塞 / 暗黒騎士と話す,現行参照,story.js:2606,,
631,第5段階 雷の要塞,メイン・イベント,ライザーク要塞,POST_THUNDER_FORT_BASE_1,解放兵,"要塞に人の声が戻った。
まだ信じられないよ。",1002,1/2,post_thunder_fort_base_1,event=post_thunder_fort_base_1; actions=CONV:POST_THUNDER_FORT_BASE_1; ライザーク要塞 / 解放兵と話す,現行参照,story.js:2617,,
632,第5段階 雷の要塞,メイン・イベント,ライザーク要塞,POST_THUNDER_FORT_BASE_1,解放兵,"レナード様の刃も、
ジョセフ様の盾も本物だった。",1002,2/2,post_thunder_fort_base_1,event=post_thunder_fort_base_1; actions=CONV:POST_THUNDER_FORT_BASE_1; ライザーク要塞 / 解放兵と話す,現行参照,story.js:2617,,
633,第5段階 雷の要塞,メイン・イベント,ライザーク要塞,THUNDER_GUILD_UNDERSEA_VOLCANO_BRIEFING,バロン,海底火山にいるのはグラドだ。あの人は昔、俺たちが背中を追った冒険者だった。,204,1/7,thunder_guild_undersea_volcano_briefing,"event=thunder_guild_undersea_volcano_briefing; actions=CONV:THUNDER_GUILD_UNDERSEA_VOLCANO_BRIEFING -> FLAG(key=underseaVolcanoBriefingSeen) -> FLAG(key=underseaVolcanoRouteKnown) -> FLAG(key=underseaVolcanoRouteOpened) -> WORLD_STATE(value=1,key=underseaVolcanoState) -> SUB(value=2) -> LOG(value=バロンたちを追い、カザリアよりさらに北東の海にある海底火山へ向かおう。); ライザーク要塞 / 三人の話を聞く; ライザーク要塞 / 三人の話を聞く; ライザーク要塞 / 三人の話を聞く",現行参照,story.js:2653,,
634,第5段階 雷の要塞,メイン・イベント,ライザーク要塞,THUNDER_GUILD_UNDERSEA_VOLCANO_BRIEFING,マリー,だからこそ、放っておけない。ギルドの仲間だった人を止めるのは、まず私たちの役目よ。,102,2/7,thunder_guild_undersea_volcano_briefing,"event=thunder_guild_undersea_volcano_briefing; actions=CONV:THUNDER_GUILD_UNDERSEA_VOLCANO_BRIEFING -> FLAG(key=underseaVolcanoBriefingSeen) -> FLAG(key=underseaVolcanoRouteKnown) -> FLAG(key=underseaVolcanoRouteOpened) -> WORLD_STATE(value=1,key=underseaVolcanoState) -> SUB(value=2) -> LOG(value=バロンたちを追い、カザリアよりさらに北東の海にある海底火山へ向かおう。); ライザーク要塞 / 三人の話を聞く; ライザーク要塞 / 三人の話を聞く; ライザーク要塞 / 三人の話を聞く",現行参照,story.js:2653,,
635,第5段階 雷の要塞,メイン・イベント,ライザーク要塞,THUNDER_GUILD_UNDERSEA_VOLCANO_BRIEFING,フリーダ,あなたたちは来ないで。結界のことは分かってる。でも、これは私たちが先に向き合う。,205,3/7,thunder_guild_undersea_volcano_briefing,"event=thunder_guild_undersea_volcano_briefing; actions=CONV:THUNDER_GUILD_UNDERSEA_VOLCANO_BRIEFING -> FLAG(key=underseaVolcanoBriefingSeen) -> FLAG(key=underseaVolcanoRouteKnown) -> FLAG(key=underseaVolcanoRouteOpened) -> WORLD_STATE(value=1,key=underseaVolcanoState) -> SUB(value=2) -> LOG(value=バロンたちを追い、カザリアよりさらに北東の海にある海底火山へ向かおう。); ライザーク要塞 / 三人の話を聞く; ライザーク要塞 / 三人の話を聞く; ライザーク要塞 / 三人の話を聞く",現行参照,story.js:2653,,
636,第5段階 雷の要塞,メイン・イベント,ライザーク要塞,THUNDER_GUILD_UNDERSEA_VOLCANO_BRIEFING,受付職員,待ってください！　三人だけで海底火山へ行くなんて無茶です！,,4/7,thunder_guild_undersea_volcano_briefing,"event=thunder_guild_undersea_volcano_briefing; actions=CONV:THUNDER_GUILD_UNDERSEA_VOLCANO_BRIEFING -> FLAG(key=underseaVolcanoBriefingSeen) -> FLAG(key=underseaVolcanoRouteKnown) -> FLAG(key=underseaVolcanoRouteOpened) -> WORLD_STATE(value=1,key=underseaVolcanoState) -> SUB(value=2) -> LOG(value=バロンたちを追い、カザリアよりさらに北東の海にある海底火山へ向かおう。); ライザーク要塞 / 三人の話を聞く; ライザーク要塞 / 三人の話を聞く; ライザーク要塞 / 三人の話を聞く",現行参照,story.js:2653,,
637,第5段階 雷の要塞,メイン・イベント,ライザーク要塞,THUNDER_GUILD_UNDERSEA_VOLCANO_BRIEFING,バロン,悪い。止めても行く。,,5/7,thunder_guild_undersea_volcano_briefing,"event=thunder_guild_undersea_volcano_briefing; actions=CONV:THUNDER_GUILD_UNDERSEA_VOLCANO_BRIEFING -> FLAG(key=underseaVolcanoBriefingSeen) -> FLAG(key=underseaVolcanoRouteKnown) -> FLAG(key=underseaVolcanoRouteOpened) -> WORLD_STATE(value=1,key=underseaVolcanoState) -> SUB(value=2) -> LOG(value=バロンたちを追い、カザリアよりさらに北東の海にある海底火山へ向かおう。); ライザーク要塞 / 三人の話を聞く; ライザーク要塞 / 三人の話を聞く; ライザーク要塞 / 三人の話を聞く",現行参照,story.js:2653,,
638,第5段階 雷の要塞,メイン・イベント,ライザーク要塞,THUNDER_GUILD_UNDERSEA_VOLCANO_BRIEFING,システム,バロン、マリー、フリーダは制止を振り切り、海底火山へ向かった。,,6/7,thunder_guild_undersea_volcano_briefing,"event=thunder_guild_undersea_volcano_briefing; actions=CONV:THUNDER_GUILD_UNDERSEA_VOLCANO_BRIEFING -> FLAG(key=underseaVolcanoBriefingSeen) -> FLAG(key=underseaVolcanoRouteKnown) -> FLAG(key=underseaVolcanoRouteOpened) -> WORLD_STATE(value=1,key=underseaVolcanoState) -> SUB(value=2) -> LOG(value=バロンたちを追い、カザリアよりさらに北東の海にある海底火山へ向かおう。); ライザーク要塞 / 三人の話を聞く; ライザーク要塞 / 三人の話を聞く; ライザーク要塞 / 三人の話を聞く",現行参照,story.js:2653,,
639,第5段階 雷の要塞,メイン・イベント,ライザーク要塞,THUNDER_GUILD_UNDERSEA_VOLCANO_BRIEFING,ゼリード,……あいつらだけじゃ危ない。入口なら俺も分かる。追うぞ。,103,7/7,thunder_guild_undersea_volcano_briefing,"event=thunder_guild_undersea_volcano_briefing; actions=CONV:THUNDER_GUILD_UNDERSEA_VOLCANO_BRIEFING -> FLAG(key=underseaVolcanoBriefingSeen) -> FLAG(key=underseaVolcanoRouteKnown) -> FLAG(key=underseaVolcanoRouteOpened) -> WORLD_STATE(value=1,key=underseaVolcanoState) -> SUB(value=2) -> LOG(value=バロンたちを追い、カザリアよりさらに北東の海にある海底火山へ向かおう。); ライザーク要塞 / 三人の話を聞く; ライザーク要塞 / 三人の話を聞く; ライザーク要塞 / 三人の話を聞く",現行参照,story.js:2653,,
640,第5段階 雷の要塞,メイン・イベント,ライザーク要塞,UNDERSEA_VOLCANO_ROUTE_HINT_THUNDER,冒険者,海底火山なら、カザリアよりさらに北東だ。陸じゃない。船で外海を探せ。,,1/2,undersea_volcano_route_hint_thunder,event=undersea_volcano_route_hint_thunder; actions=CONV:UNDERSEA_VOLCANO_ROUTE_HINT_THUNDER; ライザーク要塞 / 海底火山の場所を聞く,現行参照,story.js:2693,,
641,第5段階 雷の要塞,メイン・イベント,ライザーク要塞,UNDERSEA_VOLCANO_ROUTE_HINT_THUNDER,冒険者,海面は普通に見えるが、船縁から手を出すと潮だけ妙にぬるい。そこまで行けば入口は分かる。,,2/2,undersea_volcano_route_hint_thunder,event=undersea_volcano_route_hint_thunder; actions=CONV:UNDERSEA_VOLCANO_ROUTE_HINT_THUNDER; ライザーク要塞 / 海底火山の場所を聞く,現行参照,story.js:2693,,
642,第5段階 雷の要塞,メイン・イベント,ライザーク要塞,THUNDER_FORT_CLAUDE_LUNA_ARRIVAL,システム,雷の要塞へ戻ると、救護所の前が騒然としていた。クロードが、意識を失った一人の少女を抱えて駆け込んでくる。,,1/4,thunder_fort_claude_luna_arrival,event=thunder_fort_claude_luna_arrival; actions=CONV:THUNDER_FORT_CLAUDE_LUNA_ARRIVAL -> FLAG(key=lunaSurvivalRevealed) -> FLAG(key=lunaAtThunderFortInfirmary) -> SUB(value=6) -> LOG(value=ルーナは生きていた。救護所で休ませ、ギルド区画でクロードから光の宮殿の出来事を聞こう。); ライザーク要塞 / 騒ぎを確かめる,現行参照,story.js:2720,,
643,第5段階 雷の要塞,メイン・イベント,ライザーク要塞,THUNDER_FORT_CLAUDE_LUNA_ARRIVAL,アルス,……ルーナ？,301,2/4,thunder_fort_claude_luna_arrival,event=thunder_fort_claude_luna_arrival; actions=CONV:THUNDER_FORT_CLAUDE_LUNA_ARRIVAL -> FLAG(key=lunaSurvivalRevealed) -> FLAG(key=lunaAtThunderFortInfirmary) -> SUB(value=6) -> LOG(value=ルーナは生きていた。救護所で休ませ、ギルド区画でクロードから光の宮殿の出来事を聞こう。); ライザーク要塞 / 騒ぎを確かめる,現行参照,story.js:2720,,
644,第5段階 雷の要塞,メイン・イベント,ライザーク要塞,THUNDER_FORT_CLAUDE_LUNA_ARRIVAL,システム,あの日に失ったはずの面影が、そこにあった。生きている。だが、目を覚まさない。,,3/4,thunder_fort_claude_luna_arrival,event=thunder_fort_claude_luna_arrival; actions=CONV:THUNDER_FORT_CLAUDE_LUNA_ARRIVAL -> FLAG(key=lunaSurvivalRevealed) -> FLAG(key=lunaAtThunderFortInfirmary) -> SUB(value=6) -> LOG(value=ルーナは生きていた。救護所で休ませ、ギルド区画でクロードから光の宮殿の出来事を聞こう。); ライザーク要塞 / 騒ぎを確かめる,現行参照,story.js:2720,,
645,第5段階 雷の要塞,メイン・イベント,ライザーク要塞,THUNDER_FORT_CLAUDE_LUNA_ARRIVAL,クロード,説明はする。まず彼女を寝かせる。……そのあと、ギルド区画へ来てくれ。宮殿で何が起きたか、最初から話す。,304,4/4,thunder_fort_claude_luna_arrival,event=thunder_fort_claude_luna_arrival; actions=CONV:THUNDER_FORT_CLAUDE_LUNA_ARRIVAL -> FLAG(key=lunaSurvivalRevealed) -> FLAG(key=lunaAtThunderFortInfirmary) -> SUB(value=6) -> LOG(value=ルーナは生きていた。救護所で休ませ、ギルド区画でクロードから光の宮殿の出来事を聞こう。); ライザーク要塞 / 騒ぎを確かめる,現行参照,story.js:2720,,
646,第5段階 雷の要塞,回想,ライザーク要塞,LIGHT_PALACE_FLASHBACK_BRIEFING,クロード,ルーナは救護所で眠っている。……ここから先は、俺が宮殿で見たことを順に話す。最初に動いていたのはレイラだった。,304,1/2,light_palace_flashback_briefing,event=light_palace_flashback_briefing; actions=CONV:LIGHT_PALACE_FLASHBACK_BRIEFING -> FLAG(key=lightPalaceFlashbackReady) -> SUB(value=7) -> EVENT; ライザーク要塞 / 宮殿での出来事を聞く,現行参照,story.js:2726,,
647,第5段階 雷の要塞,回想,ライザーク要塞,LIGHT_PALACE_FLASHBACK_BRIEFING,システム,クロードの記憶は、光の宮殿でレイラが動き始めた場面へ遡る。,,2/2,light_palace_flashback_briefing,event=light_palace_flashback_briefing; actions=CONV:LIGHT_PALACE_FLASHBACK_BRIEFING -> FLAG(key=lightPalaceFlashbackReady) -> SUB(value=7) -> EVENT; ライザーク要塞 / 宮殿での出来事を聞く,現行参照,story.js:2726,,
648,第5段階 雷の要塞,回想,ライザーク要塞,LIGHT_PALACE_FLASHBACK_SAINT_ROOM,レイラ,聖女様、ここも長くは持ちません。正面入口まで下がります。私から離れないでください。,204,1/2,light_palace_flashback_start / light_palace_flashback_saint_room_start,event=light_palace_flashback_start; actions=SCENE_BEGIN -> FLAG(key=lightPalaceFlashbackActive) -> START_FIXED_DUNGEON -> SCENE_CHECKPOINT -> CONV:LIGHT_PALACE_FLASHBACK_SAINT_ROOM; ライザーク要塞 / 宮殿での話を聞く || event=light_palace_flashback_saint_room_start; actions=CONV:LIGHT_PALACE_FLASHBACK_SAINT_ROOM,現行参照,story.js:2730,,
649,第5段階 雷の要塞,回想,ライザーク要塞,LIGHT_PALACE_FLASHBACK_SAINT_ROOM,ルーナ,うん。……傷ついた人がいたら、置いてはいけないよ。私も戦えるから。,401,2/2,light_palace_flashback_start / light_palace_flashback_saint_room_start,event=light_palace_flashback_start; actions=SCENE_BEGIN -> FLAG(key=lightPalaceFlashbackActive) -> START_FIXED_DUNGEON -> SCENE_CHECKPOINT -> CONV:LIGHT_PALACE_FLASHBACK_SAINT_ROOM; ライザーク要塞 / 宮殿での話を聞く || event=light_palace_flashback_saint_room_start; actions=CONV:LIGHT_PALACE_FLASHBACK_SAINT_ROOM,現行参照,story.js:2730,,
650,第5段階 雷の要塞,メイン・イベント,,LIGHT_PALACE_THUNDER_EMERGENCY_SKELETON,システム,その直後、雷の要塞から急報が届く。魔王軍が救護区画へ向けて侵入し、昏睡中のルーナが危険に晒されている。,,1/1,light_palace_liberation_after_betrayal,"event=light_palace_liberation_after_betrayal; actions=CONV:LIGHT_PALACE_LIBERATION_SKELETON -> FLAG(key=lightPalaceLiberationSeen) -> FLAG(key=lightPalaceCleared) -> WORLD_STATE(value=5,key=lightPalaceState) -> CONV:LIGHT_PALACE_THUNDER_EMERGENCY_SKELETON -> FLAG(key=thunderFortDemonAssaultAlert) -> WORLD_STATE(value=5,key=thunderFortState) -> SUB(value=3) -> LOG(value=魔王軍が雷の要塞へ侵入した。ルーナのいる救護区画へ急ごう。)",現行参照,story.js:3133,,
651,第5段階 雷の要塞,メイン・イベント,,THUNDER_FORT_DEMON_ASSAULT_ARRIVAL,システム,雷の要塞へ戻る。砕かれているのは救護区画へ続く扉ばかりで、商店の窓には手をつけた跡すらない。,,1/2,thunder_fort_demon_assault_arrival,"event=thunder_fort_demon_assault_arrival; actions=CONV:THUNDER_FORT_DEMON_ASSAULT_ARRIVAL -> WORLD_STATE(value=6,key=thunderFortState) -> SUB(value=4) -> LOG(value=バロンたちと合流し、救護区画へ進む魔王軍を退けよう。)",現行参照,story.js:3139,,
652,第5段階 雷の要塞,メイン・イベント,,THUNDER_FORT_DEMON_ASSAULT_ARRIVAL,バロン,狙いは砦じゃねえ。あいつら、最初から救護所だけ見てやがる。ルーナを渡す気はねえぞ。,205,2/2,thunder_fort_demon_assault_arrival,"event=thunder_fort_demon_assault_arrival; actions=CONV:THUNDER_FORT_DEMON_ASSAULT_ARRIVAL -> WORLD_STATE(value=6,key=thunderFortState) -> SUB(value=4) -> LOG(value=バロンたちと合流し、救護区画へ進む魔王軍を退けよう。)",現行参照,story.js:3139,,
653,第5段階 雷の要塞,メイン・イベント,ライザーク要塞,THUNDER_FORT_DEMON_ASSAULT_WAVE1,魔人兵士,聖女を渡せ。人間どもに、あの娘を預けてはおけん。,,1/2,thunder_fort_demon_assault_wave1,"event=thunder_fort_demon_assault_wave1; actions=CONV:THUNDER_FORT_DEMON_ASSAULT_WAVE1 -> BOSS(value=[652, 652, 651]); ライザーク要塞 / 前線を押し返す",現行参照,story.js:3143,,
654,第5段階 雷の要塞,メイン・イベント,ライザーク要塞,THUNDER_FORT_DEMON_ASSAULT_WAVE1,システム,脇を逃げる市民には目もくれず、魔族たちは救護所へ続く通路へ殺到する。,,2/2,thunder_fort_demon_assault_wave1,"event=thunder_fort_demon_assault_wave1; actions=CONV:THUNDER_FORT_DEMON_ASSAULT_WAVE1 -> BOSS(value=[652, 652, 651]); ライザーク要塞 / 前線を押し返す",現行参照,story.js:3143,,
655,第5段階 雷の要塞,メイン・イベント,,THUNDER_FORT_DEMON_ASSAULT_WAVE1_CLEAR,バロン,一陣は止めた！　だが別働隊が救護所側へ回った。次を止めるぞ！,205,1/1,thunder_fort_demon_assault_wave1_clear,event=thunder_fort_demon_assault_wave1_clear; actions=FLAG(key=thunderFortDefenseWave1Cleared) -> CONV:THUNDER_FORT_DEMON_ASSAULT_WAVE1_CLEAR -> LOG(value=別働隊が救護区画へ回った。マリーたちと合流しよう。),現行参照,story.js:3147,,
656,第5段階 雷の要塞,メイン・イベント,ライザーク要塞,THUNDER_FORT_DEMON_ASSAULT_WAVE2,魔人兵士,その娘を渡せ。これ以上、人間の手に置くわけにはいかない。,,1/2,thunder_fort_demon_assault_wave2,"event=thunder_fort_demon_assault_wave2; actions=CONV:THUNDER_FORT_DEMON_ASSAULT_WAVE2 -> BOSS(value=[652, 651, 652]); ライザーク要塞 / 救護区画を守る",現行参照,story.js:3150,,
657,第5段階 雷の要塞,メイン・イベント,ライザーク要塞,THUNDER_FORT_DEMON_ASSAULT_WAVE2,マリー,理由が何であれ、意識のない子を力ずくで連れていかせない。ここで止めるよ。,102,2/2,thunder_fort_demon_assault_wave2,"event=thunder_fort_demon_assault_wave2; actions=CONV:THUNDER_FORT_DEMON_ASSAULT_WAVE2 -> BOSS(value=[652, 651, 652]); ライザーク要塞 / 救護区画を守る",現行参照,story.js:3150,,
658,第5段階 雷の要塞,メイン・イベント,,THUNDER_FORT_LUNA_AWAKENING_SKELETON,システム,魔王軍が退いた後。救護所の静けさの中で、ルーナがゆっくりと目を開いた。,,1/5,thunder_fort_luna_awakening,event=thunder_fort_luna_awakening; actions=IF_FLAG,現行参照,story.js:3154,,
659,第5段階 雷の要塞,メイン・イベント,,THUNDER_FORT_LUNA_AWAKENING_SKELETON,システム,救護班に支えられたレイラは涙をこぼしながら謝り、ルーナを抱きしめた。,,2/5,thunder_fort_luna_awakening,event=thunder_fort_luna_awakening; actions=IF_FLAG,現行参照,story.js:3154,,
660,第5段階 雷の要塞,メイン・イベント,,THUNDER_FORT_LUNA_AWAKENING_SKELETON,システム,アルスは五年間探し続けた幼馴染へ、震える声で呼びかける。だがルーナの瞳に、幼馴染を見る色はない。,,3/5,thunder_fort_luna_awakening,event=thunder_fort_luna_awakening; actions=IF_FLAG,現行参照,story.js:3154,,
661,第5段階 雷の要塞,メイン・イベント,,THUNDER_FORT_LUNA_AWAKENING_SKELETON,ルーナ,冒険者様、助けてくださってありがとうございます。,401,4/5,thunder_fort_luna_awakening,event=thunder_fort_luna_awakening; actions=IF_FLAG,現行参照,story.js:3154,,
662,第5段階 雷の要塞,メイン・イベント,,THUNDER_FORT_LUNA_AWAKENING_SKELETON,ケイト,ルーナさんの力も、レオンさんの呪いも、普通の治療では届きません。……ソフィアさんなら、結晶樹について何か知っているかもしれません。,104,5/5,thunder_fort_luna_awakening,event=thunder_fort_luna_awakening; actions=IF_FLAG,現行参照,story.js:3154,,
663,第5段階 雷の要塞,メイン・イベント,ライザーク要塞,THUNDER_FORT_LUNA_POST_AWAKENING,システム,ルーナは目を閉じたまま、浅い呼吸を繰り返している。,,1/1,thunder_fort_luna_post_awakening,event=thunder_fort_luna_post_awakening; actions=CONV:THUNDER_FORT_LUNA_POST_AWAKENING; ライザーク要塞 / ルーナの様子を見る,現行参照,story.js:3161,,
664,第5段階 雷の要塞,クエスト,,QUEST_FRIEDA_BARON_ENCOUNTER,フリーダ,"制御環が勝手に回ってる。
まずい、あれ自身が核だ。",,1/2,quest_frieda_baron_encounter,"event=quest_frieda_baron_encounter; actions=CONV:QUEST_FRIEDA_BARON_ENCOUNTER -> BOSS(value=[303204, 902])",現行参照,story.js:4163,,
665,第5段階 雷の要塞,クエスト,,QUEST_FRIEDA_BARON_ENCOUNTER,バロン,"退路は確保した。
放電が収まる前に叩くぞ。",,2/2,quest_frieda_baron_encounter,"event=quest_frieda_baron_encounter; actions=CONV:QUEST_FRIEDA_BARON_ENCOUNTER -> BOSS(value=[303204, 902])",現行参照,story.js:4163,,
666,第5段階 雷の要塞,クエスト,,QUEST_FRIEDA_BARON_CLEAR,フリーダ,"雷雲が割れた。
久しぶりに、星が見えるね。",,1/3,quest_frieda_baron_clear,event=quest_frieda_baron_clear; actions=CONV:QUEST_FRIEDA_BARON_CLEAR,現行参照,story.js:4173,,
667,第5段階 雷の要塞,クエスト,,QUEST_FRIEDA_BARON_CLEAR,バロン,"眺めるのは後だ。
戦場は、この先にも続く。",,2/3,quest_frieda_baron_clear,event=quest_frieda_baron_clear; actions=CONV:QUEST_FRIEDA_BARON_CLEAR,現行参照,story.js:4173,,
668,第5段階 雷の要塞,クエスト,,QUEST_FRIEDA_BARON_CLEAR,フリーダ,"相変わらず固いなあ。
じゃあ二人とも、連れていって。",,3/3,quest_frieda_baron_clear,event=quest_frieda_baron_clear; actions=CONV:QUEST_FRIEDA_BARON_CLEAR,現行参照,story.js:4173,,
669,第5段階 雷の要塞,クエスト,リンの雷鳴討伐 [rin_thunder_fort],QUEST_RIN_START,リン,"レイラの雷は、迷わない。
だから私は追いつけなかった。",,1/3,quest_rin_start,event=quest_rin_start; actions=CONV:QUEST_RIN_START,現行参照,story.js:4211,,
670,第5段階 雷の要塞,クエスト,リンの雷鳴討伐 [rin_thunder_fort],QUEST_RIN_START,リン,"要塞にアイアンウルフと、
フレイムヴァインが残っている。",,2/3,quest_rin_start,event=quest_rin_start; actions=CONV:QUEST_RIN_START,現行参照,story.js:4211,,
671,第5段階 雷の要塞,クエスト,リンの雷鳴討伐 [rin_thunder_fort],QUEST_RIN_START,リン,"合計六体、狩る。
私の刃が鈍いか、見てほしい。",,3/3,quest_rin_start,event=quest_rin_start; actions=CONV:QUEST_RIN_START,現行参照,story.js:4211,,
672,第5段階 雷の要塞,クエスト,リンの雷鳴討伐 [rin_thunder_fort],QUEST_RIN_REPORT,リン,"刃は鈍っていなかった。
迷っていたのは、私の方だ。",,1/2,quest_rin_report,event=quest_rin_report; actions=CONV:QUEST_RIN_REPORT,現行参照,story.js:4225,,
673,第5段階 雷の要塞,クエスト,リンの雷鳴討伐 [rin_thunder_fort],QUEST_RIN_REPORT,リン,"次は同じ敵を斬る。
それなら背中を預けられる。",,2/2,quest_rin_report,event=quest_rin_report; actions=CONV:QUEST_RIN_REPORT,現行参照,story.js:4225,,
674,第5段階 雷の要塞,メイン・イベント,,LOCKED_DARK_SHRINE,システム,闇の神殿の入口を、白い聖印の結界が塞いでいる。,,1/2,locked_dark_shrine,event=locked_dark_shrine; actions=CONV:LOCKED_DARK_SHRINE,現行参照,story.js:4342,,
675,第5段階 雷の要塞,メイン・イベント,,LOCKED_DARK_SHRINE,ジョセフ,王国聖騎士が張った結界だ。聖騎士がいなきゃ、術式を解くことはできねえ。,101,2/2,locked_dark_shrine,event=locked_dark_shrine; actions=CONV:LOCKED_DARK_SHRINE,現行参照,story.js:4342,,
676,第5段階 雷の要塞,深淵・追加ストーリー,,ABYSS_SPIRIT_TRIAL_THUNDER_PARTY_INTRO_PHASE17,ジョセフ,決めろ、ってか。戦場じゃ、迷わない奴から死ぬこともあるんだがな。,,1/2,abyss_spirit_trial_thunder_intro,event=abyss_spirit_trial_thunder_intro; actions=CONV:ABYSS_SPIRIT_TRIAL_THUNDER_INTRO -> IF_ALLY -> CHOICE,現行参照,story.js:,,
677,第5段階 雷の要塞,深淵・追加ストーリー,,ABYSS_SPIRIT_TRIAL_THUNDER_PARTY_INTRO_PHASE17,ジョセフ,それでも、迷ったまま人を盾にするよりはましか。行くぞ、アルス。,,2/2,abyss_spirit_trial_thunder_intro,event=abyss_spirit_trial_thunder_intro; actions=CONV:ABYSS_SPIRIT_TRIAL_THUNDER_INTRO -> IF_ALLY -> CHOICE,現行参照,story.js:,,
678,第5段階 雷の要塞,深淵・追加ストーリー,,ABYSS_SPIRIT_TRIAL_THUNDER_PARTY_VICTORY_PHASE17,ジョセフ,決めた先で間違うこともある。そん時ゃ、また次を決めりゃいい。,,1/1,abyss_spirit_trial_thunder_victory,event=abyss_spirit_trial_thunder_victory; actions=CONV:ABYSS_SPIRIT_TRIAL_THUNDER_VICTORY -> IF_ALLY -> ABYSS_SPIRIT_TRIAL_COMPLETE -> EVENT,現行参照,story.js:,,
679,第5段階 雷の要塞,深淵・追加ストーリー,,ABYSS_SPIRIT_TRIAL_THUNDER_INTRO,雷の大精霊,"迷いは刃を鈍らせる。
守るものを定めたなら、雷より速く決断してみせろ。",,1/2,abyss_spirit_trial_thunder_intro,event=abyss_spirit_trial_thunder_intro; actions=CONV:ABYSS_SPIRIT_TRIAL_THUNDER_INTRO -> IF_ALLY -> CHOICE,現行参照,story.js:,,
680,第5段階 雷の要塞,深淵・追加ストーリー,,ABYSS_SPIRIT_TRIAL_THUNDER_INTRO,システム,雷のプリズムから、鋭い火花が走った。,,2/2,abyss_spirit_trial_thunder_intro,event=abyss_spirit_trial_thunder_intro; actions=CONV:ABYSS_SPIRIT_TRIAL_THUNDER_INTRO -> IF_ALLY -> CHOICE,現行参照,story.js:,,
681,第5段階 雷の要塞,深淵・追加ストーリー,,ABYSS_SPIRIT_TRIAL_THUNDER_RETRY,雷の大精霊,"倒れた事実は消えん。だが、次の一歩は選べる。
再び来るなら、今度こそ迷うな。",,1/1,abyss_spirit_trial_thunder_retry,event=abyss_spirit_trial_thunder_retry; actions=CONV:ABYSS_SPIRIT_TRIAL_THUNDER_RETRY -> CHOICE,現行参照,story.js:,,
682,第5段階 雷の要塞,深淵・追加ストーリー,,ABYSS_SPIRIT_TRIAL_THUNDER_VICTORY,雷の大精霊,"よい決断だった。速さに心を奪われず、仲間と同じ敵を見た。
雷の加護を受け取れ。",,1/1,abyss_spirit_trial_thunder_victory,event=abyss_spirit_trial_thunder_victory; actions=CONV:ABYSS_SPIRIT_TRIAL_THUNDER_VICTORY -> IF_ALLY -> ABYSS_SPIRIT_TRIAL_COMPLETE -> EVENT,現行参照,story.js:,,
683,第6段階 大灯台・海底火山・光の宮殿回想,メイン・イベント,,UNDERSEA_VOLCANO_DEPARTURE,ゼリード,入口はこの沖だ。バロンたちも先に入ったはずだ。追うぞ。,103,1/1,undersea_volcano_departure,"event=undersea_volcano_departure; actions=CONV:UNDERSEA_VOLCANO_DEPARTURE -> FLAG(key=underseaVolcanoEntered) -> WORLD_STATE(value=2,key=underseaVolcanoState) -> SUB(value=3) -> START_FIXED_DUNGEON",現行参照,story.js:2687,,
684,第6段階 大灯台・海底火山・光の宮殿回想,メイン・イベント,,UNDERSEA_VOLCANO_WORLD_ENTRY,ゼリード,海面の下から熱が上がってる。ここだ。先に入った連中の痕もある。行くぞ。,103,1/1,undersea_volcano_world_entry,"event=undersea_volcano_world_entry; actions=CONV:UNDERSEA_VOLCANO_WORLD_ENTRY -> FLAG(key=underseaVolcanoEntered) -> WORLD_STATE(value=2,key=underseaVolcanoState) -> SUB(value=3) -> START_FIXED_DUNGEON",現行参照,story.js:2690,,
685,第6段階 大灯台・海底火山・光の宮殿回想,メイン・イベント,,UNDERSEA_VOLCANO_RESEARCH_ENTRY,システム,自然洞の先に、人の手で築かれた沈圧研究棟が現れた。火の力を長期間肉体へ馴染ませるための記録が並んでいる。,,1/2,undersea_volcano_research_entry,"event=undersea_volcano_research_entry; actions=CONV:UNDERSEA_VOLCANO_RESEARCH_ENTRY -> FLAG(key=underseaVolcanoResearchReached) -> WORLD_STATE(value=3,key=underseaVolcanoState) -> SUB(value=4)",現行参照,story.js:2701,,
686,第6段階 大灯台・海底火山・光の宮殿回想,メイン・イベント,,UNDERSEA_VOLCANO_RESEARCH_ENTRY,ゼリード,海水と水属性を安全弁にして、火だけを身体へ押し込んだのか……。グラドをここで仕上げた連中がいる。,103,2/2,undersea_volcano_research_entry,"event=undersea_volcano_research_entry; actions=CONV:UNDERSEA_VOLCANO_RESEARCH_ENTRY -> FLAG(key=underseaVolcanoResearchReached) -> WORLD_STATE(value=3,key=underseaVolcanoState) -> SUB(value=4)",現行参照,story.js:2701,,
687,第6段階 大灯台・海底火山・光の宮殿回想,メイン・イベント,,UNDERSEA_VOLCANO_BATTLE_AREA_ENTRY,システム,沈圧研究棟を抜けると、巨大な調律炉へ出た。海水の冷気を押し返すように、炉心の炎が一定の間隔で脈打っている。,,1/1,undersea_volcano_battle_area_entry,"event=undersea_volcano_battle_area_entry; actions=CONV:UNDERSEA_VOLCANO_BATTLE_AREA_ENTRY -> FLAG(key=underseaVolcanoBossAreaReached) -> WORLD_STATE(value=4,key=underseaVolcanoState) -> SUB(value=4)",現行参照,story.js:2705,,
688,第6段階 大灯台・海底火山・光の宮殿回想,メイン・イベント,,UNDERSEA_GRAD_ENCOUNTER,システム,先行したバロン、マリー、フリーダが壁際まで押し戻されている。その正面で、グラドの炎だけが乱れず燃えていた。,,1/4,undersea_grad_encounter,event=undersea_grad_encounter; actions=CONV:UNDERSEA_GRAD_ENCOUNTER -> BOSS(value=301063),現行参照,story.js:2708,,
689,第6段階 大灯台・海底火山・光の宮殿回想,メイン・イベント,,UNDERSEA_GRAD_ENCOUNTER,バロン,気をつけろ……！　前に見た炎とは別物だ。もう、力に振り回されてない。,205,2/4,undersea_grad_encounter,event=undersea_grad_encounter; actions=CONV:UNDERSEA_GRAD_ENCOUNTER -> BOSS(value=301063),現行参照,story.js:2708,,
690,第6段階 大灯台・海底火山・光の宮殿回想,メイン・イベント,,UNDERSEA_GRAD_ENCOUNTER,炎楔のグラド,あの時は火が俺の内側で暴れた。今は違う。炎も、この海も、俺を鍛える炉になった。,,3/4,undersea_grad_encounter,event=undersea_grad_encounter; actions=CONV:UNDERSEA_GRAD_ENCOUNTER -> BOSS(value=301063),現行参照,story.js:2708,,
691,第6段階 大灯台・海底火山・光の宮殿回想,メイン・イベント,,UNDERSEA_GRAD_ENCOUNTER,炎楔のグラド,来い。今度は失敗などない。,,4/4,undersea_grad_encounter,event=undersea_grad_encounter; actions=CONV:UNDERSEA_GRAD_ENCOUNTER -> BOSS(value=301063),現行参照,story.js:2708,,
692,第6段階 大灯台・海底火山・光の宮殿回想,メイン・イベント,,UNDERSEA_GRAD_CLEAR,システム,炎楔が砕け、研究炉を満たしていた火の流れが急速に弱まっていく。,,1/4,undersea_grad_clear,"event=undersea_grad_clear; actions=CONV:UNDERSEA_GRAD_CLEAR -> FLAG(key=underseaGradDefeated) -> FLAG(key=underseaVolcanoCleared) -> WORLD_STATE(value=5,key=underseaVolcanoState) -> WORLD_STATE(value=4,key=thunderFortState) -> SUB(value=5) -> LOG(value=第二結界源を破壊した。雷の要塞へ戻ろう。)",現行参照,story.js:2714,,
693,第6段階 大灯台・海底火山・光の宮殿回想,メイン・イベント,,UNDERSEA_GRAD_CLEAR,炎楔のグラド,……これで終わりだと思うな。俺をここまで作った連中は、まだ先にいる。,,2/4,undersea_grad_clear,"event=undersea_grad_clear; actions=CONV:UNDERSEA_GRAD_CLEAR -> FLAG(key=underseaGradDefeated) -> FLAG(key=underseaVolcanoCleared) -> WORLD_STATE(value=5,key=underseaVolcanoState) -> WORLD_STATE(value=4,key=thunderFortState) -> SUB(value=5) -> LOG(value=第二結界源を破壊した。雷の要塞へ戻ろう。)",現行参照,story.js:2714,,
694,第6段階 大灯台・海底火山・光の宮殿回想,メイン・イベント,,UNDERSEA_GRAD_CLEAR,システム,グラドは崩れた研究炉の奥へ退いた。光の宮殿を支えていた第二結界源は沈黙した。,,3/4,undersea_grad_clear,"event=undersea_grad_clear; actions=CONV:UNDERSEA_GRAD_CLEAR -> FLAG(key=underseaGradDefeated) -> FLAG(key=underseaVolcanoCleared) -> WORLD_STATE(value=5,key=underseaVolcanoState) -> WORLD_STATE(value=4,key=thunderFortState) -> SUB(value=5) -> LOG(value=第二結界源を破壊した。雷の要塞へ戻ろう。)",現行参照,story.js:2714,,
695,第6段階 大灯台・海底火山・光の宮殿回想,メイン・イベント,,UNDERSEA_GRAD_CLEAR,マリー,追うより先に要塞へ戻りましょう。負傷者もいるし、結界が消えたことを伝えないと。,102,4/4,undersea_grad_clear,"event=undersea_grad_clear; actions=CONV:UNDERSEA_GRAD_CLEAR -> FLAG(key=underseaGradDefeated) -> FLAG(key=underseaVolcanoCleared) -> WORLD_STATE(value=5,key=underseaVolcanoState) -> WORLD_STATE(value=4,key=thunderFortState) -> SUB(value=5) -> LOG(value=第二結界源を破壊した。雷の要塞へ戻ろう。)",現行参照,story.js:2714,,
696,第6段階 大灯台・海底火山・光の宮殿回想,メイン・イベント,大灯台,LIGHTHOUSE_ZELIED_STORY_INTRO,ゼリード,……よう、[N:101]。随分と派手な場所で再会したな。,103,1/4,lighthouse_zelied_story_intro,event=lighthouse_zelied_story_intro; actions=CONV:LIGHTHOUSE_ZELIED_STORY_INTRO -> FLAG(key=zeliedLighthouseIntroSeen) -> LOG(value=ゼリードは大灯台の裏設備に詳しいようだ。); 大灯台 / ゼリードと話す,現行参照,story.js:2806,,
697,第6段階 大灯台・海底火山・光の宮殿回想,メイン・イベント,大灯台,LIGHTHOUSE_ZELIED_STORY_INTRO,ジョセフ,ゼリード！？　お前、今までどこで何してやがった！,101,2/4,lighthouse_zelied_story_intro,event=lighthouse_zelied_story_intro; actions=CONV:LIGHTHOUSE_ZELIED_STORY_INTRO -> FLAG(key=zeliedLighthouseIntroSeen) -> LOG(value=ゼリードは大灯台の裏設備に詳しいようだ。); 大灯台 / ゼリードと話す,現行参照,story.js:2806,,
698,第6段階 大灯台・海底火山・光の宮殿回想,メイン・イベント,大灯台,LIGHTHOUSE_ZELIED_STORY_INTRO,ゼリード,昔の仕事でな。この灯台の裏側は、表の案内図より少しだけ詳しい。,103,3/4,lighthouse_zelied_story_intro,event=lighthouse_zelied_story_intro; actions=CONV:LIGHTHOUSE_ZELIED_STORY_INTRO -> FLAG(key=zeliedLighthouseIntroSeen) -> LOG(value=ゼリードは大灯台の裏設備に詳しいようだ。); 大灯台 / ゼリードと話す,現行参照,story.js:2806,,
699,第6段階 大灯台・海底火山・光の宮殿回想,メイン・イベント,大灯台,LIGHTHOUSE_ZELIED_STORY_INTRO,ゼリード,上へ行くなら勝手にしろ。ただし結界炉は一枚じゃない。まずここを見てから考えろ。,103,4/4,lighthouse_zelied_story_intro,event=lighthouse_zelied_story_intro; actions=CONV:LIGHTHOUSE_ZELIED_STORY_INTRO -> FLAG(key=zeliedLighthouseIntroSeen) -> LOG(value=ゼリードは大灯台の裏設備に詳しいようだ。); 大灯台 / ゼリードと話す,現行参照,story.js:2806,,
700,第6段階 大灯台・海底火山・光の宮殿回想,メイン・イベント,大灯台,LIGHTHOUSE_ZELIED_STORY_SUPPORT,ゼリード,上層の配管は妙に新しい。昔の灯台へ後付けした術式だ。足元だけは見て進め。,103,1/1,lighthouse_zelied_story_support,event=lighthouse_zelied_story_support; actions=CONV:LIGHTHOUSE_ZELIED_STORY_SUPPORT; 大灯台 / ゼリードと話す,現行参照,story.js:2828,,
701,第6段階 大灯台・海底火山・光の宮殿回想,メイン・イベント,,LIGHTHOUSE_MIDBOSS_ENCOUNTER,ヘルクラッシャー,灯ヲ消ス侵入者ドモ。ココデ散レ。,,1/2,big_tower_midboss_encounter,"event=big_tower_midboss_encounter; actions=CONV:LIGHTHOUSE_MIDBOSS_ENCOUNTER -> BOSS(value=[301060, 301062])",現行参照,story.js:2835,,
702,第6段階 大灯台・海底火山・光の宮殿回想,メイン・イベント,,LIGHTHOUSE_MIDBOSS_ENCOUNTER,デモンキャット,魔界ノ呪イデノタウチ回レ。,,2/2,big_tower_midboss_encounter,"event=big_tower_midboss_encounter; actions=CONV:LIGHTHOUSE_MIDBOSS_ENCOUNTER -> BOSS(value=[301060, 301062])",現行参照,story.js:2835,,
703,第6段階 大灯台・海底火山・光の宮殿回想,メイン・イベント,,LIGHTHOUSE_MIDBOSS_CLEAR,エリーゼ,金色の鍵……これで上層の扉が開くはずです。,106,1/1,big_tower_midboss_clear,event=big_tower_midboss_clear; actions=CONV:LIGHTHOUSE_MIDBOSS_CLEAR,現行参照,story.js:2845,,
704,第6段階 大灯台・海底火山・光の宮殿回想,メイン・イベント,,LIGHTHOUSE_LILITH_ENCOUNTER,システム,大灯台の最上階。灯火の代わりに、黒い魔術結界が空へ伸びている。,,1/5,big_tower_lilith_encounter,event=big_tower_lilith_encounter; actions=CONV:LIGHTHOUSE_LILITH_ENCOUNTER -> BOSS(value=301061),現行参照,story.js:2852,,
705,第6段階 大灯台・海底火山・光の宮殿回想,メイン・イベント,,LIGHTHOUSE_LILITH_ENCOUNTER,常闇のリリス,我が主へ届く道を、地上の者が汚すとは。,,2/5,big_tower_lilith_encounter,event=big_tower_lilith_encounter; actions=CONV:LIGHTHOUSE_LILITH_ENCOUNTER -> BOSS(value=301061),現行参照,story.js:2852,,
706,第6段階 大灯台・海底火山・光の宮殿回想,メイン・イベント,,LIGHTHOUSE_LILITH_ENCOUNTER,エリーゼ,闇……だけではありません。風の流れまで濁っています。,106,3/5,big_tower_lilith_encounter,event=big_tower_lilith_encounter; actions=CONV:LIGHTHOUSE_LILITH_ENCOUNTER -> BOSS(value=301061),現行参照,story.js:2852,,
707,第6段階 大灯台・海底火山・光の宮殿回想,メイン・イベント,,LIGHTHOUSE_LILITH_ENCOUNTER,ゼリード,名前に惑わされるな。こいつの黒さは、普通の闇とは少し違う。,103,4/5,big_tower_lilith_encounter,event=big_tower_lilith_encounter; actions=CONV:LIGHTHOUSE_LILITH_ENCOUNTER -> BOSS(value=301061),現行参照,story.js:2852,,
708,第6段階 大灯台・海底火山・光の宮殿回想,メイン・イベント,,LIGHTHOUSE_LILITH_ENCOUNTER,常闇のリリス,身の程を知れ。魔術の深淵に触れた代償を、その身で払え。,,5/5,big_tower_lilith_encounter,event=big_tower_lilith_encounter; actions=CONV:LIGHTHOUSE_LILITH_ENCOUNTER -> BOSS(value=301061),現行参照,story.js:2852,,
709,第6段階 大灯台・海底火山・光の宮殿回想,メイン・イベント,,LIGHTHOUSE_CLEAR,常闇のリリス,ああ……我が主へ続く流れが……ここで途切れる……,,1/9,big_tower_clear,"event=big_tower_clear; actions=CONV:LIGHTHOUSE_CLEAR -> FLAG(key=lighthouseCleared) -> FLAG(key=bigTowerCleared) -> ALLY(value=103) -> FLAG(key=zeliedJoinedAtLighthouse) -> WORLD_STATE(value=3,key=thunderFortState) -> SUB(value=1) -> LOG(value=第一結界源を破壊した。雷の要塞へ戻り、海底火山への道を確かめよう。)",現行参照,story.js:2876,,
710,第6段階 大灯台・海底火山・光の宮殿回想,メイン・イベント,,LIGHTHOUSE_CLEAR,常闇のリリス,それでも終わりではない。もう一つの火は、深い水の底で燃えている……,,2/9,big_tower_clear,"event=big_tower_clear; actions=CONV:LIGHTHOUSE_CLEAR -> FLAG(key=lighthouseCleared) -> FLAG(key=bigTowerCleared) -> ALLY(value=103) -> FLAG(key=zeliedJoinedAtLighthouse) -> WORLD_STATE(value=3,key=thunderFortState) -> SUB(value=1) -> LOG(value=第一結界源を破壊した。雷の要塞へ戻り、海底火山への道を確かめよう。)",現行参照,story.js:2876,,
711,第6段階 大灯台・海底火山・光の宮殿回想,メイン・イベント,,LIGHTHOUSE_CLEAR,システム,大灯台の結界炉が砕け、空を覆う光の膜が大きく揺らいだ。だが完全には消えない。,,3/9,big_tower_clear,"event=big_tower_clear; actions=CONV:LIGHTHOUSE_CLEAR -> FLAG(key=lighthouseCleared) -> FLAG(key=bigTowerCleared) -> ALLY(value=103) -> FLAG(key=zeliedJoinedAtLighthouse) -> WORLD_STATE(value=3,key=thunderFortState) -> SUB(value=1) -> LOG(value=第一結界源を破壊した。雷の要塞へ戻り、海底火山への道を確かめよう。)",現行参照,story.js:2876,,
712,第6段階 大灯台・海底火山・光の宮殿回想,メイン・イベント,,LIGHTHOUSE_CLEAR,ケイト,結界は弱くなった。でも……まだ残っています。別の場所から同じ術式が支えています。,104,4/9,big_tower_clear,"event=big_tower_clear; actions=CONV:LIGHTHOUSE_CLEAR -> FLAG(key=lighthouseCleared) -> FLAG(key=bigTowerCleared) -> ALLY(value=103) -> FLAG(key=zeliedJoinedAtLighthouse) -> WORLD_STATE(value=3,key=thunderFortState) -> SUB(value=1) -> LOG(value=第一結界源を破壊した。雷の要塞へ戻り、海底火山への道を確かめよう。)",現行参照,story.js:2876,,
713,第6段階 大灯台・海底火山・光の宮殿回想,メイン・イベント,,LIGHTHOUSE_CLEAR,ジョセフ,二重だったってのか。ゼリード、お前さっき一枚じゃないって言ったな。,101,5/9,big_tower_clear,"event=big_tower_clear; actions=CONV:LIGHTHOUSE_CLEAR -> FLAG(key=lighthouseCleared) -> FLAG(key=bigTowerCleared) -> ALLY(value=103) -> FLAG(key=zeliedJoinedAtLighthouse) -> WORLD_STATE(value=3,key=thunderFortState) -> SUB(value=1) -> LOG(value=第一結界源を破壊した。雷の要塞へ戻り、海底火山への道を確かめよう。)",現行参照,story.js:2876,,
714,第6段階 大灯台・海底火山・光の宮殿回想,メイン・イベント,,LIGHTHOUSE_CLEAR,ゼリード,海底火山だ。王国の記録じゃ空白になってるが、昔の裏仕事じゃ危険な沈圧研究棟として扱われてた。,103,6/9,big_tower_clear,"event=big_tower_clear; actions=CONV:LIGHTHOUSE_CLEAR -> FLAG(key=lighthouseCleared) -> FLAG(key=bigTowerCleared) -> ALLY(value=103) -> FLAG(key=zeliedJoinedAtLighthouse) -> WORLD_STATE(value=3,key=thunderFortState) -> SUB(value=1) -> LOG(value=第一結界源を破壊した。雷の要塞へ戻り、海底火山への道を確かめよう。)",現行参照,story.js:2876,,
715,第6段階 大灯台・海底火山・光の宮殿回想,メイン・イベント,,LIGHTHOUSE_CLEAR,ジョセフ,……なんでそんなもんまで知ってる。,101,7/9,big_tower_clear,"event=big_tower_clear; actions=CONV:LIGHTHOUSE_CLEAR -> FLAG(key=lighthouseCleared) -> FLAG(key=bigTowerCleared) -> ALLY(value=103) -> FLAG(key=zeliedJoinedAtLighthouse) -> WORLD_STATE(value=3,key=thunderFortState) -> SUB(value=1) -> LOG(value=第一結界源を破壊した。雷の要塞へ戻り、海底火山への道を確かめよう。)",現行参照,story.js:2876,,
716,第6段階 大灯台・海底火山・光の宮殿回想,メイン・イベント,,LIGHTHOUSE_CLEAR,ゼリード,昔の仕事だって言っただろ。ここまで喋った以上、俺も行く。要塞のギルドなら入口を知る奴がいる。,103,8/9,big_tower_clear,"event=big_tower_clear; actions=CONV:LIGHTHOUSE_CLEAR -> FLAG(key=lighthouseCleared) -> FLAG(key=bigTowerCleared) -> ALLY(value=103) -> FLAG(key=zeliedJoinedAtLighthouse) -> WORLD_STATE(value=3,key=thunderFortState) -> SUB(value=1) -> LOG(value=第一結界源を破壊した。雷の要塞へ戻り、海底火山への道を確かめよう。)",現行参照,story.js:2876,,
717,第6段階 大灯台・海底火山・光の宮殿回想,メイン・イベント,,LIGHTHOUSE_CLEAR,システム,[N:103]が正式に同行することになった。,,9/9,big_tower_clear,"event=big_tower_clear; actions=CONV:LIGHTHOUSE_CLEAR -> FLAG(key=lighthouseCleared) -> FLAG(key=bigTowerCleared) -> ALLY(value=103) -> FLAG(key=zeliedJoinedAtLighthouse) -> WORLD_STATE(value=3,key=thunderFortState) -> SUB(value=1) -> LOG(value=第一結界源を破壊した。雷の要塞へ戻り、海底火山への道を確かめよう。)",現行参照,story.js:2876,,
718,第7段階 光の宮殿・結晶樹,回想,光の宮殿グランプリズマ F3,LIGHT_PALACE_FLASHBACK_HEXAGRAM_TRAP,システム,六芒星の間へ踏み込んだ瞬間、床の光条が閉じ、ルーナの足元へ六つの楔が走った。,,1/6,light_palace_flashback_hexagram_trap,event=light_palace_flashback_hexagram_trap; actions=CONV:LIGHT_PALACE_FLASHBACK_HEXAGRAM_TRAP -> FLAG(key=lightPalaceFlashbackHexagramResolved) -> SCENE_PARTY -> BOSS(value=301064); 光の宮殿グランプリズマ F3,現行参照,story.js:2734,,
719,第7段階 光の宮殿・結晶樹,回想,光の宮殿グランプリズマ F3,LIGHT_PALACE_FLASHBACK_HEXAGRAM_TRAP,ジャスパー,ようやく器が来た。聖女の力は、王国のために正しく使わせてもらう。,,2/6,light_palace_flashback_hexagram_trap,event=light_palace_flashback_hexagram_trap; actions=CONV:LIGHT_PALACE_FLASHBACK_HEXAGRAM_TRAP -> FLAG(key=lightPalaceFlashbackHexagramResolved) -> SCENE_PARTY -> BOSS(value=301064); 光の宮殿グランプリズマ F3,現行参照,story.js:2734,,
720,第7段階 光の宮殿・結晶樹,回想,光の宮殿グランプリズマ F3,LIGHT_PALACE_FLASHBACK_HEXAGRAM_TRAP,ルーナ,……っ、力が……抜けて……！,401,3/6,light_palace_flashback_hexagram_trap,event=light_palace_flashback_hexagram_trap; actions=CONV:LIGHT_PALACE_FLASHBACK_HEXAGRAM_TRAP -> FLAG(key=lightPalaceFlashbackHexagramResolved) -> SCENE_PARTY -> BOSS(value=301064); 光の宮殿グランプリズマ F3,現行参照,story.js:2734,,
721,第7段階 光の宮殿・結晶樹,回想,光の宮殿グランプリズマ F3,LIGHT_PALACE_FLASHBACK_HEXAGRAM_TRAP,システム,聖女の力が奪われ、さらに呪縛が重なる。ルーナはその場で意識を失った。,,4/6,light_palace_flashback_hexagram_trap,event=light_palace_flashback_hexagram_trap; actions=CONV:LIGHT_PALACE_FLASHBACK_HEXAGRAM_TRAP -> FLAG(key=lightPalaceFlashbackHexagramResolved) -> SCENE_PARTY -> BOSS(value=301064); 光の宮殿グランプリズマ F3,現行参照,story.js:2734,,
722,第7段階 光の宮殿・結晶樹,回想,光の宮殿グランプリズマ F3,LIGHT_PALACE_FLASHBACK_HEXAGRAM_TRAP,レイラ,ルーナ様から離れろ！,204,5/6,light_palace_flashback_hexagram_trap,event=light_palace_flashback_hexagram_trap; actions=CONV:LIGHT_PALACE_FLASHBACK_HEXAGRAM_TRAP -> FLAG(key=lightPalaceFlashbackHexagramResolved) -> SCENE_PARTY -> BOSS(value=301064); 光の宮殿グランプリズマ F3,現行参照,story.js:2734,,
723,第7段階 光の宮殿・結晶樹,回想,光の宮殿グランプリズマ F3,LIGHT_PALACE_FLASHBACK_HEXAGRAM_TRAP,ヴェルド,剣を下ろせ、レイラ。お前一人で私を止められると思うな。,,6/6,light_palace_flashback_hexagram_trap,event=light_palace_flashback_hexagram_trap; actions=CONV:LIGHT_PALACE_FLASHBACK_HEXAGRAM_TRAP -> FLAG(key=lightPalaceFlashbackHexagramResolved) -> SCENE_PARTY -> BOSS(value=301064); 光の宮殿グランプリズマ F3,現行参照,story.js:2734,,
724,第7段階 光の宮殿・結晶樹,回想,,LIGHT_PALACE_FLASHBACK_VELD1_AFTER,システム,レイラは正面から斬り結ぶが、騎士団長ヴェルドの剣はあまりにも重い。膝をついたその時、二つの足音が六芒星の間へ飛び込んだ。,,1/5,light_palace_flashback_veld1_after,event=light_palace_flashback_veld1_after; actions=CONV:LIGHT_PALACE_FLASHBACK_VELD1_AFTER -> SCENE_PARTY -> HEAL -> SCENE_CHECKPOINT,現行参照,story.js:2742,,
725,第7段階 光の宮殿・結晶樹,回想,,LIGHT_PALACE_FLASHBACK_VELD1_AFTER,レオン,レイラ、まだ立てるな。なら十分だ。聖女は俺たちが運ぶ。,305,2/5,light_palace_flashback_veld1_after,event=light_palace_flashback_veld1_after; actions=CONV:LIGHT_PALACE_FLASHBACK_VELD1_AFTER -> SCENE_PARTY -> HEAL -> SCENE_CHECKPOINT,現行参照,story.js:2742,,
726,第7段階 光の宮殿・結晶樹,回想,,LIGHT_PALACE_FLASHBACK_VELD1_AFTER,クロード,真正面は無理だ。……目だけ借りるぜ。フラッシュボム！,304,3/5,light_palace_flashback_veld1_after,event=light_palace_flashback_veld1_after; actions=CONV:LIGHT_PALACE_FLASHBACK_VELD1_AFTER -> SCENE_PARTY -> HEAL -> SCENE_CHECKPOINT,現行参照,story.js:2742,,
727,第7段階 光の宮殿・結晶樹,回想,,LIGHT_PALACE_FLASHBACK_VELD1_AFTER,システム,白。黒。白。黒。焼きつくような明滅に、ヴェルドの足が一瞬止まった。,,4/5,light_palace_flashback_veld1_after,event=light_palace_flashback_veld1_after; actions=CONV:LIGHT_PALACE_FLASHBACK_VELD1_AFTER -> SCENE_PARTY -> HEAL -> SCENE_CHECKPOINT,現行参照,story.js:2742,,
728,第7段階 光の宮殿・結晶樹,回想,,LIGHT_PALACE_FLASHBACK_VELD1_AFTER,クロード,今だ！　俺がルーナを抱える。入口まで走れ！,304,5/5,light_palace_flashback_veld1_after,event=light_palace_flashback_veld1_after; actions=CONV:LIGHT_PALACE_FLASHBACK_VELD1_AFTER -> SCENE_PARTY -> HEAL -> SCENE_CHECKPOINT,現行参照,story.js:2742,,
729,第7段階 光の宮殿・結晶樹,回想,,LIGHT_PALACE_FLASHBACK_EXIT_VELD,システム,一階正面入口。扉の外は見えている。だが透明な結界が出口を塞いでいた。,,1/4,light_palace_flashback_exit_veld,event=light_palace_flashback_exit_veld; actions=CONV:LIGHT_PALACE_FLASHBACK_EXIT_VELD -> BOSS(value=301064),現行参照,story.js:2749,,
730,第7段階 光の宮殿・結晶樹,回想,,LIGHT_PALACE_FLASHBACK_EXIT_VELD,レオン,……追いつかれた。,305,2/4,light_palace_flashback_exit_veld,event=light_palace_flashback_exit_veld; actions=CONV:LIGHT_PALACE_FLASHBACK_EXIT_VELD -> BOSS(value=301064),現行参照,story.js:2749,,
731,第7段階 光の宮殿・結晶樹,回想,,LIGHT_PALACE_FLASHBACK_EXIT_VELD,ヴェルド,聖女を渡せ。これ以上、若い騎士を斬りたくはない。,,3/4,light_palace_flashback_exit_veld,event=light_palace_flashback_exit_veld; actions=CONV:LIGHT_PALACE_FLASHBACK_EXIT_VELD -> BOSS(value=301064),現行参照,story.js:2749,,
732,第7段階 光の宮殿・結晶樹,回想,,LIGHT_PALACE_FLASHBACK_EXIT_VELD,レイラ,お断りします。,204,4/4,light_palace_flashback_exit_veld,event=light_palace_flashback_exit_veld; actions=CONV:LIGHT_PALACE_FLASHBACK_EXIT_VELD -> BOSS(value=301064),現行参照,story.js:2749,,
733,第7段階 光の宮殿・結晶樹,回想,,LIGHT_PALACE_FLASHBACK_ESCAPE_END,システム,三人が再び地へ伏す。ヴェルドは説得を諦め、剣を下げたまま一歩ずつ距離を詰める。,,1/6,light_palace_flashback_escape_end,event=light_palace_flashback_escape_end; actions=CONV:LIGHT_PALACE_FLASHBACK_ESCAPE_END -> SCENE_END -> FLAG(key=lightPalaceFlashbackCompleted) -> STEP(value=7) -> SUB(value=0) -> LOG(value=クロードの回想を聞き終えた。光の宮殿へ向かおう。),現行参照,story.js:2755,,
734,第7段階 光の宮殿・結晶樹,回想,,LIGHT_PALACE_FLASHBACK_ESCAPE_END,システム,その瞬間、大地が大きく揺れた。宮殿を覆っていた結界が、一瞬だけ消える。,,2/6,light_palace_flashback_escape_end,event=light_palace_flashback_escape_end; actions=CONV:LIGHT_PALACE_FLASHBACK_ESCAPE_END -> SCENE_END -> FLAG(key=lightPalaceFlashbackCompleted) -> STEP(value=7) -> SUB(value=0) -> LOG(value=クロードの回想を聞き終えた。光の宮殿へ向かおう。),現行参照,story.js:2755,,
735,第7段階 光の宮殿・結晶樹,回想,,LIGHT_PALACE_FLASHBACK_ESCAPE_END,レオン,クロード！　ルーナを絶対に離すな！,305,3/6,light_palace_flashback_escape_end,event=light_palace_flashback_escape_end; actions=CONV:LIGHT_PALACE_FLASHBACK_ESCAPE_END -> SCENE_END -> FLAG(key=lightPalaceFlashbackCompleted) -> STEP(value=7) -> SUB(value=0) -> LOG(value=クロードの回想を聞き終えた。光の宮殿へ向かおう。),現行参照,story.js:2755,,
736,第7段階 光の宮殿・結晶樹,回想,,LIGHT_PALACE_FLASHBACK_ESCAPE_END,システム,レオンは、ルーナを抱えたクロードごと結界の外へ投げ飛ばした。,,4/6,light_palace_flashback_escape_end,event=light_palace_flashback_escape_end; actions=CONV:LIGHT_PALACE_FLASHBACK_ESCAPE_END -> SCENE_END -> FLAG(key=lightPalaceFlashbackCompleted) -> STEP(value=7) -> SUB(value=0) -> LOG(value=クロードの回想を聞き終えた。光の宮殿へ向かおう。),現行参照,story.js:2755,,
737,第7段階 光の宮殿・結晶樹,回想,,LIGHT_PALACE_FLASHBACK_ESCAPE_END,クロード,レオン――！,304,5/6,light_palace_flashback_escape_end,event=light_palace_flashback_escape_end; actions=CONV:LIGHT_PALACE_FLASHBACK_ESCAPE_END -> SCENE_END -> FLAG(key=lightPalaceFlashbackCompleted) -> STEP(value=7) -> SUB(value=0) -> LOG(value=クロードの回想を聞き終えた。光の宮殿へ向かおう。),現行参照,story.js:2755,,
738,第7段階 光の宮殿・結晶樹,回想,,LIGHT_PALACE_FLASHBACK_ESCAPE_END,システム,クロードの記憶はそこで途切れる。彼が確かに覚えているのは、ルーナを抱えたまま宮殿の外へ転がり出たことだけだった。,,6/6,light_palace_flashback_escape_end,event=light_palace_flashback_escape_end; actions=CONV:LIGHT_PALACE_FLASHBACK_ESCAPE_END -> SCENE_END -> FLAG(key=lightPalaceFlashbackCompleted) -> STEP(value=7) -> SUB(value=0) -> LOG(value=クロードの回想を聞き終えた。光の宮殿へ向かおう。),現行参照,story.js:2755,,
739,第7段階 光の宮殿・結晶樹,メイン・イベント,,LOCKED_LIGHT_PALACE_RECALL,システム,宮殿へ向けた足が止まる。クロードは、まだ話していないことがあると言っていた。,,1/1,locked_light_palace_recall,event=locked_light_palace_recall; actions=CONV:LOCKED_LIGHT_PALACE_RECALL,現行参照,story.js:2763,,
740,第7段階 光の宮殿・結晶樹,メイン・イベント,,LOCKED_LIGHT_PALACE,システム,神殿の入口を覆う光の膜が、触れる前から肌を刺す。清らかな光ではない。術式で閉じられた結界だ。,,1/2,locked_light_palace,event=locked_light_palace; actions=CONV:LOCKED_LIGHT_PALACE,現行参照,story.js:2920,,
741,第7段階 光の宮殿・結晶樹,メイン・イベント,,LOCKED_LIGHT_PALACE,ジョセフ,レナードが言っていた大灯台。あそこの装置を止めなきゃ、この膜は破れそうにねえ。,101,2/2,locked_light_palace,event=locked_light_palace; actions=CONV:LOCKED_LIGHT_PALACE,現行参照,story.js:2920,,
742,第7段階 光の宮殿・結晶樹,メイン・イベント,,LOCKED_LIGHT_PALACE_VOLCANO,システム,大灯台から伸びていた結界は消えている。だが、海底から異常な火の脈動が続いている。,,1/2,locked_light_palace_volcano,event=locked_light_palace_volcano; actions=CONV:LOCKED_LIGHT_PALACE_VOLCANO,現行参照,story.js:2931,,
743,第7段階 光の宮殿・結晶樹,メイン・イベント,,LOCKED_LIGHT_PALACE_VOLCANO,ゼリード,宮殿へ突っ込むのは海底火山を確かめてからだ。あの火の量は放置できねえ。,103,2/2,locked_light_palace_volcano,event=locked_light_palace_volcano; actions=CONV:LOCKED_LIGHT_PALACE_VOLCANO,現行参照,story.js:2931,,
744,第7段階 光の宮殿・結晶樹,メイン・イベント,光の宮殿グランプリズマ F5,LIGHT_PALACE_PRISON_KING,国王,"……誰か、いるのか。
その足音は、神官どものものではないな。",,1/7,light_palace_prison_king,event=light_palace_prison_king; actions=CONV:LIGHT_PALACE_PRISON_KING -> FLAG(key=lightPalaceKingLocated) -> EVENT; 光の宮殿グランプリズマ F5 / 国王と話す,現行参照,story.js:2942,,
745,第7段階 光の宮殿・結晶樹,メイン・イベント,光の宮殿グランプリズマ F5,LIGHT_PALACE_PRISON_KING,国王,"この身は国王と呼ばれた男だ。
だが今は、ただの咎人だ。",,2/7,light_palace_prison_king,event=light_palace_prison_king; actions=CONV:LIGHT_PALACE_PRISON_KING -> FLAG(key=lightPalaceKingLocated) -> EVENT; 光の宮殿グランプリズマ F5 / 国王と話す,現行参照,story.js:2942,,
746,第7段階 光の宮殿・結晶樹,メイン・イベント,光の宮殿グランプリズマ F5,LIGHT_PALACE_PRISON_KING,国王,"ヴェルドは……最も高潔な聖騎士であった。
民の名を、私より多く覚えていた男だ。",,3/7,light_palace_prison_king,event=light_palace_prison_king; actions=CONV:LIGHT_PALACE_PRISON_KING -> FLAG(key=lightPalaceKingLocated) -> EVENT; 光の宮殿グランプリズマ F5 / 国王と話す,現行参照,story.js:2942,,
747,第7段階 光の宮殿・結晶樹,メイン・イベント,光の宮殿グランプリズマ F5,LIGHT_PALACE_PRISON_KING,国王,"それが今は、まるで別人だ。
目だけが、深い井戸の底に沈んでいる。",,4/7,light_palace_prison_king,event=light_palace_prison_king; actions=CONV:LIGHT_PALACE_PRISON_KING -> FLAG(key=lightPalaceKingLocated) -> EVENT; 光の宮殿グランプリズマ F5 / 国王と話す,現行参照,story.js:2942,,
748,第7段階 光の宮殿・結晶樹,メイン・イベント,光の宮殿グランプリズマ F5,LIGHT_PALACE_PRISON_KING,国王,"あの過ちの日……プリズム崩壊の日から、
神官たちがおかしくなっていったのは覚えている。",,5/7,light_palace_prison_king,event=light_palace_prison_king; actions=CONV:LIGHT_PALACE_PRISON_KING -> FLAG(key=lightPalaceKingLocated) -> EVENT; 光の宮殿グランプリズマ F5 / 国王と話す,現行参照,story.js:2942,,
749,第7段階 光の宮殿・結晶樹,メイン・イベント,光の宮殿グランプリズマ F5,LIGHT_PALACE_PRISON_KING,国王,"止めるべきだった。
王の印など捨てて、儀式を止めるべきだった。",,6/7,light_palace_prison_king,event=light_palace_prison_king; actions=CONV:LIGHT_PALACE_PRISON_KING -> FLAG(key=lightPalaceKingLocated) -> EVENT; 光の宮殿グランプリズマ F5 / 国王と話す,現行参照,story.js:2942,,
750,第7段階 光の宮殿・結晶樹,メイン・イベント,光の宮殿グランプリズマ F5,LIGHT_PALACE_PRISON_KING,国王,"すまない。
すまない、民よ。すまない、光よ。",,7/7,light_palace_prison_king,event=light_palace_prison_king; actions=CONV:LIGHT_PALACE_PRISON_KING -> FLAG(key=lightPalaceKingLocated) -> EVENT; 光の宮殿グランプリズマ F5 / 国王と話す,現行参照,story.js:2942,,
751,第7段階 光の宮殿・結晶樹,クエスト,王の星詠みと触媒器 [royal_star_catalyst],LIGHT_PALACE_CATALYST_QUEST_START,国王,"……一つ、頼みがある。王命ではない。
ここに残された者の、身勝手な頼みだ。",,1/4,light_palace_catalyst_quest_start,event=light_palace_catalyst_quest_start; actions=CONV:LIGHT_PALACE_CATALYST_QUEST_START,現行参照,story.js:2972,,
752,第7段階 光の宮殿・結晶樹,クエスト,王の星詠みと触媒器 [royal_star_catalyst],LIGHT_PALACE_CATALYST_QUEST_START,国王,"宮殿の工房には、遠い土地の炉と錬金炉を結ぶ古い触媒器があった。
神官たちは価値を知らず、核を抜いて捨てたらしい。",,2/4,light_palace_catalyst_quest_start,event=light_palace_catalyst_quest_start; actions=CONV:LIGHT_PALACE_CATALYST_QUEST_START,現行参照,story.js:2972,,
753,第7段階 光の宮殿・結晶樹,クエスト,王の星詠みと触媒器 [royal_star_catalyst],LIGHT_PALACE_CATALYST_QUEST_START,国王,"業火の壺を三つ。星銀鋼、虹の結晶、星の涙を一つずつ。
それだけあれば、私の知る組み方で器を起こせる。",,3/4,light_palace_catalyst_quest_start,event=light_palace_catalyst_quest_start; actions=CONV:LIGHT_PALACE_CATALYST_QUEST_START,現行参照,story.js:2972,,
754,第7段階 光の宮殿・結晶樹,クエスト,王の星詠みと触媒器 [royal_star_catalyst],LIGHT_PALACE_CATALYST_QUEST_START,国王,"そろったら、ここへ持ってきてほしい。
牢の中でも、手だけはまだ動く。",,4/4,light_palace_catalyst_quest_start,event=light_palace_catalyst_quest_start; actions=CONV:LIGHT_PALACE_CATALYST_QUEST_START,現行参照,story.js:2972,,
755,第7段階 光の宮殿・結晶樹,クエスト,王の星詠みと触媒器 [royal_star_catalyst],LIGHT_PALACE_CATALYST_QUEST_REPORT_BEFORE,国王,"……その匂い。業火の壺まで、本当に持ち帰ったのか。
危うい品だ。こちらへ。",,1/1,light_palace_catalyst_quest_report,event=light_palace_catalyst_quest_report; actions=CONV:LIGHT_PALACE_CATALYST_QUEST_REPORT_BEFORE -> CONV:LIGHT_PALACE_CATALYST_QUEST_REPORT_AFTER,現行参照,story.js:2990,,
756,第7段階 光の宮殿・結晶樹,クエスト,王の星詠みと触媒器 [royal_star_catalyst],LIGHT_PALACE_CATALYST_QUEST_REPORT_AFTER,国王,"星銀で熱を抱き、虹の結晶で流れを分け、星の涙で定着させる。
……よし。まだ、私の指は覚えていた。",,1/3,light_palace_catalyst_quest_report,event=light_palace_catalyst_quest_report; actions=CONV:LIGHT_PALACE_CATALYST_QUEST_REPORT_BEFORE -> CONV:LIGHT_PALACE_CATALYST_QUEST_REPORT_AFTER,現行参照,story.js:2996,,
757,第7段階 光の宮殿・結晶樹,クエスト,王の星詠みと触媒器 [royal_star_catalyst],LIGHT_PALACE_CATALYST_QUEST_REPORT_AFTER,国王,"これは『星詠みの触媒器』。
持つ者のいる場所から、魔道通信で各工房へ道をつなぐ器だ。",,2/3,light_palace_catalyst_quest_report,event=light_palace_catalyst_quest_report; actions=CONV:LIGHT_PALACE_CATALYST_QUEST_REPORT_BEFORE -> CONV:LIGHT_PALACE_CATALYST_QUEST_REPORT_AFTER,現行参照,story.js:2996,,
758,第7段階 光の宮殿・結晶樹,クエスト,王の星詠みと触媒器 [royal_star_catalyst],LIGHT_PALACE_CATALYST_QUEST_REPORT_AFTER,国王,"受け取ってくれ。
王冠ではなく、旅の役に立つものを渡せるのは……久しぶりだ。",,3/3,light_palace_catalyst_quest_report,event=light_palace_catalyst_quest_report; actions=CONV:LIGHT_PALACE_CATALYST_QUEST_REPORT_BEFORE -> CONV:LIGHT_PALACE_CATALYST_QUEST_REPORT_AFTER,現行参照,story.js:2996,,
759,第7段階 光の宮殿・結晶樹,メイン・イベント,光の宮殿グランプリズマ F5,LIGHT_PALACE_PRISON_KING_AFTER_CATALYST,国王,"触媒器は、持ち主の手入れで長く働く。
炉の音が鈍ったら、煤を落としてやってくれ。",,1/2,light_palace_prison_king_after_catalyst,event=light_palace_prison_king_after_catalyst; actions=CONV:LIGHT_PALACE_PRISON_KING_AFTER_CATALYST; 光の宮殿グランプリズマ F5 / 国王と話す,現行参照,story.js:3010,,
760,第7段階 光の宮殿・結晶樹,メイン・イベント,光の宮殿グランプリズマ F5,LIGHT_PALACE_PRISON_KING_AFTER_CATALYST,国王,"どこにいても工房の火は呼べる。
だが、火を急かしすぎるな。良い仕事ほど、待つ時間が要る。",,2/2,light_palace_prison_king_after_catalyst,event=light_palace_prison_king_after_catalyst; actions=CONV:LIGHT_PALACE_PRISON_KING_AFTER_CATALYST; 光の宮殿グランプリズマ F5 / 国王と話す,現行参照,story.js:3010,,
761,第7段階 光の宮殿・結晶樹,メイン・イベント,光の宮殿グランプリズマ F5,LIGHT_PALACE_PRISON_PRIEST_A,老神職,"わしらは、深淵に魅入られなんだ。
誇りではない。光の加護が、首輪を拒んだだけじゃ。",,1/4,light_palace_prison_priest_a,event=light_palace_prison_priest_a; actions=CONV:LIGHT_PALACE_PRISON_PRIEST_A; 光の宮殿グランプリズマ F5 / 老神職と話す,現行参照,story.js:3020,,
762,第7段階 光の宮殿・結晶樹,メイン・イベント,光の宮殿グランプリズマ F5,LIGHT_PALACE_PRISON_PRIEST_A,老神職,"そのせいで、ここに押し込められた。
祝福の名を借りた飢えは、じわじわ来る。",,2/4,light_palace_prison_priest_a,event=light_palace_prison_priest_a; actions=CONV:LIGHT_PALACE_PRISON_PRIEST_A; 光の宮殿グランプリズマ F5 / 老神職と話す,現行参照,story.js:3020,,
763,第7段階 光の宮殿・結晶樹,メイン・イベント,光の宮殿グランプリズマ F5,LIGHT_PALACE_PRISON_PRIEST_A,老神職,"神官ジャスパーは、最初から狂っていたわけではない。
夜ごと、割れたプリズムの前で何かを書き続けておった。",,3/4,light_palace_prison_priest_a,event=light_palace_prison_priest_a; actions=CONV:LIGHT_PALACE_PRISON_PRIEST_A; 光の宮殿グランプリズマ F5 / 老神職と話す,現行参照,story.js:3020,,
764,第7段階 光の宮殿・結晶樹,メイン・イベント,光の宮殿グランプリズマ F5,LIGHT_PALACE_PRISON_PRIEST_A,老神職,"第七の光だ、新しい理だ、と。
あれは信仰ではない。己の耳にだけ届く声への返事じゃ。",,4/4,light_palace_prison_priest_a,event=light_palace_prison_priest_a; actions=CONV:LIGHT_PALACE_PRISON_PRIEST_A; 光の宮殿グランプリズマ F5 / 老神職と話す,現行参照,story.js:3020,,
765,第7段階 光の宮殿・結晶樹,メイン・イベント,光の宮殿グランプリズマ F5,LIGHT_PALACE_PRISON_PRIEST_B,若い神職,"ここでは、祈る声から先に弱っていきます。
声が枯れると、自分の名前まで遠くなる。",,1/4,light_palace_prison_priest_b,event=light_palace_prison_priest_b; actions=CONV:LIGHT_PALACE_PRISON_PRIEST_B; 光の宮殿グランプリズマ F5 / 若い神職と話す,現行参照,story.js:3038,,
766,第7段階 光の宮殿・結晶樹,メイン・イベント,光の宮殿グランプリズマ F5,LIGHT_PALACE_PRISON_PRIEST_B,若い神職,"それでも、誰かが夜に小さく唱えるんです。
まだ光は奪われていない、と。",,2/4,light_palace_prison_priest_b,event=light_palace_prison_priest_b; actions=CONV:LIGHT_PALACE_PRISON_PRIEST_B; 光の宮殿グランプリズマ F5 / 若い神職と話す,現行参照,story.js:3038,,
767,第7段階 光の宮殿・結晶樹,メイン・イベント,光の宮殿グランプリズマ F5,LIGHT_PALACE_PRISON_PRIEST_B,若い神職,"レイラ様は何度も扉を叩いていました。
命令に逆らえず、それでも逆らおうとしていた。",,3/4,light_palace_prison_priest_b,event=light_palace_prison_priest_b; actions=CONV:LIGHT_PALACE_PRISON_PRIEST_B; 光の宮殿グランプリズマ F5 / 若い神職と話す,現行参照,story.js:3038,,
768,第7段階 光の宮殿・結晶樹,メイン・イベント,光の宮殿グランプリズマ F5,LIGHT_PALACE_PRISON_PRIEST_B,若い神職,"あの方を責めないでください。
鎧の中で、誰より傷ついている音がしました。",,4/4,light_palace_prison_priest_b,event=light_palace_prison_priest_b; actions=CONV:LIGHT_PALACE_PRISON_PRIEST_B; 光の宮殿グランプリズマ F5 / 若い神職と話す,現行参照,story.js:3038,,
769,第7段階 光の宮殿・結晶樹,メイン・イベント,,LIGHT_PALACE_PRISON_GUARD_ENCOUNTER,地下牢の看守,止まれ。祝福を拒んだ者に、外の光を見せることは許されぬ。,,1/3,light_palace_prison_guard_encounter,event=light_palace_prison_guard_encounter; actions=CONV:LIGHT_PALACE_PRISON_GUARD_ENCOUNTER -> BOSS(value=301071),現行参照,story.js:3056,,
770,第7段階 光の宮殿・結晶樹,メイン・イベント,,LIGHT_PALACE_PRISON_GUARD_ENCOUNTER,ジョセフ,祝福だと？　この奥から聞こえるのは、祈りじゃなく苦しむ声だ。,101,2/3,light_palace_prison_guard_encounter,event=light_palace_prison_guard_encounter; actions=CONV:LIGHT_PALACE_PRISON_GUARD_ENCOUNTER -> BOSS(value=301071),現行参照,story.js:3056,,
771,第7段階 光の宮殿・結晶樹,メイン・イベント,,LIGHT_PALACE_PRISON_GUARD_ENCOUNTER,地下牢の看守,ならば貴様らも、光に裁かれてここへ沈め。,,3/3,light_palace_prison_guard_encounter,event=light_palace_prison_guard_encounter; actions=CONV:LIGHT_PALACE_PRISON_GUARD_ENCOUNTER -> BOSS(value=301071),現行参照,story.js:3056,,
772,第7段階 光の宮殿・結晶樹,メイン・イベント,,LIGHT_PALACE_PRISON_GUARD_CLEAR,地下牢の看守,なぜだ……光に選ばれた、この私が……。,,1/2,light_palace_prison_guard_clear,event=light_palace_prison_guard_clear; actions=CONV:LIGHT_PALACE_PRISON_GUARD_CLEAR -> FLAG(key=lightPalacePrisonOpened),現行参照,story.js:3061,,
773,第7段階 光の宮殿・結晶樹,メイン・イベント,,LIGHT_PALACE_PRISON_GUARD_CLEAR,システム,看守が握っていた封印具が砕け、牢の扉が一斉に開いた。,,2/2,light_palace_prison_guard_clear,event=light_palace_prison_guard_clear; actions=CONV:LIGHT_PALACE_PRISON_GUARD_CLEAR -> FLAG(key=lightPalacePrisonOpened),現行参照,story.js:3061,,
774,第7段階 光の宮殿・結晶樹,メイン・イベント,光の宮殿グランプリズマ F5,LIGHT_PALACE_LEILA_CURSED,システム,ベッドに横たわる聖騎士は、汚染された光の呪いに蝕まれている。呼吸は浅く、目を開けることさえできない。,,1/3,light_palace_prison_leila,event=light_palace_prison_leila; actions=IF_FLAG -> FLAG(key=lightPalaceLeilaLocated) -> EVENT; 光の宮殿グランプリズマ F5 / 衰弱した聖騎士を診る,現行参照,story.js:3065,,
775,第7段階 光の宮殿・結晶樹,メイン・イベント,光の宮殿グランプリズマ F5,LIGHT_PALACE_LEILA_CURSED,レイラ,……ヴェル……ド……さま……。,204,2/3,light_palace_prison_leila,event=light_palace_prison_leila; actions=IF_FLAG -> FLAG(key=lightPalaceLeilaLocated) -> EVENT; 光の宮殿グランプリズマ F5 / 衰弱した聖騎士を診る,現行参照,story.js:3065,,
776,第7段階 光の宮殿・結晶樹,メイン・イベント,光の宮殿グランプリズマ F5,LIGHT_PALACE_LEILA_CURSED,ケイト,今は話せる状態ではありません。まず、宮殿を覆う濁った光を止めないと。,104,3/3,light_palace_prison_leila,event=light_palace_prison_leila; actions=IF_FLAG -> FLAG(key=lightPalaceLeilaLocated) -> EVENT; 光の宮殿グランプリズマ F5 / 衰弱した聖騎士を診る,現行参照,story.js:3065,,
777,第7段階 光の宮殿・結晶樹,メイン・イベント,光の宮殿グランプリズマ F5,LIGHT_PALACE_LEILA_STABILIZED,システム,宮殿を覆っていた呪いは弱まった。しかし、レイラの生命力はひどく衰えたままだ。,,1/3,light_palace_prison_leila,event=light_palace_prison_leila; actions=IF_FLAG -> FLAG(key=lightPalaceLeilaLocated) -> EVENT; 光の宮殿グランプリズマ F5 / 衰弱した聖騎士を診る,現行参照,story.js:3070,,
778,第7段階 光の宮殿・結晶樹,メイン・イベント,光の宮殿グランプリズマ F5,LIGHT_PALACE_LEILA_STABILIZED,レイラ,……皆さんが、光を……取り戻してくださったのですね。,204,2/3,light_palace_prison_leila,event=light_palace_prison_leila; actions=IF_FLAG -> FLAG(key=lightPalaceLeilaLocated) -> EVENT; 光の宮殿グランプリズマ F5 / 衰弱した聖騎士を診る,現行参照,story.js:3070,,
779,第7段階 光の宮殿・結晶樹,メイン・イベント,光の宮殿グランプリズマ F5,LIGHT_PALACE_LEILA_STABILIZED,ケイト,容体は少し落ち着きました。でも、この衰弱を癒すには世界樹の葉ほどの生命力が必要です。,104,3/3,light_palace_prison_leila,event=light_palace_prison_leila; actions=IF_FLAG -> FLAG(key=lightPalaceLeilaLocated) -> EVENT; 光の宮殿グランプリズマ F5 / 衰弱した聖騎士を診る,現行参照,story.js:3070,,
780,第7段階 光の宮殿・結晶樹,メイン・イベント,光の宮殿グランプリズマ F5,LIGHT_PALACE_LEILA_NEEDS_LEAF,システム,レイラを完全に回復させるには「世界樹の葉」が必要だ。,,1/1,light_palace_prison_leila,event=light_palace_prison_leila; actions=IF_FLAG -> FLAG(key=lightPalaceLeilaLocated) -> EVENT; 光の宮殿グランプリズマ F5 / 衰弱した聖騎士を診る,現行参照,story.js:3075,,
781,第7段階 光の宮殿・結晶樹,メイン・イベント,光の宮殿グランプリズマ F5,LIGHT_PALACE_LEILA_RECOVERY_JOIN,システム,世界樹の葉からあふれた生命の光が、レイラを蝕む濁りを押し流していく。,,1/8,light_palace_prison_leila,event=light_palace_prison_leila; actions=IF_FLAG -> FLAG(key=lightPalaceLeilaLocated) -> EVENT; 光の宮殿グランプリズマ F5 / 衰弱した聖騎士を診る,現行参照,story.js:3078,,
782,第7段階 光の宮殿・結晶樹,メイン・イベント,光の宮殿グランプリズマ F5,LIGHT_PALACE_LEILA_RECOVERY_JOIN,レイラ,……息が、できる。手足にも力が戻ってきます。助けてくださって、本当にありがとうございます。,204,2/8,light_palace_prison_leila,event=light_palace_prison_leila; actions=IF_FLAG -> FLAG(key=lightPalaceLeilaLocated) -> EVENT; 光の宮殿グランプリズマ F5 / 衰弱した聖騎士を診る,現行参照,story.js:3078,,
783,第7段階 光の宮殿・結晶樹,メイン・イベント,光の宮殿グランプリズマ F5,LIGHT_PALACE_LEILA_RECOVERY_JOIN,レイラ,皆さんが探している闇のプリズムは、かつて光の宮殿の西――闇の神殿に安置されていました。,204,3/8,light_palace_prison_leila,event=light_palace_prison_leila; actions=IF_FLAG -> FLAG(key=lightPalaceLeilaLocated) -> EVENT; 光の宮殿グランプリズマ F5 / 衰弱した聖騎士を診る,現行参照,story.js:3078,,
784,第7段階 光の宮殿・結晶樹,メイン・イベント,光の宮殿グランプリズマ F5,LIGHT_PALACE_LEILA_RECOVERY_JOIN,レイラ,ですが今、闇のプリズムは魔王城にあります。城へ至る道は王宮聖騎士の術式で封じられ、聖騎士でなければ通れません。,204,4/8,light_palace_prison_leila,event=light_palace_prison_leila; actions=IF_FLAG -> FLAG(key=lightPalaceLeilaLocated) -> EVENT; 光の宮殿グランプリズマ F5 / 衰弱した聖騎士を診る,現行参照,story.js:3078,,
785,第7段階 光の宮殿・結晶樹,メイン・イベント,光の宮殿グランプリズマ F5,LIGHT_PALACE_LEILA_RECOVERY_JOIN,レイラ,ヴェルドは、私の育ての親です。以前は誰よりも優しく、正しい人でした。それなのに、あの人は変わってしまった。,204,5/8,light_palace_prison_leila,event=light_palace_prison_leila; actions=IF_FLAG -> FLAG(key=lightPalaceLeilaLocated) -> EVENT; 光の宮殿グランプリズマ F5 / 衰弱した聖騎士を診る,現行参照,story.js:3078,,
786,第7段階 光の宮殿・結晶樹,メイン・イベント,光の宮殿グランプリズマ F5,LIGHT_PALACE_LEILA_RECOVERY_JOIN,レイラ,すべての真実を知り、闇のプリズムを守るために――どうか私を、魔王城まで同行させてください。,204,6/8,light_palace_prison_leila,event=light_palace_prison_leila; actions=IF_FLAG -> FLAG(key=lightPalaceLeilaLocated) -> EVENT; 光の宮殿グランプリズマ F5 / 衰弱した聖騎士を診る,現行参照,story.js:3078,,
787,第7段階 光の宮殿・結晶樹,メイン・イベント,光の宮殿グランプリズマ F5,LIGHT_PALACE_LEILA_RECOVERY_JOIN,システム,レイラの同行を受け入れた。,,7/8,light_palace_prison_leila,event=light_palace_prison_leila; actions=IF_FLAG -> FLAG(key=lightPalaceLeilaLocated) -> EVENT; 光の宮殿グランプリズマ F5 / 衰弱した聖騎士を診る,現行参照,story.js:3078,,
788,第7段階 光の宮殿・結晶樹,メイン・イベント,光の宮殿グランプリズマ F5,LIGHT_PALACE_LEILA_RECOVERY_JOIN,システム,[N:204]が仲間に加わった！,,8/8,light_palace_prison_leila,event=light_palace_prison_leila; actions=IF_FLAG -> FLAG(key=lightPalaceLeilaLocated) -> EVENT; 光の宮殿グランプリズマ F5 / 衰弱した聖騎士を診る,現行参照,story.js:3078,,
789,第7段階 光の宮殿・結晶樹,メイン・イベント,,LIGHT_PALACE_PRESENT_ASSAULT_ENTRY,システム,クロードの回想を聞き終えた後。ルーナは雷の要塞の救護所に残し、アルスたちは改めて光の宮殿へ踏み込んだ。,,1/3,light_palace_present_assault_entry,"event=light_palace_present_assault_entry; actions=CONV:LIGHT_PALACE_PRESENT_ASSAULT_ENTRY -> WORLD_STATE(value=2,key=lightPalaceState) -> SUB(value=0)",現行参照,story.js:3088,,
790,第7段階 光の宮殿・結晶樹,メイン・イベント,,LIGHT_PALACE_PRESENT_ASSAULT_ENTRY,アルス,ルーナは生きてる。今は、それで十分だ。……あいつをあんな目に遭わせた理由を、ここで確かめる。,301,2/3,light_palace_present_assault_entry,"event=light_palace_present_assault_entry; actions=CONV:LIGHT_PALACE_PRESENT_ASSAULT_ENTRY -> WORLD_STATE(value=2,key=lightPalaceState) -> SUB(value=0)",現行参照,story.js:3088,,
791,第7段階 光の宮殿・結晶樹,メイン・イベント,,LIGHT_PALACE_PRESENT_ASSAULT_ENTRY,ジョセフ,宮殿の中は回想と同じとは限らん。焦るな。生きて戻って、全部聞き出すぞ。,101,3/3,light_palace_present_assault_entry,"event=light_palace_present_assault_entry; actions=CONV:LIGHT_PALACE_PRESENT_ASSAULT_ENTRY -> WORLD_STATE(value=2,key=lightPalaceState) -> SUB(value=0)",現行参照,story.js:3088,,
792,第7段階 光の宮殿・結晶樹,メイン・イベント,光の宮殿グランプリズマ F5,LIGHT_PALACE_LEON_CURSED_PRESENT,システム,別の牢にはレオンが倒れている。身体を包む光は傷口ではなく、脈の奥で不規則に明滅していた。回復術を重ねても色が変わらない。,,1/1,light_palace_prison_leon,event=light_palace_prison_leon; actions=CONV:LIGHT_PALACE_LEON_CURSED_PRESENT -> FLAG(key=lightPalaceLeonLocated) -> EVENT; 光の宮殿グランプリズマ F5 / レオンの容体を確かめる,現行参照,story.js:3093,,
793,第7段階 光の宮殿・結晶樹,メイン・イベント,光の宮殿グランプリズマ F4,LIGHT_PALACE_FINAL_LOCKED_PRISON,ジョセフ,待て。まだ下に残ってる。王も、レイラも、レオンもだ。置いて先へ行く気か？,101,1/1,light_palace_final_locked_prison,event=light_palace_final_locked_prison; actions=CONV:LIGHT_PALACE_FINAL_LOCKED_PRISON -> LOG(value=地下牢の主要な生存者を確認しよう。); 光の宮殿グランプリズマ F4 / 祭壇の奥を確認する,現行参照,story.js:3099,,
794,第7段階 光の宮殿・結晶樹,メイン・イベント,,LIGHT_PALACE_PRESENT_FINAL_SKELETON,システム,光の祭壇。弱まった結界の向こうに、ジャスパーとヴェルドの姿が見える。,,1/1,light_palace_final_encounter,"event=light_palace_final_encounter; actions=CONV:LIGHT_PALACE_PRESENT_FINAL_SKELETON -> BOSS(value=[301070, 301050])",現行参照,story.js:3106,,
795,第7段階 光の宮殿・結晶樹,メイン・イベント,,LIGHT_PALACE_ALAN_BETRAYAL_SKELETON,システム,二人を追い詰めた瞬間、背後から光が走った。味方の列へ向けて放たれたのは、アランの魔力だった。,,1/3,light_palace_alan_betrayal,event=light_palace_alan_betrayal; actions=IF_FLAG,現行参照,story.js:3112,,
796,第7段階 光の宮殿・結晶樹,メイン・イベント,,LIGHT_PALACE_ALAN_BETRAYAL_SKELETON,アラン,これで準備は整った。,201,2/3,light_palace_alan_betrayal,event=light_palace_alan_betrayal; actions=IF_FLAG,現行参照,story.js:3112,,
797,第7段階 光の宮殿・結晶樹,メイン・イベント,,LIGHT_PALACE_ALAN_BETRAYAL_SKELETON,システム,ジャスパーとヴェルドは深淵の闇へ退き、アランも光プリズムの力を抱えてその後を追った。,,3/3,light_palace_alan_betrayal,event=light_palace_alan_betrayal; actions=IF_FLAG,現行参照,story.js:3112,,
798,第7段階 光の宮殿・結晶樹,メイン・イベント,,LIGHT_PALACE_LIBERATION_SKELETON,システム,祭壇の光が途絶えると、地下牢の錠が次々に外れた。閉じ込められていた人々が、よろめきながら廊下へ出てくる。,,1/1,light_palace_liberation_after_betrayal,"event=light_palace_liberation_after_betrayal; actions=CONV:LIGHT_PALACE_LIBERATION_SKELETON -> FLAG(key=lightPalaceLiberationSeen) -> FLAG(key=lightPalaceCleared) -> WORLD_STATE(value=5,key=lightPalaceState) -> CONV:LIGHT_PALACE_THUNDER_EMERGENCY_SKELETON -> FLAG(key=thunderFortDemonAssaultAlert) -> WORLD_STATE(value=5,key=thunderFortState) -> SUB(value=3) -> LOG(value=魔王軍が雷の要塞へ侵入した。ルーナのいる救護区画へ急ごう。)",現行参照,story.js:3127,,
799,第7段階 光の宮殿・結晶樹,メイン・イベント,,CRYSTAL_TREE_ARRIVAL,システム,水音が遠のき、代わりに低い脈動だけが足元から伝わってくる。,,1/1,crystal_tree_arrival,event=crystal_tree_arrival; actions=IF_FLAG,現行参照,story.js:3173,,
800,第7段階 光の宮殿・結晶樹,メイン・イベント,,CRYSTAL_TREE_DEFENSE_CLEAR,システム,魔族たちは深追いせず、根の裂け目の向こうへ退いていった。,,1/8,crystal_tree_defense_clear,event=crystal_tree_defense_clear; actions=IF_FLAG,現行参照,story.js:3190,,
801,第7段階 光の宮殿・結晶樹,メイン・イベント,,CRYSTAL_TREE_DEFENSE_CLEAR,ミネルバ,追わなくていい。こっち。今止める方が危ない。,206,2/8,crystal_tree_defense_clear,event=crystal_tree_defense_clear; actions=IF_FLAG,現行参照,story.js:3190,,
802,第7段階 光の宮殿・結晶樹,メイン・イベント,,CRYSTAL_TREE_DEFENSE_CLEAR,システム,根から薄い光が二人へ流れる。レオンの浅かった呼吸が少しだけ深くなり、ルーナの冷えていた指先へわずかに温度が戻った。,,3/8,crystal_tree_defense_clear,event=crystal_tree_defense_clear; actions=IF_FLAG,現行参照,story.js:3190,,
803,第7段階 光の宮殿・結晶樹,メイン・イベント,,CRYSTAL_TREE_DEFENSE_CLEAR,ケイト,……戻ってきてる。,104,4/8,crystal_tree_defense_clear,event=crystal_tree_defense_clear; actions=IF_FLAG,現行参照,story.js:3190,,
804,第7段階 光の宮殿・結晶樹,メイン・イベント,,CRYSTAL_TREE_DEFENSE_CLEAR,ミネルバ,仮止め。治ったわけじゃないよ。,206,5/8,crystal_tree_defense_clear,event=crystal_tree_defense_clear; actions=IF_FLAG,現行参照,story.js:3190,,
805,第7段階 光の宮殿・結晶樹,メイン・イベント,,CRYSTAL_TREE_DEFENSE_CLEAR,ミネルバ,でも……うん。やっぱり、いる。,206,6/8,crystal_tree_defense_clear,event=crystal_tree_defense_clear; actions=IF_FLAG,現行参照,story.js:3190,,
806,第7段階 光の宮殿・結晶樹,メイン・イベント,,CRYSTAL_TREE_DEFENSE_CLEAR,アルス,何が？,301,7/8,crystal_tree_defense_clear,event=crystal_tree_defense_clear; actions=IF_FLAG,現行参照,story.js:3190,,
807,第7段階 光の宮殿・結晶樹,メイン・イベント,,CRYSTAL_TREE_DEFENSE_CLEAR,ミネルバ,まだ半分。答え。,206,8/8,crystal_tree_defense_clear,event=crystal_tree_defense_clear; actions=IF_FLAG,現行参照,story.js:3190,,
808,第7段階 光の宮殿・結晶樹,メイン・イベント,,LIGHT_PALACE_BLESSING_RETRY,システム,膝をついた仲間たちを、濁った光が押し潰そうとする。,,1/6,light_palace_blessing_retry,"event=light_palace_blessing_retry; actions=CONV:LIGHT_PALACE_BLESSING_RETRY -> HEAL -> BOSS(value=[301070, 301050])",現行参照,story.js:4071,,
809,第7段階 光の宮殿・結晶樹,メイン・イベント,,LIGHT_PALACE_BLESSING_RETRY,魔道神官ジャスパー,これで終わりだ。祝福に逆らう器など、欠片も残す必要はない。,,2/6,light_palace_blessing_retry,"event=light_palace_blessing_retry; actions=CONV:LIGHT_PALACE_BLESSING_RETRY -> HEAL -> BOSS(value=[301070, 301050])",現行参照,story.js:4071,,
810,第7段階 光の宮殿・結晶樹,メイン・イベント,,LIGHT_PALACE_BLESSING_RETRY,システム,その瞬間、[N:301]の胸の奥で、リュシオンの加護が強く輝いた。,,3/6,light_palace_blessing_retry,"event=light_palace_blessing_retry; actions=CONV:LIGHT_PALACE_BLESSING_RETRY -> HEAL -> BOSS(value=[301070, 301050])",現行参照,story.js:4071,,
811,第7段階 光の宮殿・結晶樹,メイン・イベント,,LIGHT_PALACE_BLESSING_RETRY,聖騎士ヴェルド,バカな！混沌の光が……我らから消えた……？,,4/6,light_palace_blessing_retry,"event=light_palace_blessing_retry; actions=CONV:LIGHT_PALACE_BLESSING_RETRY -> HEAL -> BOSS(value=[301070, 301050])",現行参照,story.js:4071,,
812,第7段階 光の宮殿・結晶樹,メイン・イベント,,LIGHT_PALACE_BLESSING_RETRY,システム,清らかな光が宮殿を満たし、ジャスパーとヴェルドを包んでいた混沌の光を消し去った。,,5/6,light_palace_blessing_retry,"event=light_palace_blessing_retry; actions=CONV:LIGHT_PALACE_BLESSING_RETRY -> HEAL -> BOSS(value=[301070, 301050])",現行参照,story.js:4071,,
813,第7段階 光の宮殿・結晶樹,メイン・イベント,,LIGHT_PALACE_BLESSING_RETRY,システム,仲間たちのHPとMPが全回復した！,,6/6,light_palace_blessing_retry,"event=light_palace_blessing_retry; actions=CONV:LIGHT_PALACE_BLESSING_RETRY -> HEAL -> BOSS(value=[301070, 301050])",現行参照,story.js:4071,,
814,第7段階 光の宮殿・結晶樹,メイン・イベント,,LIGHT_PALACE_OVERPOWER_CLEAR,システム,混沌の光をまとったジャスパーとヴェルドを、ついに押し返した。,,1/6,light_palace_overpower_clear,event=light_palace_overpower_clear; actions=CONV:LIGHT_PALACE_OVERPOWER_CLEAR -> FLAG(key=lightPalaceCleared) -> STEP(value=8) -> SUB(value=0) -> LOG(value=地下牢に囚われた人々の様子を確かめよう。),現行参照,story.js:4097,,
815,第7段階 光の宮殿・結晶樹,メイン・イベント,,LIGHT_PALACE_OVERPOWER_CLEAR,魔道神官ジャスパー,まだだ……最後の祝福を、プリズムへ……！,,2/6,light_palace_overpower_clear,event=light_palace_overpower_clear; actions=CONV:LIGHT_PALACE_OVERPOWER_CLEAR -> FLAG(key=lightPalaceCleared) -> STEP(value=8) -> SUB(value=0) -> LOG(value=地下牢に囚われた人々の様子を確かめよう。),現行参照,story.js:4097,,
816,第7段階 光の宮殿・結晶樹,メイン・イベント,,LIGHT_PALACE_OVERPOWER_CLEAR,システム,二人が最後の力を注ぎ込むと、光のプリズムが激しく暴走し、宮殿全体が白く染まった。,,3/6,light_palace_overpower_clear,event=light_palace_overpower_clear; actions=CONV:LIGHT_PALACE_OVERPOWER_CLEAR -> FLAG(key=lightPalaceCleared) -> STEP(value=8) -> SUB(value=0) -> LOG(value=地下牢に囚われた人々の様子を確かめよう。),現行参照,story.js:4097,,
817,第7段階 光の宮殿・結晶樹,メイン・イベント,,LIGHT_PALACE_OVERPOWER_CLEAR,システム,その奔流の中心で、[N:301]の胸の奥に宿るリュシオンの加護が目覚める。,,4/6,light_palace_overpower_clear,event=light_palace_overpower_clear; actions=CONV:LIGHT_PALACE_OVERPOWER_CLEAR -> FLAG(key=lightPalaceCleared) -> STEP(value=8) -> SUB(value=0) -> LOG(value=地下牢に囚われた人々の様子を確かめよう。),現行参照,story.js:4097,,
818,第7段階 光の宮殿・結晶樹,メイン・イベント,,LIGHT_PALACE_OVERPOWER_CLEAR,聖騎士ヴェルド,バカな！混沌の光が……我らから……,,5/6,light_palace_overpower_clear,event=light_palace_overpower_clear; actions=CONV:LIGHT_PALACE_OVERPOWER_CLEAR -> FLAG(key=lightPalaceCleared) -> STEP(value=8) -> SUB(value=0) -> LOG(value=地下牢に囚われた人々の様子を確かめよう。),現行参照,story.js:4097,,
819,第7段階 光の宮殿・結晶樹,メイン・イベント,,LIGHT_PALACE_OVERPOWER_CLEAR,システム,力を失ったジャスパーとヴェルドは、光の奔流の中へ音もなく消えていった。,,6/6,light_palace_overpower_clear,event=light_palace_overpower_clear; actions=CONV:LIGHT_PALACE_OVERPOWER_CLEAR -> FLAG(key=lightPalaceCleared) -> STEP(value=8) -> SUB(value=0) -> LOG(value=地下牢に囚われた人々の様子を確かめよう。),現行参照,story.js:4097,,
820,第7段階 光の宮殿・結晶樹,メイン・イベント,,LIGHT_PALACE_CLEAR,システム,光の神の加護と同調したプリズムが、宮殿の闇を白く洗い流していく。,,1/5,light_palace_clear,event=light_palace_clear; actions=CONV:LIGHT_PALACE_CLEAR -> FLAG(key=lightPalaceCleared) -> STEP(value=8) -> SUB(value=0) -> LOG(value=地下牢に囚われた人々の様子を確かめよう。),現行参照,story.js:4123,,
821,第7段階 光の宮殿・結晶樹,メイン・イベント,,LIGHT_PALACE_CLEAR,魔道神官ジャスパー,馬鹿な……混沌の光が、剥がされる……？,,2/5,light_palace_clear,event=light_palace_clear; actions=CONV:LIGHT_PALACE_CLEAR -> FLAG(key=lightPalaceCleared) -> STEP(value=8) -> SUB(value=0) -> LOG(value=地下牢に囚われた人々の様子を確かめよう。),現行参照,story.js:4123,,
822,第7段階 光の宮殿・結晶樹,メイン・イベント,,LIGHT_PALACE_CLEAR,聖騎士ヴェルド,力が…戻らぬ……これが、本来の光だとでもいうのか。,,3/5,light_palace_clear,event=light_palace_clear; actions=CONV:LIGHT_PALACE_CLEAR -> FLAG(key=lightPalaceCleared) -> STEP(value=8) -> SUB(value=0) -> LOG(value=地下牢に囚われた人々の様子を確かめよう。),現行参照,story.js:4123,,
823,第7段階 光の宮殿・結晶樹,メイン・イベント,,LIGHT_PALACE_CLEAR,システム,加護を失ったジャスパーとヴェルドは、音もなく光の奔流の中へ消えていった。,,4/5,light_palace_clear,event=light_palace_clear; actions=CONV:LIGHT_PALACE_CLEAR -> FLAG(key=lightPalaceCleared) -> STEP(value=8) -> SUB(value=0) -> LOG(value=地下牢に囚われた人々の様子を確かめよう。),現行参照,story.js:4123,,
824,第7段階 光の宮殿・結晶樹,メイン・イベント,,LIGHT_PALACE_CLEAR,システム,宮殿の地下から、封じられていた人々の声がかすかに届いた。,,5/5,light_palace_clear,event=light_palace_clear; actions=CONV:LIGHT_PALACE_CLEAR -> FLAG(key=lightPalaceCleared) -> STEP(value=8) -> SUB(value=0) -> LOG(value=地下牢に囚われた人々の様子を確かめよう。),現行参照,story.js:4123,,
825,第7段階 光の宮殿・結晶樹,メイン・イベント,光の宮殿グランプリズマ,POST_LIGHT_PALACE_BASE_1,巡礼者,"割れた光を拾っているの。
指を切るけど、踏ませるよりはましだから。",1003,1/3,post_light_palace_base_1,event=post_light_palace_base_1; actions=CONV:POST_LIGHT_PALACE_BASE_1; 光の宮殿グランプリズマ / 巡礼者と話す,現行参照,story.js:4146,,
826,第7段階 光の宮殿・結晶樹,メイン・イベント,光の宮殿グランプリズマ,POST_LIGHT_PALACE_BASE_1,巡礼者,"祈りって、きれいな声だけじゃないのね。
泣きながら床を拭く人の背中にも、ちゃんと宿る。",1003,2/3,post_light_palace_base_1,event=post_light_palace_base_1; actions=CONV:POST_LIGHT_PALACE_BASE_1; 光の宮殿グランプリズマ / 巡礼者と話す,現行参照,story.js:4146,,
827,第7段階 光の宮殿・結晶樹,メイン・イベント,光の宮殿グランプリズマ,POST_LIGHT_PALACE_BASE_1,巡礼者,"地下の方へ水を運んでいる人がいる。
閉じ込められていた方々は、まだ強く立てないの。",1003,3/3,post_light_palace_base_1,event=post_light_palace_base_1; actions=CONV:POST_LIGHT_PALACE_BASE_1; 光の宮殿グランプリズマ / 巡礼者と話す,現行参照,story.js:4146,,
828,第7段階 光の宮殿・結晶樹,クエスト,,QUEST_CLAUDE_LEON_ENCOUNTER,クロード,"王冠の下にいるのは、一体じゃない。
声が重なってる。",,1/2,quest_claude_leon_encounter,event=quest_claude_leon_encounter; actions=CONV:QUEST_CLAUDE_LEON_ENCOUNTER -> BOSS(value=303206),現行参照,story.js:4187,,
829,第7段階 光の宮殿・結晶樹,クエスト,,QUEST_CLAUDE_LEON_ENCOUNTER,レオン,"耳を貸すな。
影が形を取る前に断つ。",,2/2,quest_claude_leon_encounter,event=quest_claude_leon_encounter; actions=CONV:QUEST_CLAUDE_LEON_ENCOUNTER -> BOSS(value=303206),現行参照,story.js:4187,,
830,第7段階 光の宮殿・結晶樹,クエスト,,QUEST_CLAUDE_LEON_CLEAR,クロード,"また救えなかったらと思うと、
拳が動かなかった。",,1/3,quest_claude_leon_clear,event=quest_claude_leon_clear; actions=CONV:QUEST_CLAUDE_LEON_CLEAR,現行参照,story.js:4197,,
831,第7段階 光の宮殿・結晶樹,クエスト,,QUEST_CLAUDE_LEON_CLEAR,レオン,"恐れたまま立てたなら十分だ。
私も隣で盾を持つ。",,2/3,quest_claude_leon_clear,event=quest_claude_leon_clear; actions=CONV:QUEST_CLAUDE_LEON_CLEAR,現行参照,story.js:4197,,
832,第7段階 光の宮殿・結晶樹,クエスト,,QUEST_CLAUDE_LEON_CLEAR,クロード,"借りが増えたな。
旅の中で、二人分返させてくれ。",,3/3,quest_claude_leon_clear,event=quest_claude_leon_clear; actions=CONV:QUEST_CLAUDE_LEON_CLEAR,現行参照,story.js:4197,,
833,第7段階 光の宮殿・結晶樹,メイン・イベント,,GALVANIA_GORGE_AFTER_CRYSTAL_TREE,システム,渓谷を塞いでいたはずの巨大な城壁が崩れている。厚い門扉まで、原形が分からないほど打ち砕かれていた。,,1/3,galvania_gorge_after_crystal_tree,event=galvania_gorge_after_crystal_tree; actions=CONV:GALVANIA_GORGE_AFTER_CRYSTAL_TREE -> FLAG(key=galvaniaGorgeAftermathSeen),現行参照,story.js:4241,,
834,第7段階 光の宮殿・結晶樹,メイン・イベント,,GALVANIA_GORGE_AFTER_CRYSTAL_TREE,シャオ,これ……魔王軍が閉じてた門だよな。誰がこんな……。,105,2/3,galvania_gorge_after_crystal_tree,event=galvania_gorge_after_crystal_tree; actions=CONV:GALVANIA_GORGE_AFTER_CRYSTAL_TREE -> FLAG(key=galvaniaGorgeAftermathSeen),現行参照,story.js:4241,,
835,第7段階 光の宮殿・結晶樹,メイン・イベント,,GALVANIA_GORGE_AFTER_CRYSTAL_TREE,ケイト,壊れてから、まだそれほど時間は経っていません。先へ進んだ何者かがいる……。,104,3/3,galvania_gorge_after_crystal_tree,event=galvania_gorge_after_crystal_tree; actions=CONV:GALVANIA_GORGE_AFTER_CRYSTAL_TREE -> FLAG(key=galvaniaGorgeAftermathSeen),現行参照,story.js:4241,,
836,第7段階 光の宮殿・結晶樹,メイン・イベント,光の宮殿グランプリズマ F5,AREL_PALACE_OLD_ORDER_PHASE8E,システム,同じ日付の命令書が二枚ある。王命控えは『証拠確保まで身柄を拘束』。暗部へ渡った写しには『反逆抵抗時、現場判断で処断を許可』。,,1/11,arel_kagetora_palace_order_phase8e,event=arel_kagetora_palace_order_phase8e; actions=CONV:AREL_PALACE_OLD_ORDER_PHASE8E -> FLAG(key=zeliedKagetoraConfessed) -> QUEST_STAGE -> LOG(value=水上都市のハヤテへ、ゼリード自身の言葉で真実を伝えよう。); 光の宮殿グランプリズマ F5 / 十年前の旧命令簿を照合する,現行参照,story.js:4945,,
837,第7段階 光の宮殿・結晶樹,メイン・イベント,光の宮殿グランプリズマ F5,AREL_PALACE_OLD_ORDER_PHASE8E,ケイト,印影は似ています。でも、押された位置と墨の滲みが違う……後から作られています。,104,2/11,arel_kagetora_palace_order_phase8e,event=arel_kagetora_palace_order_phase8e; actions=CONV:AREL_PALACE_OLD_ORDER_PHASE8E -> FLAG(key=zeliedKagetoraConfessed) -> QUEST_STAGE -> LOG(value=水上都市のハヤテへ、ゼリード自身の言葉で真実を伝えよう。); 光の宮殿グランプリズマ F5 / 十年前の旧命令簿を照合する,現行参照,story.js:4945,,
838,第7段階 光の宮殿・結晶樹,メイン・イベント,光の宮殿グランプリズマ F5,AREL_PALACE_OLD_ORDER_PHASE8E,ゼリード,そうだ。,103,3/11,arel_kagetora_palace_order_phase8e,event=arel_kagetora_palace_order_phase8e; actions=CONV:AREL_PALACE_OLD_ORDER_PHASE8E -> FLAG(key=zeliedKagetoraConfessed) -> QUEST_STAGE -> LOG(value=水上都市のハヤテへ、ゼリード自身の言葉で真実を伝えよう。); 光の宮殿グランプリズマ F5 / 十年前の旧命令簿を照合する,現行参照,story.js:4945,,
839,第7段階 光の宮殿・結晶樹,メイン・イベント,光の宮殿グランプリズマ F5,AREL_PALACE_OLD_ORDER_PHASE8E,アルス,どうして分かる？,301,4/11,arel_kagetora_palace_order_phase8e,event=arel_kagetora_palace_order_phase8e; actions=CONV:AREL_PALACE_OLD_ORDER_PHASE8E -> FLAG(key=zeliedKagetoraConfessed) -> QUEST_STAGE -> LOG(value=水上都市のハヤテへ、ゼリード自身の言葉で真実を伝えよう。); 光の宮殿グランプリズマ F5 / 十年前の旧命令簿を照合する,現行参照,story.js:4945,,
840,第7段階 光の宮殿・結晶樹,メイン・イベント,光の宮殿グランプリズマ F5,AREL_PALACE_OLD_ORDER_PHASE8E,ゼリード,その紙を運んだのが、俺だからだ。,103,5/11,arel_kagetora_palace_order_phase8e,event=arel_kagetora_palace_order_phase8e; actions=CONV:AREL_PALACE_OLD_ORDER_PHASE8E -> FLAG(key=zeliedKagetoraConfessed) -> QUEST_STAGE -> LOG(value=水上都市のハヤテへ、ゼリード自身の言葉で真実を伝えよう。); 光の宮殿グランプリズマ F5 / 十年前の旧命令簿を照合する,現行参照,story.js:4945,,
841,第7段階 光の宮殿・結晶樹,メイン・イベント,光の宮殿グランプリズマ F5,AREL_PALACE_OLD_ORDER_PHASE8E,ゼリード,相棒は命令がおかしいって言った。アレルは逃げても隠してもいない。なのに何で処断命令が出るんだ、って。,103,6/11,arel_kagetora_palace_order_phase8e,event=arel_kagetora_palace_order_phase8e; actions=CONV:AREL_PALACE_OLD_ORDER_PHASE8E -> FLAG(key=zeliedKagetoraConfessed) -> QUEST_STAGE -> LOG(value=水上都市のハヤテへ、ゼリード自身の言葉で真実を伝えよう。); 光の宮殿グランプリズマ F5 / 十年前の旧命令簿を照合する,現行参照,story.js:4945,,
842,第7段階 光の宮殿・結晶樹,メイン・イベント,光の宮殿グランプリズマ F5,AREL_PALACE_OLD_ORDER_PHASE8E,ゼリード,俺もおかしいと思ってた。思ってたくせに、命令に従った。,103,7/11,arel_kagetora_palace_order_phase8e,event=arel_kagetora_palace_order_phase8e; actions=CONV:AREL_PALACE_OLD_ORDER_PHASE8E -> FLAG(key=zeliedKagetoraConfessed) -> QUEST_STAGE -> LOG(value=水上都市のハヤテへ、ゼリード自身の言葉で真実を伝えよう。); 光の宮殿グランプリズマ F5 / 十年前の旧命令簿を照合する,現行参照,story.js:4945,,
843,第7段階 光の宮殿・結晶樹,メイン・イベント,光の宮殿グランプリズマ F5,AREL_PALACE_OLD_ORDER_PHASE8E,アルス,ゼリード……。,301,8/11,arel_kagetora_palace_order_phase8e,event=arel_kagetora_palace_order_phase8e; actions=CONV:AREL_PALACE_OLD_ORDER_PHASE8E -> FLAG(key=zeliedKagetoraConfessed) -> QUEST_STAGE -> LOG(value=水上都市のハヤテへ、ゼリード自身の言葉で真実を伝えよう。); 光の宮殿グランプリズマ F5 / 十年前の旧命令簿を照合する,現行参照,story.js:4945,,
844,第7段階 光の宮殿・結晶樹,メイン・イベント,光の宮殿グランプリズマ F5,AREL_PALACE_OLD_ORDER_PHASE8E,ゼリード,慰めんな。騙されたから仕方なかった、で済ませたくて喋ってるんじゃねえ。,103,9/11,arel_kagetora_palace_order_phase8e,event=arel_kagetora_palace_order_phase8e; actions=CONV:AREL_PALACE_OLD_ORDER_PHASE8E -> FLAG(key=zeliedKagetoraConfessed) -> QUEST_STAGE -> LOG(value=水上都市のハヤテへ、ゼリード自身の言葉で真実を伝えよう。); 光の宮殿グランプリズマ F5 / 十年前の旧命令簿を照合する,現行参照,story.js:4945,,
845,第7段階 光の宮殿・結晶樹,メイン・イベント,光の宮殿グランプリズマ F5,AREL_PALACE_OLD_ORDER_PHASE8E,ゼリード,カゲトラを斬ったのは、俺だ。,103,10/11,arel_kagetora_palace_order_phase8e,event=arel_kagetora_palace_order_phase8e; actions=CONV:AREL_PALACE_OLD_ORDER_PHASE8E -> FLAG(key=zeliedKagetoraConfessed) -> QUEST_STAGE -> LOG(value=水上都市のハヤテへ、ゼリード自身の言葉で真実を伝えよう。); 光の宮殿グランプリズマ F5 / 十年前の旧命令簿を照合する,現行参照,story.js:4945,,
846,第7段階 光の宮殿・結晶樹,メイン・イベント,光の宮殿グランプリズマ F5,AREL_PALACE_OLD_ORDER_PHASE8E,ゼリード,……ハヤテには、俺の口から言う。,103,11/11,arel_kagetora_palace_order_phase8e,event=arel_kagetora_palace_order_phase8e; actions=CONV:AREL_PALACE_OLD_ORDER_PHASE8E -> FLAG(key=zeliedKagetoraConfessed) -> QUEST_STAGE -> LOG(value=水上都市のハヤテへ、ゼリード自身の言葉で真実を伝えよう。); 光の宮殿グランプリズマ F5 / 十年前の旧命令簿を照合する,現行参照,story.js:4945,,
847,第7段階 光の宮殿・結晶樹,メイン・イベント,光の宮殿グランプリズマ F5,AREL_APPEAL_FOUND_PHASE8E,ゼリード,カゲトラを斬ったあと、押収品を焼けって命令が出た。俺は……一箱だけ、封も切らずに旧文書庫の裏へ隠した。,103,1/10,arel_kagetora_appeal_found_phase8e,event=arel_kagetora_appeal_found_phase8e; actions=CONV:AREL_APPEAL_FOUND_PHASE8E -> QUEST_STAGE -> QUEST_COMPLETE -> FLAG(key=arelOriginalAppealRecovered) -> LOG(value=『王への上申書』を手に入れた。アレルが十年前に統合の儀を止めようとしていた原本だ。); 光の宮殿グランプリズマ F5 / ゼリードが隠した押収箱を探す,現行参照,story.js:4972,,
848,第7段階 光の宮殿・結晶樹,メイン・イベント,光の宮殿グランプリズマ F5,AREL_APPEAL_FOUND_PHASE8E,ハヤテ,父さんの荷だったのか。,203,2/10,arel_kagetora_appeal_found_phase8e,event=arel_kagetora_appeal_found_phase8e; actions=CONV:AREL_APPEAL_FOUND_PHASE8E -> QUEST_STAGE -> QUEST_COMPLETE -> FLAG(key=arelOriginalAppealRecovered) -> LOG(value=『王への上申書』を手に入れた。アレルが十年前に統合の儀を止めようとしていた原本だ。); 光の宮殿グランプリズマ F5 / ゼリードが隠した押収箱を探す,現行参照,story.js:4972,,
849,第7段階 光の宮殿・結晶樹,メイン・イベント,光の宮殿グランプリズマ F5,AREL_APPEAL_FOUND_PHASE8E,ゼリード,たぶんな。怖くて、確かめもしなかった。十年もな。,103,3/10,arel_kagetora_appeal_found_phase8e,event=arel_kagetora_appeal_found_phase8e; actions=CONV:AREL_APPEAL_FOUND_PHASE8E -> QUEST_STAGE -> QUEST_COMPLETE -> FLAG(key=arelOriginalAppealRecovered) -> LOG(value=『王への上申書』を手に入れた。アレルが十年前に統合の儀を止めようとしていた原本だ。); 光の宮殿グランプリズマ F5 / ゼリードが隠した押収箱を探す,現行参照,story.js:4972,,
850,第7段階 光の宮殿・結晶樹,メイン・イベント,光の宮殿グランプリズマ F5,AREL_APPEAL_FOUND_PHASE8E,システム,崩れた書架の背面から、小さな封印箱が見つかった。封蝋にはレクスノート家の印と、宛先『国王陛下』が残っている。,,4/10,arel_kagetora_appeal_found_phase8e,event=arel_kagetora_appeal_found_phase8e; actions=CONV:AREL_APPEAL_FOUND_PHASE8E -> QUEST_STAGE -> QUEST_COMPLETE -> FLAG(key=arelOriginalAppealRecovered) -> LOG(value=『王への上申書』を手に入れた。アレルが十年前に統合の儀を止めようとしていた原本だ。); 光の宮殿グランプリズマ F5 / ゼリードが隠した押収箱を探す,現行参照,story.js:4972,,
851,第7段階 光の宮殿・結晶樹,メイン・イベント,光の宮殿グランプリズマ F5,AREL_APPEAL_FOUND_PHASE8E,ケイト,……『王への上申書』。署名は、アレル＝レクスノート。,104,5/10,arel_kagetora_appeal_found_phase8e,event=arel_kagetora_appeal_found_phase8e; actions=CONV:AREL_APPEAL_FOUND_PHASE8E -> QUEST_STAGE -> QUEST_COMPLETE -> FLAG(key=arelOriginalAppealRecovered) -> LOG(value=『王への上申書』を手に入れた。アレルが十年前に統合の儀を止めようとしていた原本だ。); 光の宮殿グランプリズマ F5 / ゼリードが隠した押収箱を探す,現行参照,story.js:4972,,
852,第7段階 光の宮殿・結晶樹,メイン・イベント,光の宮殿グランプリズマ F5,AREL_APPEAL_FOUND_PHASE8E,システム,本文には、プリズム統合の儀を即時停止すること、六属性を一つへ固定する人体・大規模実験を禁じること、ジャスパー主導の試験記録を王自身が再確認することが求められている。,,6/10,arel_kagetora_appeal_found_phase8e,event=arel_kagetora_appeal_found_phase8e; actions=CONV:AREL_APPEAL_FOUND_PHASE8E -> QUEST_STAGE -> QUEST_COMPLETE -> FLAG(key=arelOriginalAppealRecovered) -> LOG(value=『王への上申書』を手に入れた。アレルが十年前に統合の儀を止めようとしていた原本だ。); 光の宮殿グランプリズマ F5 / ゼリードが隠した押収箱を探す,現行参照,story.js:4972,,
853,第7段階 光の宮殿・結晶樹,メイン・イベント,光の宮殿グランプリズマ F5,AREL_APPEAL_FOUND_PHASE8E,ミネルバ,これなら『後から正しかったことにした紙』じゃない。十年前、その時点で止めようとしてた。,206,7/10,arel_kagetora_appeal_found_phase8e,event=arel_kagetora_appeal_found_phase8e; actions=CONV:AREL_APPEAL_FOUND_PHASE8E -> QUEST_STAGE -> QUEST_COMPLETE -> FLAG(key=arelOriginalAppealRecovered) -> LOG(value=『王への上申書』を手に入れた。アレルが十年前に統合の儀を止めようとしていた原本だ。); 光の宮殿グランプリズマ F5 / ゼリードが隠した押収箱を探す,現行参照,story.js:4972,,
854,第7段階 光の宮殿・結晶樹,メイン・イベント,光の宮殿グランプリズマ F5,AREL_APPEAL_FOUND_PHASE8E,ハヤテ,父さんは、これを王へ届けようとして……。,203,8/10,arel_kagetora_appeal_found_phase8e,event=arel_kagetora_appeal_found_phase8e; actions=CONV:AREL_APPEAL_FOUND_PHASE8E -> QUEST_STAGE -> QUEST_COMPLETE -> FLAG(key=arelOriginalAppealRecovered) -> LOG(value=『王への上申書』を手に入れた。アレルが十年前に統合の儀を止めようとしていた原本だ。); 光の宮殿グランプリズマ F5 / ゼリードが隠した押収箱を探す,現行参照,story.js:4972,,
855,第7段階 光の宮殿・結晶樹,メイン・イベント,光の宮殿グランプリズマ F5,AREL_APPEAL_FOUND_PHASE8E,ゼリード,俺たち暗部が、その道ごと消した。,103,9/10,arel_kagetora_appeal_found_phase8e,event=arel_kagetora_appeal_found_phase8e; actions=CONV:AREL_APPEAL_FOUND_PHASE8E -> QUEST_STAGE -> QUEST_COMPLETE -> FLAG(key=arelOriginalAppealRecovered) -> LOG(value=『王への上申書』を手に入れた。アレルが十年前に統合の儀を止めようとしていた原本だ。); 光の宮殿グランプリズマ F5 / ゼリードが隠した押収箱を探す,現行参照,story.js:4972,,
856,第7段階 光の宮殿・結晶樹,メイン・イベント,光の宮殿グランプリズマ F5,AREL_APPEAL_FOUND_PHASE8E,ハヤテ,……持っていこう。アランにも、見せる。どう受け取るかは、あいつが決めればいい。,203,10/10,arel_kagetora_appeal_found_phase8e,event=arel_kagetora_appeal_found_phase8e; actions=CONV:AREL_APPEAL_FOUND_PHASE8E -> QUEST_STAGE -> QUEST_COMPLETE -> FLAG(key=arelOriginalAppealRecovered) -> LOG(value=『王への上申書』を手に入れた。アレルが十年前に統合の儀を止めようとしていた原本だ。); 光の宮殿グランプリズマ F5 / ゼリードが隠した押収箱を探す,現行参照,story.js:4972,,
857,第7段階 光の宮殿・結晶樹,深淵・追加ストーリー,,ABYSS_LEONARD,システム,"雷が鳴らない。黒い雲もない。
ただ、床に突き立つ剣だけが、歯を食いしばるように震えていた。",,1/8,abyss_leonard_battle,event=abyss_leonard_battle; actions=CONV:ABYSS_LEONARD -> LB_ADD_PARTY -> BOSS(value=302010),現行参照,story.js:,,
858,第7段階 光の宮殿・結晶樹,深淵・追加ストーリー,,ABYSS_LEONARD,黒雷のレナード,"来たか。……来てしまったか、ジョセフ。
この瞳で、お前の顔を見られるうちでよかった。",,2/8,abyss_leonard_battle,event=abyss_leonard_battle; actions=CONV:ABYSS_LEONARD -> LB_ADD_PARTY -> BOSS(value=302010),現行参照,story.js:,,
859,第7段階 光の宮殿・結晶樹,深淵・追加ストーリー,,ABYSS_LEONARD,ジョセフ,"レナード。お前、目が戻ってるな。
だったら剣を下ろせ。まだ間に合うって、俺に言わせろ。",101,3/8,abyss_leonard_battle,event=abyss_leonard_battle; actions=CONV:ABYSS_LEONARD -> LB_ADD_PARTY -> BOSS(value=302010),現行参照,story.js:,,
860,第7段階 光の宮殿・結晶樹,深淵・追加ストーリー,,ABYSS_LEONARD,黒雷のレナード,"間に合わぬ。体はもう深淵のものだ。
だが悔いる心だけは、まだ奪われずに残っている。",,4/8,abyss_leonard_battle,event=abyss_leonard_battle; actions=CONV:ABYSS_LEONARD -> LB_ADD_PARTY -> BOSS(value=302010),現行参照,story.js:,,
861,第7段階 光の宮殿・結晶樹,深淵・追加ストーリー,,ABYSS_LEONARD,黒雷のレナード,"私は斬った。守るためだと、自分に言い聞かせて。
斬った者の顔を、勝利の陰へ埋めて歩いた。",,5/8,abyss_leonard_battle,event=abyss_leonard_battle; actions=CONV:ABYSS_LEONARD -> LB_ADD_PARTY -> BOSS(value=302010),現行参照,story.js:,,
862,第7段階 光の宮殿・結晶樹,深淵・追加ストーリー,,ABYSS_LEONARD,ジョセフ,"言い訳を聞きに来たんじゃねえ。
お前を責めに来たんでもねえ。止めに来たんだ。",101,6/8,abyss_leonard_battle,event=abyss_leonard_battle; actions=CONV:ABYSS_LEONARD -> LB_ADD_PARTY -> BOSS(value=302010),現行参照,story.js:,,
863,第7段階 光の宮殿・結晶樹,深淵・追加ストーリー,,ABYSS_LEONARD,黒雷のレナード,"ならば頼む、盾よ。
かつて最強の剣と呼ばれた男の、最後の狂いを受け止めてくれ。",,7/8,abyss_leonard_battle,event=abyss_leonard_battle; actions=CONV:ABYSS_LEONARD -> LB_ADD_PARTY -> BOSS(value=302010),現行参照,story.js:,,
864,第7段階 光の宮殿・結晶樹,深淵・追加ストーリー,,ABYSS_LEONARD,ジョセフ,"ああ。最強の盾は、まだ折れてねえ。
友の剣くらい、泣きながらでも止めてやる。",101,8/8,abyss_leonard_battle,event=abyss_leonard_battle; actions=CONV:ABYSS_LEONARD -> LB_ADD_PARTY -> BOSS(value=302010),現行参照,story.js:,,
865,第7段階 光の宮殿・結晶樹,深淵・追加ストーリー,,ABYSS_LEONARD_CLEAR,システム,"剣の震えが止まった。
雷の残滓は、ジョセフの盾に触れて、小さな火花を一つだけ散らした。",,1/3,abyss_leonard_clear,event=abyss_leonard_clear; actions=CONV:ABYSS_LEONARD_CLEAR -> FLAG(key=abyssLeonardDefeated) -> IF_FLAG,現行参照,story.js:,,
866,第7段階 光の宮殿・結晶樹,深淵・追加ストーリー,,ABYSS_LEONARD_CLEAR,黒雷のレナード,……すまなかった。,,2/3,abyss_leonard_clear,event=abyss_leonard_clear; actions=CONV:ABYSS_LEONARD_CLEAR -> FLAG(key=abyssLeonardDefeated) -> IF_FLAG,現行参照,story.js:,,
867,第7段階 光の宮殿・結晶樹,深淵・追加ストーリー,,ABYSS_LEONARD_CLEAR,ジョセフ,"謝る相手は山ほどいる。
俺が全部、覚えておく。だから今は、休め。",101,3/3,abyss_leonard_clear,event=abyss_leonard_clear; actions=CONV:ABYSS_LEONARD_CLEAR -> FLAG(key=abyssLeonardDefeated) -> IF_FLAG,現行参照,story.js:,,
868,第7段階 光の宮殿・結晶樹,深淵・追加ストーリー,,ABYSS_CYCLE_CRYSTAL_FINAL_ARRAY_PHASE17,システム,"五柱が崩れた場所から、解けた光が祭壇の溝へ逆流した。
黒い紋様が一斉に閉じ、異なる力を同じ中心へ引きずり込もうとする。",,1/5,abyss_vegnasis_clear,event=abyss_vegnasis_clear; actions=CONV:ABYSS_VEGNASIS_CLEAR -> FLAG(key=abyssVegnasisDefeated) -> CONV:ABYSS_CYCLE_CRYSTAL_FINAL_ARRAY_PHASE17 -> FLAG(key=abyssCycleCrystalFinalArrayCountered) -> CONV:ABYSS_AZELGARAG -> BOSS(value=302100),現行参照,story.js:,,
869,第7段階 光の宮殿・結晶樹,深淵・追加ストーリー,,ABYSS_CYCLE_CRYSTAL_FINAL_ARRAY_PHASE17,深淵王アゼルガラグ,"私を倒そうとする。止めようとする。
愚かなお前たちこそが、最後のピースなのだ。",,2/5,abyss_vegnasis_clear,event=abyss_vegnasis_clear; actions=CONV:ABYSS_VEGNASIS_CLEAR -> FLAG(key=abyssVegnasisDefeated) -> CONV:ABYSS_CYCLE_CRYSTAL_FINAL_ARRAY_PHASE17 -> FLAG(key=abyssCycleCrystalFinalArrayCountered) -> CONV:ABYSS_AZELGARAG -> BOSS(value=302100),現行参照,story.js:,,
870,第7段階 光の宮殿・結晶樹,深淵・追加ストーリー,,ABYSS_CYCLE_CRYSTAL_FINAL_ARRAY_PHASE17,システム,"アルスの荷の中で、輪廻の結晶が鋭く鳴った。
六色の光は中心へ沈まず、輪を描いて次の色へ走る。",,3/5,abyss_vegnasis_clear,event=abyss_vegnasis_clear; actions=CONV:ABYSS_VEGNASIS_CLEAR -> FLAG(key=abyssVegnasisDefeated) -> CONV:ABYSS_CYCLE_CRYSTAL_FINAL_ARRAY_PHASE17 -> FLAG(key=abyssCycleCrystalFinalArrayCountered) -> CONV:ABYSS_AZELGARAG -> BOSS(value=302100),現行参照,story.js:,,
871,第7段階 光の宮殿・結晶樹,深淵・追加ストーリー,,ABYSS_CYCLE_CRYSTAL_FINAL_ARRAY_PHASE17,ルーナ,"止まってない……。
六つとも、まだ自分の色のまま動いてる。",401,4/5,abyss_vegnasis_clear,event=abyss_vegnasis_clear; actions=CONV:ABYSS_VEGNASIS_CLEAR -> FLAG(key=abyssVegnasisDefeated) -> CONV:ABYSS_CYCLE_CRYSTAL_FINAL_ARRAY_PHASE17 -> FLAG(key=abyssCycleCrystalFinalArrayCountered) -> CONV:ABYSS_AZELGARAG -> BOSS(value=302100),現行参照,story.js:,,
872,第7段階 光の宮殿・結晶樹,深淵・追加ストーリー,,ABYSS_CYCLE_CRYSTAL_FINAL_ARRAY_PHASE17,システム,祭壇を覆っていた黒い紋様に、細い亀裂が走った。,,5/5,abyss_vegnasis_clear,event=abyss_vegnasis_clear; actions=CONV:ABYSS_VEGNASIS_CLEAR -> FLAG(key=abyssVegnasisDefeated) -> CONV:ABYSS_CYCLE_CRYSTAL_FINAL_ARRAY_PHASE17 -> FLAG(key=abyssCycleCrystalFinalArrayCountered) -> CONV:ABYSS_AZELGARAG -> BOSS(value=302100),現行参照,story.js:,,
873,第7段階 光の宮殿・結晶樹,深淵・追加ストーリー,,ABYSS_SPIRIT_TRIAL_LIGHT_PARTY_INTRO_PHASE17,ルーナ,「光は善を名乗るだけでは足りない」……うん。,,1/3,abyss_spirit_trial_light_intro,event=abyss_spirit_trial_light_intro; actions=CONV:ABYSS_SPIRIT_TRIAL_LIGHT_INTRO -> IF_ALLY -> CHOICE,現行参照,story.js:,,
874,第7段階 光の宮殿・結晶樹,深淵・追加ストーリー,,ABYSS_SPIRIT_TRIAL_LIGHT_PARTY_INTRO_PHASE17,ルーナ,"私、それを知るのにずいぶん遠回りした。
正しいつもりで、傷つけた人もいる。",,2/3,abyss_spirit_trial_light_intro,event=abyss_spirit_trial_light_intro; actions=CONV:ABYSS_SPIRIT_TRIAL_LIGHT_INTRO -> IF_ALLY -> CHOICE,現行参照,story.js:,,
875,第7段階 光の宮殿・結晶樹,深淵・追加ストーリー,,ABYSS_SPIRIT_TRIAL_LIGHT_PARTY_INTRO_PHASE17,ルーナ,だから今度は、光って名前じゃなく、私が誰に手を伸ばすかで答える。,,3/3,abyss_spirit_trial_light_intro,event=abyss_spirit_trial_light_intro; actions=CONV:ABYSS_SPIRIT_TRIAL_LIGHT_INTRO -> IF_ALLY -> CHOICE,現行参照,story.js:,,
876,第7段階 光の宮殿・結晶樹,深淵・追加ストーリー,,ABYSS_SPIRIT_TRIAL_LIGHT_PARTY_VICTORY_PHASE17,ルーナ,ありがとう。この光を「正しさ」の証明にはしない。誰かを照らすために使うね。,,1/1,abyss_spirit_trial_light_victory,event=abyss_spirit_trial_light_victory; actions=CONV:ABYSS_SPIRIT_TRIAL_LIGHT_VICTORY -> IF_ALLY -> ABYSS_SPIRIT_TRIAL_COMPLETE -> EVENT,現行参照,story.js:,,
877,第7段階 光の宮殿・結晶樹,深淵・追加ストーリー,,ABYSS_SPIRIT_TRIAL_LIGHT_INTRO,光の大精霊,"光は善を名乗るだけでは足りません。
影を見つめ、それでも手を伸ばせる者かを確かめます。",,1/2,abyss_spirit_trial_light_intro,event=abyss_spirit_trial_light_intro; actions=CONV:ABYSS_SPIRIT_TRIAL_LIGHT_INTRO -> IF_ALLY -> CHOICE,現行参照,story.js:,,
878,第7段階 光の宮殿・結晶樹,深淵・追加ストーリー,,ABYSS_SPIRIT_TRIAL_LIGHT_INTRO,システム,光のプリズムが、逃げ場のない白光を放っている。,,2/2,abyss_spirit_trial_light_intro,event=abyss_spirit_trial_light_intro; actions=CONV:ABYSS_SPIRIT_TRIAL_LIGHT_INTRO -> IF_ALLY -> CHOICE,現行参照,story.js:,,
879,第7段階 光の宮殿・結晶樹,深淵・追加ストーリー,,ABYSS_SPIRIT_TRIAL_LIGHT_RETRY,光の大精霊,"敗北を隠して光を装う必要はありません。
弱さを知った今のあなたたちを、改めて見定めましょう。",,1/1,abyss_spirit_trial_light_retry,event=abyss_spirit_trial_light_retry; actions=CONV:ABYSS_SPIRIT_TRIAL_LIGHT_RETRY -> CHOICE,現行参照,story.js:,,
880,第7段階 光の宮殿・結晶樹,深淵・追加ストーリー,,ABYSS_SPIRIT_TRIAL_LIGHT_VICTORY,光の大精霊,"影を切り捨てず、互いを照らして進みましたね。
その選択を認め、光の加護を授けます。",,1/1,abyss_spirit_trial_light_victory,event=abyss_spirit_trial_light_victory; actions=CONV:ABYSS_SPIRIT_TRIAL_LIGHT_VICTORY -> IF_ALLY -> ABYSS_SPIRIT_TRIAL_COMPLETE -> EVENT,現行参照,story.js:,,
881,第7段階 光の宮殿・結晶樹,メイン・イベント,結晶樹の秘跡 FMAP000073-00,CRYSTAL_TREE_MINERVA_MEETING,ミネルバ,……来た。ソフィア、やっぱり人を寄越したんだ。,206,1/5,crystal_tree_minerva_meeting,event=crystal_tree_minerva_meeting; actions=IF_FLAG; 結晶樹の秘跡 FMAP000073-00 / ミネルバと話す,現行参照,story.js:3176,,
882,第7段階 光の宮殿・結晶樹,メイン・イベント,結晶樹の秘跡 FMAP000073-00,CRYSTAL_TREE_MINERVA_MEETING,ケイト,あなたがミネルバさん？　レオンさんと、ルーナさんを診てほしいんです。,104,2/5,crystal_tree_minerva_meeting,event=crystal_tree_minerva_meeting; actions=IF_FLAG; 結晶樹の秘跡 FMAP000073-00 / ミネルバと話す,現行参照,story.js:3176,,
883,第7段階 光の宮殿・結晶樹,メイン・イベント,結晶樹の秘跡 FMAP000073-00,CRYSTAL_TREE_MINERVA_MEETING,ミネルバ,先にルーナ。脈が樹の根と喧嘩してる。そこに座って。,206,3/5,crystal_tree_minerva_meeting,event=crystal_tree_minerva_meeting; actions=IF_FLAG; 結晶樹の秘跡 FMAP000073-00 / ミネルバと話す,現行参照,story.js:3176,,
884,第7段階 光の宮殿・結晶樹,メイン・イベント,結晶樹の秘跡 FMAP000073-00,CRYSTAL_TREE_MINERVA_MEETING,ルーナ,……はい。,401,4/5,crystal_tree_minerva_meeting,event=crystal_tree_minerva_meeting; actions=IF_FLAG; 結晶樹の秘跡 FMAP000073-00 / ミネルバと話す,現行参照,story.js:3176,,
885,第7段階 光の宮殿・結晶樹,メイン・イベント,結晶樹の秘跡 FMAP000073-00,CRYSTAL_TREE_MINERVA_MEETING,ミネルバ,歩けるなら、自分で歩いて。根元まで行くよ。,206,5/5,crystal_tree_minerva_meeting,event=crystal_tree_minerva_meeting; actions=IF_FLAG; 結晶樹の秘跡 FMAP000073-00 / ミネルバと話す,現行参照,story.js:3176,,
886,第7段階 光の宮殿・結晶樹,メイン・イベント,結晶樹の秘跡 FMAP000073-00,CRYSTAL_TREE_ROOT_RITUAL,ミネルバ,レオンをそこへ。ルーナは私の手を離さないで。,206,1/5,crystal_tree_root_ritual,"event=crystal_tree_root_ritual; actions=FLAG(key=crystalTreeRootRitualStarted) -> FLAG(key=crystalTreeDefenseStarted) -> WORLD_STATE(value=4,key=crystalTreeState) -> SUB(value=10) -> CONV:CRYSTAL_TREE_ROOT_RITUAL -> BOSS(value=[652, 755, 652]); 結晶樹の秘跡 FMAP000073-00 / ミネルバに声をかける",現行参照,story.js:3183,,
887,第7段階 光の宮殿・結晶樹,メイン・イベント,結晶樹の秘跡 FMAP000073-00,CRYSTAL_TREE_ROOT_RITUAL,システム,根の奥で、何かが軋む。少し遅れて、複数の足音が近づいてきた。,,2/5,crystal_tree_root_ritual,"event=crystal_tree_root_ritual; actions=FLAG(key=crystalTreeRootRitualStarted) -> FLAG(key=crystalTreeDefenseStarted) -> WORLD_STATE(value=4,key=crystalTreeState) -> SUB(value=10) -> CONV:CRYSTAL_TREE_ROOT_RITUAL -> BOSS(value=[652, 755, 652]); 結晶樹の秘跡 FMAP000073-00 / ミネルバに声をかける",現行参照,story.js:3183,,
888,第7段階 光の宮殿・結晶樹,メイン・イベント,結晶樹の秘跡 FMAP000073-00,CRYSTAL_TREE_ROOT_RITUAL,魔人兵長,聖女を渡せ。教団にも、お前たちにも預けられん。,,3/5,crystal_tree_root_ritual,"event=crystal_tree_root_ritual; actions=FLAG(key=crystalTreeRootRitualStarted) -> FLAG(key=crystalTreeDefenseStarted) -> WORLD_STATE(value=4,key=crystalTreeState) -> SUB(value=10) -> CONV:CRYSTAL_TREE_ROOT_RITUAL -> BOSS(value=[652, 755, 652]); 結晶樹の秘跡 FMAP000073-00 / ミネルバに声をかける",現行参照,story.js:3183,,
889,第7段階 光の宮殿・結晶樹,メイン・イベント,結晶樹の秘跡 FMAP000073-00,CRYSTAL_TREE_ROOT_RITUAL,シャオ,またそれか。理由も言わずに連れていけると思うな。,105,4/5,crystal_tree_root_ritual,"event=crystal_tree_root_ritual; actions=FLAG(key=crystalTreeRootRitualStarted) -> FLAG(key=crystalTreeDefenseStarted) -> WORLD_STATE(value=4,key=crystalTreeState) -> SUB(value=10) -> CONV:CRYSTAL_TREE_ROOT_RITUAL -> BOSS(value=[652, 755, 652]); 結晶樹の秘跡 FMAP000073-00 / ミネルバに声をかける",現行参照,story.js:3183,,
890,第7段階 光の宮殿・結晶樹,メイン・イベント,結晶樹の秘跡 FMAP000073-00,CRYSTAL_TREE_ROOT_RITUAL,魔人兵長,光をここまで穢した者が、我らだと本気で思っているのか。,,5/5,crystal_tree_root_ritual,"event=crystal_tree_root_ritual; actions=FLAG(key=crystalTreeRootRitualStarted) -> FLAG(key=crystalTreeDefenseStarted) -> WORLD_STATE(value=4,key=crystalTreeState) -> SUB(value=10) -> CONV:CRYSTAL_TREE_ROOT_RITUAL -> BOSS(value=[652, 755, 652]); 結晶樹の秘跡 FMAP000073-00 / ミネルバに声をかける",現行参照,story.js:3183,,
891,第7段階 光の宮殿・結晶樹,メイン・イベント,結晶樹の秘跡 FMAP000073-00,CRYSTAL_TREE_POST_CLEAR_CHECKPOINT,ミネルバ,まだ根の中に残ってるものがある。……少し、考えさせて。,206,1/1,crystal_tree_post_clear_checkpoint,event=crystal_tree_post_clear_checkpoint; actions=IF_FLAG; 結晶樹の秘跡 FMAP000073-00 / ミネルバと話す,現行参照,story.js:3200,,
892,第7段階 光の宮殿・結晶樹,メイン・イベント,結晶樹の秘跡 FMAP000073-00,CRYSTAL_TREE_SIX_ELEMENT_RITUAL,ミネルバ,あ、ちょうどいい。半分が八割くらいになった。,206,1/145,crystal_tree_post_clear_checkpoint,event=crystal_tree_post_clear_checkpoint; actions=IF_FLAG; 結晶樹の秘跡 FMAP000073-00 / ミネルバと話す,現行参照,story.js:3203,,
893,第7段階 光の宮殿・結晶樹,メイン・イベント,結晶樹の秘跡 FMAP000073-00,CRYSTAL_TREE_SIX_ELEMENT_RITUAL,シャオ,残り二割は？,105,2/145,crystal_tree_post_clear_checkpoint,event=crystal_tree_post_clear_checkpoint; actions=IF_FLAG; 結晶樹の秘跡 FMAP000073-00 / ミネルバと話す,現行参照,story.js:3203,,
894,第7段階 光の宮殿・結晶樹,メイン・イベント,結晶樹の秘跡 FMAP000073-00,CRYSTAL_TREE_SIX_ELEMENT_RITUAL,ミネルバ,これから試す。,206,3/145,crystal_tree_post_clear_checkpoint,event=crystal_tree_post_clear_checkpoint; actions=IF_FLAG; 結晶樹の秘跡 FMAP000073-00 / ミネルバと話す,現行参照,story.js:3203,,
895,第7段階 光の宮殿・結晶樹,メイン・イベント,結晶樹の秘跡 FMAP000073-00,CRYSTAL_TREE_SIX_ELEMENT_RITUAL,シャオ,試すのか……。,105,4/145,crystal_tree_post_clear_checkpoint,event=crystal_tree_post_clear_checkpoint; actions=IF_FLAG; 結晶樹の秘跡 FMAP000073-00 / ミネルバと話す,現行参照,story.js:3203,,
896,第7段階 光の宮殿・結晶樹,メイン・イベント,結晶樹の秘跡 FMAP000073-00,CRYSTAL_TREE_SIX_ELEMENT_RITUAL,アルス,その前に教えてくれ。どうして、ここなら二人を治せると思った？,301,5/145,crystal_tree_post_clear_checkpoint,event=crystal_tree_post_clear_checkpoint; actions=IF_FLAG; 結晶樹の秘跡 FMAP000073-00 / ミネルバと話す,現行参照,story.js:3203,,
897,第7段階 光の宮殿・結晶樹,メイン・イベント,結晶樹の秘跡 FMAP000073-00,CRYSTAL_TREE_SIX_ELEMENT_RITUAL,ミネルバ,レイラ。,206,6/145,crystal_tree_post_clear_checkpoint,event=crystal_tree_post_clear_checkpoint; actions=IF_FLAG; 結晶樹の秘跡 FMAP000073-00 / ミネルバと話す,現行参照,story.js:3203,,
898,第7段階 光の宮殿・結晶樹,メイン・イベント,結晶樹の秘跡 FMAP000073-00,CRYSTAL_TREE_SIX_ELEMENT_RITUAL,アルス,レイラ？,301,7/145,crystal_tree_post_clear_checkpoint,event=crystal_tree_post_clear_checkpoint; actions=IF_FLAG; 結晶樹の秘跡 FMAP000073-00 / ミネルバと話す,現行参照,story.js:3203,,
899,第7段階 光の宮殿・結晶樹,メイン・イベント,結晶樹の秘跡 FMAP000073-00,CRYSTAL_TREE_SIX_ELEMENT_RITUAL,ケイト,……結晶樹の葉で、レイラさんは回復した。,104,8/145,crystal_tree_post_clear_checkpoint,event=crystal_tree_post_clear_checkpoint; actions=IF_FLAG; 結晶樹の秘跡 FMAP000073-00 / ミネルバと話す,現行参照,story.js:3203,,
900,第7段階 光の宮殿・結晶樹,メイン・イベント,結晶樹の秘跡 FMAP000073-00,CRYSTAL_TREE_SIX_ELEMENT_RITUAL,ミネルバ,そう。レオンには足りなかった。でも、効かなかったわけじゃない。,206,9/145,crystal_tree_post_clear_checkpoint,event=crystal_tree_post_clear_checkpoint; actions=IF_FLAG; 結晶樹の秘跡 FMAP000073-00 / ミネルバと話す,現行参照,story.js:3203,,
901,第7段階 光の宮殿・結晶樹,メイン・イベント,結晶樹の秘跡 FMAP000073-00,CRYSTAL_TREE_SIX_ELEMENT_RITUAL,ケイト,少しだけ、脈の濁りが弱まった……。,104,10/145,crystal_tree_post_clear_checkpoint,event=crystal_tree_post_clear_checkpoint; actions=IF_FLAG; 結晶樹の秘跡 FMAP000073-00 / ミネルバと話す,現行参照,story.js:3203,,
902,第7段階 光の宮殿・結晶樹,メイン・イベント,結晶樹の秘跡 FMAP000073-00,CRYSTAL_TREE_SIX_ELEMENT_RITUAL,ミネルバ,だったら葉っぱが間違いなんじゃない。足りないの。,206,11/145,crystal_tree_post_clear_checkpoint,event=crystal_tree_post_clear_checkpoint; actions=IF_FLAG; 結晶樹の秘跡 FMAP000073-00 / ミネルバと話す,現行参照,story.js:3203,,
903,第7段階 光の宮殿・結晶樹,メイン・イベント,結晶樹の秘跡 FMAP000073-00,CRYSTAL_TREE_SIX_ELEMENT_RITUAL,シャオ,それだけで、ここまで来たのか？,105,12/145,crystal_tree_post_clear_checkpoint,event=crystal_tree_post_clear_checkpoint; actions=IF_FLAG; 結晶樹の秘跡 FMAP000073-00 / ミネルバと話す,現行参照,story.js:3203,,
904,第7段階 光の宮殿・結晶樹,メイン・イベント,結晶樹の秘跡 FMAP000073-00,CRYSTAL_TREE_SIX_ELEMENT_RITUAL,ミネルバ,それだけって、すごい手掛かりだよ？,206,13/145,crystal_tree_post_clear_checkpoint,event=crystal_tree_post_clear_checkpoint; actions=IF_FLAG; 結晶樹の秘跡 FMAP000073-00 / ミネルバと話す,現行参照,story.js:3203,,
905,第7段階 光の宮殿・結晶樹,メイン・イベント,結晶樹の秘跡 FMAP000073-00,CRYSTAL_TREE_SIX_ELEMENT_RITUAL,ミネルバ,レイラは脈。レオンは脈と呼吸と体温。ルーナはそれに加えて、反応も鈍い。眠っても戻らない。,206,14/145,crystal_tree_post_clear_checkpoint,event=crystal_tree_post_clear_checkpoint; actions=IF_FLAG; 結晶樹の秘跡 FMAP000073-00 / ミネルバと話す,現行参照,story.js:3203,,
906,第7段階 光の宮殿・結晶樹,メイン・イベント,結晶樹の秘跡 FMAP000073-00,CRYSTAL_TREE_SIX_ELEMENT_RITUAL,ルーナ,……はい。目を閉じても、ずっと身体が重くて。,401,15/145,crystal_tree_post_clear_checkpoint,event=crystal_tree_post_clear_checkpoint; actions=IF_FLAG; 結晶樹の秘跡 FMAP000073-00 / ミネルバと話す,現行参照,story.js:3203,,
907,第7段階 光の宮殿・結晶樹,メイン・イベント,結晶樹の秘跡 FMAP000073-00,CRYSTAL_TREE_SIX_ELEMENT_RITUAL,ミネルバ,普通なら別の不調に見える。でも三人とも、同じ人に同じ頃に壊されてる。,206,16/145,crystal_tree_post_clear_checkpoint,event=crystal_tree_post_clear_checkpoint; actions=IF_FLAG; 結晶樹の秘跡 FMAP000073-00 / ミネルバと話す,現行参照,story.js:3203,,
908,第7段階 光の宮殿・結晶樹,メイン・イベント,結晶樹の秘跡 FMAP000073-00,CRYSTAL_TREE_SIX_ELEMENT_RITUAL,ミネルバ,病気が六つあるんじゃない。一つの流れが、あちこちで引っかかってる。,206,17/145,crystal_tree_post_clear_checkpoint,event=crystal_tree_post_clear_checkpoint; actions=IF_FLAG; 結晶樹の秘跡 FMAP000073-00 / ミネルバと話す,現行参照,story.js:3203,,
909,第7段階 光の宮殿・結晶樹,メイン・イベント,結晶樹の秘跡 FMAP000073-00,CRYSTAL_TREE_SIX_ELEMENT_RITUAL,ケイト,流れ……？,104,18/145,crystal_tree_post_clear_checkpoint,event=crystal_tree_post_clear_checkpoint; actions=IF_FLAG; 結晶樹の秘跡 FMAP000073-00 / ミネルバと話す,現行参照,story.js:3203,,
910,第7段階 光の宮殿・結晶樹,メイン・イベント,結晶樹の秘跡 FMAP000073-00,CRYSTAL_TREE_SIX_ELEMENT_RITUAL,ミネルバ,人の中にもあるんだよ。小さいけどね。別々に働いて、順番に渡して、また戻ってくる。,206,19/145,crystal_tree_post_clear_checkpoint,event=crystal_tree_post_clear_checkpoint; actions=IF_FLAG; 結晶樹の秘跡 FMAP000073-00 / ミネルバと話す,現行参照,story.js:3203,,
911,第7段階 光の宮殿・結晶樹,メイン・イベント,結晶樹の秘跡 FMAP000073-00,CRYSTAL_TREE_SIX_ELEMENT_RITUAL,アルス,ジャスパーは、それを……？,301,20/145,crystal_tree_post_clear_checkpoint,event=crystal_tree_post_clear_checkpoint; actions=IF_FLAG; 結晶樹の秘跡 FMAP000073-00 / ミネルバと話す,現行参照,story.js:3203,,
912,第7段階 光の宮殿・結晶樹,メイン・イベント,結晶樹の秘跡 FMAP000073-00,CRYSTAL_TREE_SIX_ELEMENT_RITUAL,ミネルバ,力を奪っただけじゃない。別々に流れてたものを、途中で無理やり一つに寄せたみたい。,206,21/145,crystal_tree_post_clear_checkpoint,event=crystal_tree_post_clear_checkpoint; actions=IF_FLAG; 結晶樹の秘跡 FMAP000073-00 / ミネルバと話す,現行参照,story.js:3203,,
913,第7段階 光の宮殿・結晶樹,メイン・イベント,結晶樹の秘跡 FMAP000073-00,CRYSTAL_TREE_SIX_ELEMENT_RITUAL,ケイト,プリズムの……統合？,104,22/145,crystal_tree_post_clear_checkpoint,event=crystal_tree_post_clear_checkpoint; actions=IF_FLAG; 結晶樹の秘跡 FMAP000073-00 / ミネルバと話す,現行参照,story.js:3203,,
914,第7段階 光の宮殿・結晶樹,メイン・イベント,結晶樹の秘跡 FMAP000073-00,CRYSTAL_TREE_SIX_ELEMENT_RITUAL,ミネルバ,似てる。似てるだけ。まだ断定はしない。,206,23/145,crystal_tree_post_clear_checkpoint,event=crystal_tree_post_clear_checkpoint; actions=IF_FLAG; 結晶樹の秘跡 FMAP000073-00 / ミネルバと話す,現行参照,story.js:3203,,
915,第7段階 光の宮殿・結晶樹,メイン・イベント,結晶樹の秘跡 FMAP000073-00,CRYSTAL_TREE_SIX_ELEMENT_RITUAL,ミネルバ,でも、人ひとりの中へ押し込んだらどう壊れるかって聞かれたら――たぶん、こうなる。,206,24/145,crystal_tree_post_clear_checkpoint,event=crystal_tree_post_clear_checkpoint; actions=IF_FLAG; 結晶樹の秘跡 FMAP000073-00 / ミネルバと話す,現行参照,story.js:3203,,
916,第7段階 光の宮殿・結晶樹,メイン・イベント,結晶樹の秘跡 FMAP000073-00,CRYSTAL_TREE_SIX_ELEMENT_RITUAL,ミネルバ,だから、足すんじゃない。もう持ってるものを、ちゃんと巡れるように戻す。,206,25/145,crystal_tree_post_clear_checkpoint,event=crystal_tree_post_clear_checkpoint; actions=IF_FLAG; 結晶樹の秘跡 FMAP000073-00 / ミネルバと話す,現行参照,story.js:3203,,
917,第7段階 光の宮殿・結晶樹,メイン・イベント,結晶樹の秘跡 FMAP000073-00,CRYSTAL_TREE_SIX_ELEMENT_RITUAL,ミネルバ,じゃ、始めようか。,206,26/145,crystal_tree_post_clear_checkpoint,event=crystal_tree_post_clear_checkpoint; actions=IF_FLAG; 結晶樹の秘跡 FMAP000073-00 / ミネルバと話す,現行参照,story.js:3203,,
918,第7段階 光の宮殿・結晶樹,メイン・イベント,結晶樹の秘跡 FMAP000073-00,CRYSTAL_TREE_SIX_ELEMENT_RITUAL,シャオ,……本当に八割で始めるのか？,105,27/145,crystal_tree_post_clear_checkpoint,event=crystal_tree_post_clear_checkpoint; actions=IF_FLAG; 結晶樹の秘跡 FMAP000073-00 / ミネルバと話す,現行参照,story.js:3203,,
919,第7段階 光の宮殿・結晶樹,メイン・イベント,結晶樹の秘跡 FMAP000073-00,CRYSTAL_TREE_SIX_ELEMENT_RITUAL,ミネルバ,残り二割は、始めないと分からないでしょ。,206,28/145,crystal_tree_post_clear_checkpoint,event=crystal_tree_post_clear_checkpoint; actions=IF_FLAG; 結晶樹の秘跡 FMAP000073-00 / ミネルバと話す,現行参照,story.js:3203,,
920,第7段階 光の宮殿・結晶樹,メイン・イベント,結晶樹の秘跡 FMAP000073-00,CRYSTAL_TREE_SIX_ELEMENT_RITUAL,六属性秘薬・水,,,29/145,crystal_tree_post_clear_checkpoint,event=crystal_tree_post_clear_checkpoint; actions=IF_FLAG; 結晶樹の秘跡 FMAP000073-00 / ミネルバと話す,現行参照,story.js:3203,,
921,第7段階 光の宮殿・結晶樹,メイン・イベント,結晶樹の秘跡 FMAP000073-00,CRYSTAL_TREE_SIX_ELEMENT_RITUAL,システム,水の台座から淡い青が床の溝を走る。中央の器で、乾いていた薬草片がゆっくり開いた。,,30/145,crystal_tree_post_clear_checkpoint,event=crystal_tree_post_clear_checkpoint; actions=IF_FLAG; 結晶樹の秘跡 FMAP000073-00 / ミネルバと話す,現行参照,story.js:3203,,
922,第7段階 光の宮殿・結晶樹,メイン・イベント,結晶樹の秘跡 FMAP000073-00,CRYSTAL_TREE_SIX_ELEMENT_RITUAL,ミネルバ,最初は水。育つ場所がなきゃ、何も始まらないから。,206,31/145,crystal_tree_post_clear_checkpoint,event=crystal_tree_post_clear_checkpoint; actions=IF_FLAG; 結晶樹の秘跡 FMAP000073-00 / ミネルバと話す,現行参照,story.js:3203,,
923,第7段階 光の宮殿・結晶樹,メイン・イベント,結晶樹の秘跡 FMAP000073-00,CRYSTAL_TREE_SIX_ELEMENT_RITUAL,ケイト,薬の材料を……受け止めてる。,104,32/145,crystal_tree_post_clear_checkpoint,event=crystal_tree_post_clear_checkpoint; actions=IF_FLAG; 結晶樹の秘跡 FMAP000073-00 / ミネルバと話す,現行参照,story.js:3203,,
924,第7段階 光の宮殿・結晶樹,メイン・イベント,結晶樹の秘跡 FMAP000073-00,CRYSTAL_TREE_SIX_ELEMENT_RITUAL,ミネルバ,うん。器を作る。,206,33/145,crystal_tree_post_clear_checkpoint,event=crystal_tree_post_clear_checkpoint; actions=IF_FLAG; 結晶樹の秘跡 FMAP000073-00 / ミネルバと話す,現行参照,story.js:3203,,
925,第7段階 光の宮殿・結晶樹,メイン・イベント,結晶樹の秘跡 FMAP000073-00,CRYSTAL_TREE_SIX_ELEMENT_RITUAL,六属性秘薬・風,,,34/145,crystal_tree_post_clear_checkpoint,event=crystal_tree_post_clear_checkpoint; actions=IF_FLAG; 結晶樹の秘跡 FMAP000073-00 / ミネルバと話す,現行参照,story.js:3203,,
926,第7段階 光の宮殿・結晶樹,メイン・イベント,結晶樹の秘跡 FMAP000073-00,CRYSTAL_TREE_SIX_ELEMENT_RITUAL,システム,風の台座が灯る。密閉された根源域を柔らかな風が巡り、器から立った香りを運んでいく。,,35/145,crystal_tree_post_clear_checkpoint,event=crystal_tree_post_clear_checkpoint; actions=IF_FLAG; 結晶樹の秘跡 FMAP000073-00 / ミネルバと話す,現行参照,story.js:3203,,
927,第7段階 光の宮殿・結晶樹,メイン・イベント,結晶樹の秘跡 FMAP000073-00,CRYSTAL_TREE_SIX_ELEMENT_RITUAL,ミネルバ,次、風。離れてるものを運ぶ。繋ぐ。,206,36/145,crystal_tree_post_clear_checkpoint,event=crystal_tree_post_clear_checkpoint; actions=IF_FLAG; 結晶樹の秘跡 FMAP000073-00 / ミネルバと話す,現行参照,story.js:3203,,
928,第7段階 光の宮殿・結晶樹,メイン・イベント,結晶樹の秘跡 FMAP000073-00,CRYSTAL_TREE_SIX_ELEMENT_RITUAL,ルーナ,……この匂い……。,401,37/145,crystal_tree_post_clear_checkpoint,event=crystal_tree_post_clear_checkpoint; actions=IF_FLAG; 結晶樹の秘跡 FMAP000073-00 / ミネルバと話す,現行参照,story.js:3203,,
929,第7段階 光の宮殿・結晶樹,メイン・イベント,結晶樹の秘跡 FMAP000073-00,CRYSTAL_TREE_SIX_ELEMENT_RITUAL,アルス,ルーナ？,301,38/145,crystal_tree_post_clear_checkpoint,event=crystal_tree_post_clear_checkpoint; actions=IF_FLAG; 結晶樹の秘跡 FMAP000073-00 / ミネルバと話す,現行参照,story.js:3203,,
930,第7段階 光の宮殿・結晶樹,メイン・イベント,結晶樹の秘跡 FMAP000073-00,CRYSTAL_TREE_SIX_ELEMENT_RITUAL,システム,濡れた土。小さな水音。木の葉が擦れる音。風に揺れる白い布――ルーナは少しだけ目を閉じた。,,39/145,crystal_tree_post_clear_checkpoint,event=crystal_tree_post_clear_checkpoint; actions=IF_FLAG; 結晶樹の秘跡 FMAP000073-00 / ミネルバと話す,現行参照,story.js:3203,,
931,第7段階 光の宮殿・結晶樹,メイン・イベント,結晶樹の秘跡 FMAP000073-00,CRYSTAL_TREE_SIX_ELEMENT_RITUAL,ルーナ,……知ってる気がします。,401,40/145,crystal_tree_post_clear_checkpoint,event=crystal_tree_post_clear_checkpoint; actions=IF_FLAG; 結晶樹の秘跡 FMAP000073-00 / ミネルバと話す,現行参照,story.js:3203,,
932,第7段階 光の宮殿・結晶樹,メイン・イベント,結晶樹の秘跡 FMAP000073-00,CRYSTAL_TREE_SIX_ELEMENT_RITUAL,ミネルバ,どんな――,206,41/145,crystal_tree_post_clear_checkpoint,event=crystal_tree_post_clear_checkpoint; actions=IF_FLAG; 結晶樹の秘跡 FMAP000073-00 / ミネルバと話す,現行参照,story.js:3203,,
933,第7段階 光の宮殿・結晶樹,メイン・イベント,結晶樹の秘跡 FMAP000073-00,CRYSTAL_TREE_SIX_ELEMENT_RITUAL,システム,問いかけかけたミネルバは、ルーナの表情を見て止まった。,,42/145,crystal_tree_post_clear_checkpoint,event=crystal_tree_post_clear_checkpoint; actions=IF_FLAG; 結晶樹の秘跡 FMAP000073-00 / ミネルバと話す,現行参照,story.js:3203,,
934,第7段階 光の宮殿・結晶樹,メイン・イベント,結晶樹の秘跡 FMAP000073-00,CRYSTAL_TREE_SIX_ELEMENT_RITUAL,ミネルバ,……ううん。今は追わなくていい。逃げなかった分だけ、覚えといて。,206,43/145,crystal_tree_post_clear_checkpoint,event=crystal_tree_post_clear_checkpoint; actions=IF_FLAG; 結晶樹の秘跡 FMAP000073-00 / ミネルバと話す,現行参照,story.js:3203,,
935,第7段階 光の宮殿・結晶樹,メイン・イベント,結晶樹の秘跡 FMAP000073-00,CRYSTAL_TREE_SIX_ELEMENT_RITUAL,六属性秘薬・光,,,44/145,crystal_tree_post_clear_checkpoint,event=crystal_tree_post_clear_checkpoint; actions=IF_FLAG; 結晶樹の秘跡 FMAP000073-00 / ミネルバと話す,現行参照,story.js:3203,,
936,第7段階 光の宮殿・結晶樹,メイン・イベント,結晶樹の秘跡 FMAP000073-00,CRYSTAL_TREE_SIX_ELEMENT_RITUAL,システム,光の台座が灯る。木々の隙間から差すような光が器へ落ち、ばらついていた成分が一つの方向へ整っていく。,,45/145,crystal_tree_post_clear_checkpoint,event=crystal_tree_post_clear_checkpoint; actions=IF_FLAG; 結晶樹の秘跡 FMAP000073-00 / ミネルバと話す,現行参照,story.js:3203,,
937,第7段階 光の宮殿・結晶樹,メイン・イベント,結晶樹の秘跡 FMAP000073-00,CRYSTAL_TREE_SIX_ELEMENT_RITUAL,ミネルバ,光。明るくするだけじゃない。どっちへ伸びるか、教える。,206,46/145,crystal_tree_post_clear_checkpoint,event=crystal_tree_post_clear_checkpoint; actions=IF_FLAG; 結晶樹の秘跡 FMAP000073-00 / ミネルバと話す,現行参照,story.js:3203,,
938,第7段階 光の宮殿・結晶樹,メイン・イベント,結晶樹の秘跡 FMAP000073-00,CRYSTAL_TREE_SIX_ELEMENT_RITUAL,ルーナ,……あったかい。,401,47/145,crystal_tree_post_clear_checkpoint,event=crystal_tree_post_clear_checkpoint; actions=IF_FLAG; 結晶樹の秘跡 FMAP000073-00 / ミネルバと話す,現行参照,story.js:3203,,
939,第7段階 光の宮殿・結晶樹,メイン・イベント,結晶樹の秘跡 FMAP000073-00,CRYSTAL_TREE_SIX_ELEMENT_RITUAL,ルーナ,昔も……こんな光を見た気がする。木の下で……風が吹いてて……水の音がして……。,401,48/145,crystal_tree_post_clear_checkpoint,event=crystal_tree_post_clear_checkpoint; actions=IF_FLAG; 結晶樹の秘跡 FMAP000073-00 / ミネルバと話す,現行参照,story.js:3203,,
940,第7段階 光の宮殿・結晶樹,メイン・イベント,結晶樹の秘跡 FMAP000073-00,CRYSTAL_TREE_SIX_ELEMENT_RITUAL,ルーナ,……ごめんなさい。そこから先は……。,401,49/145,crystal_tree_post_clear_checkpoint,event=crystal_tree_post_clear_checkpoint; actions=IF_FLAG; 結晶樹の秘跡 FMAP000073-00 / ミネルバと話す,現行参照,story.js:3203,,
941,第7段階 光の宮殿・結晶樹,メイン・イベント,結晶樹の秘跡 FMAP000073-00,CRYSTAL_TREE_SIX_ELEMENT_RITUAL,アルス,謝らなくていい。,301,50/145,crystal_tree_post_clear_checkpoint,event=crystal_tree_post_clear_checkpoint; actions=IF_FLAG; 結晶樹の秘跡 FMAP000073-00 / ミネルバと話す,現行参照,story.js:3203,,
942,第7段階 光の宮殿・結晶樹,メイン・イベント,結晶樹の秘跡 FMAP000073-00,CRYSTAL_TREE_SIX_ELEMENT_RITUAL,ミネルバ,一個戻ったなら上出来。,206,51/145,crystal_tree_post_clear_checkpoint,event=crystal_tree_post_clear_checkpoint; actions=IF_FLAG; 結晶樹の秘跡 FMAP000073-00 / ミネルバと話す,現行参照,story.js:3203,,
943,第7段階 光の宮殿・結晶樹,メイン・イベント,結晶樹の秘跡 FMAP000073-00,CRYSTAL_TREE_SIX_ELEMENT_RITUAL,六属性秘薬・火,,,52/145,crystal_tree_post_clear_checkpoint,event=crystal_tree_post_clear_checkpoint; actions=IF_FLAG; 結晶樹の秘跡 FMAP000073-00 / ミネルバと話す,現行参照,story.js:3203,,
944,第7段階 光の宮殿・結晶樹,メイン・イベント,結晶樹の秘跡 FMAP000073-00,CRYSTAL_TREE_SIX_ELEMENT_RITUAL,システム,火の台座が灯る。器は静かに熱を帯び、素材の色が淡い金色へ変わった。,,53/145,crystal_tree_post_clear_checkpoint,event=crystal_tree_post_clear_checkpoint; actions=IF_FLAG; 結晶樹の秘跡 FMAP000073-00 / ミネルバと話す,現行参照,story.js:3203,,
945,第7段階 光の宮殿・結晶樹,メイン・イベント,結晶樹の秘跡 FMAP000073-00,CRYSTAL_TREE_SIX_ELEMENT_RITUAL,ミネルバ,火。持ってるだけじゃ使えないものを、働ける形に変える。,206,54/145,crystal_tree_post_clear_checkpoint,event=crystal_tree_post_clear_checkpoint; actions=IF_FLAG; 結晶樹の秘跡 FMAP000073-00 / ミネルバと話す,現行参照,story.js:3203,,
946,第7段階 光の宮殿・結晶樹,メイン・イベント,結晶樹の秘跡 FMAP000073-00,CRYSTAL_TREE_SIX_ELEMENT_RITUAL,シャオ,燃やすだけじゃない、と。,105,55/145,crystal_tree_post_clear_checkpoint,event=crystal_tree_post_clear_checkpoint; actions=IF_FLAG; 結晶樹の秘跡 FMAP000073-00 / ミネルバと話す,現行参照,story.js:3203,,
947,第7段階 光の宮殿・結晶樹,メイン・イベント,結晶樹の秘跡 FMAP000073-00,CRYSTAL_TREE_SIX_ELEMENT_RITUAL,ミネルバ,燃やすだけなら、料理だってだいたい炭になるよ。,206,56/145,crystal_tree_post_clear_checkpoint,event=crystal_tree_post_clear_checkpoint; actions=IF_FLAG; 結晶樹の秘跡 FMAP000073-00 / ミネルバと話す,現行参照,story.js:3203,,
948,第7段階 光の宮殿・結晶樹,メイン・イベント,結晶樹の秘跡 FMAP000073-00,CRYSTAL_TREE_SIX_ELEMENT_RITUAL,シャオ,……それはそうだな。,105,57/145,crystal_tree_post_clear_checkpoint,event=crystal_tree_post_clear_checkpoint; actions=IF_FLAG; 結晶樹の秘跡 FMAP000073-00 / ミネルバと話す,現行参照,story.js:3203,,
949,第7段階 光の宮殿・結晶樹,メイン・イベント,結晶樹の秘跡 FMAP000073-00,CRYSTAL_TREE_SIX_ELEMENT_RITUAL,六属性秘薬・雷,,,58/145,crystal_tree_post_clear_checkpoint,event=crystal_tree_post_clear_checkpoint; actions=IF_FLAG; 結晶樹の秘跡 FMAP000073-00 / ミネルバと話す,現行参照,story.js:3203,,
950,第7段階 光の宮殿・結晶樹,メイン・イベント,結晶樹の秘跡 FMAP000073-00,CRYSTAL_TREE_SIX_ELEMENT_RITUAL,システム,雷の台座へ触れた瞬間、小さな閃光。器の中が一度だけ大きく脈打ち、別々だった成分が組み替わる。,,59/145,crystal_tree_post_clear_checkpoint,event=crystal_tree_post_clear_checkpoint; actions=IF_FLAG; 結晶樹の秘跡 FMAP000073-00 / ミネルバと話す,現行参照,story.js:3203,,
951,第7段階 光の宮殿・結晶樹,メイン・イベント,結晶樹の秘跡 FMAP000073-00,CRYSTAL_TREE_SIX_ELEMENT_RITUAL,ミネルバ,雷。,206,60/145,crystal_tree_post_clear_checkpoint,event=crystal_tree_post_clear_checkpoint; actions=IF_FLAG; 結晶樹の秘跡 FMAP000073-00 / ミネルバと話す,現行参照,story.js:3203,,
952,第7段階 光の宮殿・結晶樹,メイン・イベント,結晶樹の秘跡 FMAP000073-00,CRYSTAL_TREE_SIX_ELEMENT_RITUAL,ミネルバ,これ、好き。,206,61/145,crystal_tree_post_clear_checkpoint,event=crystal_tree_post_clear_checkpoint; actions=IF_FLAG; 結晶樹の秘跡 FMAP000073-00 / ミネルバと話す,現行参照,story.js:3203,,
953,第7段階 光の宮殿・結晶樹,メイン・イベント,結晶樹の秘跡 FMAP000073-00,CRYSTAL_TREE_SIX_ELEMENT_RITUAL,ケイト,そこなんですか？,104,62/145,crystal_tree_post_clear_checkpoint,event=crystal_tree_post_clear_checkpoint; actions=IF_FLAG; 結晶樹の秘跡 FMAP000073-00 / ミネルバと話す,現行参照,story.js:3203,,
954,第7段階 光の宮殿・結晶樹,メイン・イベント,結晶樹の秘跡 FMAP000073-00,CRYSTAL_TREE_SIX_ELEMENT_RITUAL,ミネルバ,だって一瞬で変わるんだよ？　止まってたものに、きっかけを入れる。変化を起こす。,206,63/145,crystal_tree_post_clear_checkpoint,event=crystal_tree_post_clear_checkpoint; actions=IF_FLAG; 結晶樹の秘跡 FMAP000073-00 / ミネルバと話す,現行参照,story.js:3203,,
955,第7段階 光の宮殿・結晶樹,メイン・イベント,結晶樹の秘跡 FMAP000073-00,CRYSTAL_TREE_SIX_ELEMENT_RITUAL,シャオ,……できた？,105,64/145,crystal_tree_post_clear_checkpoint,event=crystal_tree_post_clear_checkpoint; actions=IF_FLAG; 結晶樹の秘跡 FMAP000073-00 / ミネルバと話す,現行参照,story.js:3203,,
956,第7段階 光の宮殿・結晶樹,メイン・イベント,結晶樹の秘跡 FMAP000073-00,CRYSTAL_TREE_SIX_ELEMENT_RITUAL,ミネルバ,まだ。,206,65/145,crystal_tree_post_clear_checkpoint,event=crystal_tree_post_clear_checkpoint; actions=IF_FLAG; 結晶樹の秘跡 FMAP000073-00 / ミネルバと話す,現行参照,story.js:3203,,
957,第7段階 光の宮殿・結晶樹,メイン・イベント,結晶樹の秘跡 FMAP000073-00,CRYSTAL_TREE_SIX_ELEMENT_RITUAL,六属性秘薬・闇,,,66/145,crystal_tree_post_clear_checkpoint,event=crystal_tree_post_clear_checkpoint; actions=IF_FLAG; 結晶樹の秘跡 FMAP000073-00 / ミネルバと話す,現行参照,story.js:3203,,
958,第7段階 光の宮殿・結晶樹,メイン・イベント,結晶樹の秘跡 FMAP000073-00,CRYSTAL_TREE_SIX_ELEMENT_RITUAL,アルス,……闇を使うのか。,301,67/145,crystal_tree_post_clear_checkpoint,event=crystal_tree_post_clear_checkpoint; actions=IF_FLAG; 結晶樹の秘跡 FMAP000073-00 / ミネルバと話す,現行参照,story.js:3203,,
959,第7段階 光の宮殿・結晶樹,メイン・イベント,結晶樹の秘跡 FMAP000073-00,CRYSTAL_TREE_SIX_ELEMENT_RITUAL,ケイト,最後に……？,104,68/145,crystal_tree_post_clear_checkpoint,event=crystal_tree_post_clear_checkpoint; actions=IF_FLAG; 結晶樹の秘跡 FMAP000073-00 / ミネルバと話す,現行参照,story.js:3203,,
960,第7段階 光の宮殿・結晶樹,メイン・イベント,結晶樹の秘跡 FMAP000073-00,CRYSTAL_TREE_SIX_ELEMENT_RITUAL,ミネルバ,使うよ。,206,69/145,crystal_tree_post_clear_checkpoint,event=crystal_tree_post_clear_checkpoint; actions=IF_FLAG; 結晶樹の秘跡 FMAP000073-00 / ミネルバと話す,現行参照,story.js:3203,,
961,第7段階 光の宮殿・結晶樹,メイン・イベント,結晶樹の秘跡 FMAP000073-00,CRYSTAL_TREE_SIX_ELEMENT_RITUAL,シャオ,本当に大丈夫なのか？,105,70/145,crystal_tree_post_clear_checkpoint,event=crystal_tree_post_clear_checkpoint; actions=IF_FLAG; 結晶樹の秘跡 FMAP000073-00 / ミネルバと話す,現行参照,story.js:3203,,
962,第7段階 光の宮殿・結晶樹,メイン・イベント,結晶樹の秘跡 FMAP000073-00,CRYSTAL_TREE_SIX_ELEMENT_RITUAL,ミネルバ,だから見るんでしょ。,206,71/145,crystal_tree_post_clear_checkpoint,event=crystal_tree_post_clear_checkpoint; actions=IF_FLAG; 結晶樹の秘跡 FMAP000073-00 / ミネルバと話す,現行参照,story.js:3203,,
963,第7段階 光の宮殿・結晶樹,メイン・イベント,結晶樹の秘跡 FMAP000073-00,CRYSTAL_TREE_SIX_ELEMENT_RITUAL,システム,黒紫の光が器へ届く。液体は黒くならない。激しく発光していた五つの反応が静まり、熱も香りも穏やかになっていく。,,72/145,crystal_tree_post_clear_checkpoint,event=crystal_tree_post_clear_checkpoint; actions=IF_FLAG; 結晶樹の秘跡 FMAP000073-00 / ミネルバと話す,現行参照,story.js:3203,,
964,第7段階 光の宮殿・結晶樹,メイン・イベント,結晶樹の秘跡 FMAP000073-00,CRYSTAL_TREE_SIX_ELEMENT_RITUAL,システム,最後に残ったのは、澄んだ淡い銀色の液体だった。,,73/145,crystal_tree_post_clear_checkpoint,event=crystal_tree_post_clear_checkpoint; actions=IF_FLAG; 結晶樹の秘跡 FMAP000073-00 / ミネルバと話す,現行参照,story.js:3203,,
965,第7段階 光の宮殿・結晶樹,メイン・イベント,結晶樹の秘跡 FMAP000073-00,CRYSTAL_TREE_SIX_ELEMENT_RITUAL,ケイト,……安定した。,104,74/145,crystal_tree_post_clear_checkpoint,event=crystal_tree_post_clear_checkpoint; actions=IF_FLAG; 結晶樹の秘跡 FMAP000073-00 / ミネルバと話す,現行参照,story.js:3203,,
966,第7段階 光の宮殿・結晶樹,メイン・イベント,結晶樹の秘跡 FMAP000073-00,CRYSTAL_TREE_SIX_ELEMENT_RITUAL,シャオ,闇で……？,105,75/145,crystal_tree_post_clear_checkpoint,event=crystal_tree_post_clear_checkpoint; actions=IF_FLAG; 結晶樹の秘跡 FMAP000073-00 / ミネルバと話す,現行参照,story.js:3203,,
967,第7段階 光の宮殿・結晶樹,メイン・イベント,結晶樹の秘跡 FMAP000073-00,CRYSTAL_TREE_SIX_ELEMENT_RITUAL,ミネルバ,完成。,206,76/145,crystal_tree_post_clear_checkpoint,event=crystal_tree_post_clear_checkpoint; actions=IF_FLAG; 結晶樹の秘跡 FMAP000073-00 / ミネルバと話す,現行参照,story.js:3203,,
968,第7段階 光の宮殿・結晶樹,メイン・イベント,結晶樹の秘跡 FMAP000073-00,CRYSTAL_TREE_SIX_ELEMENT_RITUAL,アルス,闇が最後だから？,301,77/145,crystal_tree_post_clear_checkpoint,event=crystal_tree_post_clear_checkpoint; actions=IF_FLAG; 結晶樹の秘跡 FMAP000073-00 / ミネルバと話す,現行参照,story.js:3203,,
969,第7段階 光の宮殿・結晶樹,メイン・イベント,結晶樹の秘跡 FMAP000073-00,CRYSTAL_TREE_SIX_ELEMENT_RITUAL,ミネルバ,うん。動き続けたら、壊れるでしょ。,206,78/145,crystal_tree_post_clear_checkpoint,event=crystal_tree_post_clear_checkpoint; actions=IF_FLAG; 結晶樹の秘跡 FMAP000073-00 / ミネルバと話す,現行参照,story.js:3203,,
970,第7段階 光の宮殿・結晶樹,メイン・イベント,結晶樹の秘跡 FMAP000073-00,CRYSTAL_TREE_SIX_ELEMENT_RITUAL,ミネルバ,休ませる。ほどく。次に渡せるところまで戻す。,206,79/145,crystal_tree_post_clear_checkpoint,event=crystal_tree_post_clear_checkpoint; actions=IF_FLAG; 結晶樹の秘跡 FMAP000073-00 / ミネルバと話す,現行参照,story.js:3203,,
971,第7段階 光の宮殿・結晶樹,メイン・イベント,結晶樹の秘跡 FMAP000073-00,CRYSTAL_TREE_SIX_ELEMENT_RITUAL,ミネルバ,闇は、そういう仕事。,206,80/145,crystal_tree_post_clear_checkpoint,event=crystal_tree_post_clear_checkpoint; actions=IF_FLAG; 結晶樹の秘跡 FMAP000073-00 / ミネルバと話す,現行参照,story.js:3203,,
972,第7段階 光の宮殿・結晶樹,メイン・イベント,結晶樹の秘跡 FMAP000073-00,CRYSTAL_TREE_SIX_ELEMENT_RITUAL,シャオ,でも、私たちは……。,105,81/145,crystal_tree_post_clear_checkpoint,event=crystal_tree_post_clear_checkpoint; actions=IF_FLAG; 結晶樹の秘跡 FMAP000073-00 / ミネルバと話す,現行参照,story.js:3203,,
973,第7段階 光の宮殿・結晶樹,メイン・イベント,結晶樹の秘跡 FMAP000073-00,CRYSTAL_TREE_SIX_ELEMENT_RITUAL,ミネルバ,私も何度も見たよ。支配するか。命令へ逆らえなくするか。意志へ割り込むか。,206,82/145,crystal_tree_post_clear_checkpoint,event=crystal_tree_post_clear_checkpoint; actions=IF_FLAG; 結晶樹の秘跡 FMAP000073-00 / ミネルバと話す,現行参照,story.js:3203,,
974,第7段階 光の宮殿・結晶樹,メイン・イベント,結晶樹の秘跡 FMAP000073-00,CRYSTAL_TREE_SIX_ELEMENT_RITUAL,ミネルバ,正常な闇には、そういう反応がない。,206,83/145,crystal_tree_post_clear_checkpoint,event=crystal_tree_post_clear_checkpoint; actions=IF_FLAG; 結晶樹の秘跡 FMAP000073-00 / ミネルバと話す,現行参照,story.js:3203,,
975,第7段階 光の宮殿・結晶樹,メイン・イベント,結晶樹の秘跡 FMAP000073-00,CRYSTAL_TREE_SIX_ELEMENT_RITUAL,ケイト,じゃあ……今まで見た、黒いものは……。,104,84/145,crystal_tree_post_clear_checkpoint,event=crystal_tree_post_clear_checkpoint; actions=IF_FLAG; 結晶樹の秘跡 FMAP000073-00 / ミネルバと話す,現行参照,story.js:3203,,
976,第7段階 光の宮殿・結晶樹,メイン・イベント,結晶樹の秘跡 FMAP000073-00,CRYSTAL_TREE_SIX_ELEMENT_RITUAL,ミネルバ,知らない。,206,85/145,crystal_tree_post_clear_checkpoint,event=crystal_tree_post_clear_checkpoint; actions=IF_FLAG; 結晶樹の秘跡 FMAP000073-00 / ミネルバと話す,現行参照,story.js:3203,,
977,第7段階 光の宮殿・結晶樹,メイン・イベント,結晶樹の秘跡 FMAP000073-00,CRYSTAL_TREE_SIX_ELEMENT_RITUAL,シャオ,知らないのか。,105,86/145,crystal_tree_post_clear_checkpoint,event=crystal_tree_post_clear_checkpoint; actions=IF_FLAG; 結晶樹の秘跡 FMAP000073-00 / ミネルバと話す,現行参照,story.js:3203,,
978,第7段階 光の宮殿・結晶樹,メイン・イベント,結晶樹の秘跡 FMAP000073-00,CRYSTAL_TREE_SIX_ELEMENT_RITUAL,ミネルバ,黒いから闇、って決める方が雑だよ。,206,87/145,crystal_tree_post_clear_checkpoint,event=crystal_tree_post_clear_checkpoint; actions=IF_FLAG; 結晶樹の秘跡 FMAP000073-00 / ミネルバと話す,現行参照,story.js:3203,,
979,第7段階 光の宮殿・結晶樹,メイン・イベント,結晶樹の秘跡 FMAP000073-00,CRYSTAL_TREE_SIX_ELEMENT_RITUAL,ミネルバ,分からないものが増えた。いいね。,206,88/145,crystal_tree_post_clear_checkpoint,event=crystal_tree_post_clear_checkpoint; actions=IF_FLAG; 結晶樹の秘跡 FMAP000073-00 / ミネルバと話す,現行参照,story.js:3203,,
980,第7段階 光の宮殿・結晶樹,メイン・イベント,結晶樹の秘跡 FMAP000073-00,CRYSTAL_TREE_SIX_ELEMENT_RITUAL,シャオ,よくない。,105,89/145,crystal_tree_post_clear_checkpoint,event=crystal_tree_post_clear_checkpoint; actions=IF_FLAG; 結晶樹の秘跡 FMAP000073-00 / ミネルバと話す,現行参照,story.js:3203,,
981,第7段階 光の宮殿・結晶樹,メイン・イベント,結晶樹の秘跡 FMAP000073-00,CRYSTAL_TREE_SIX_ELEMENT_RITUAL,ミネルバ,まずレオン。,206,90/145,crystal_tree_post_clear_checkpoint,event=crystal_tree_post_clear_checkpoint; actions=IF_FLAG; 結晶樹の秘跡 FMAP000073-00 / ミネルバと話す,現行参照,story.js:3203,,
982,第7段階 光の宮殿・結晶樹,メイン・イベント,結晶樹の秘跡 FMAP000073-00,CRYSTAL_TREE_SIX_ELEMENT_RITUAL,アルス,先にルーナじゃなくていいのか？,301,91/145,crystal_tree_post_clear_checkpoint,event=crystal_tree_post_clear_checkpoint; actions=IF_FLAG; 結晶樹の秘跡 FMAP000073-00 / ミネルバと話す,現行参照,story.js:3203,,
983,第7段階 光の宮殿・結晶樹,メイン・イベント,結晶樹の秘跡 FMAP000073-00,CRYSTAL_TREE_SIX_ELEMENT_RITUAL,ミネルバ,レオンの方が今は深い。それに、こっちで効き方を見ればルーナの量を変えられる。,206,92/145,crystal_tree_post_clear_checkpoint,event=crystal_tree_post_clear_checkpoint; actions=IF_FLAG; 結晶樹の秘跡 FMAP000073-00 / ミネルバと話す,現行参照,story.js:3203,,
984,第7段階 光の宮殿・結晶樹,メイン・イベント,結晶樹の秘跡 FMAP000073-00,CRYSTAL_TREE_SIX_ELEMENT_RITUAL,シャオ,やっぱり試してるじゃないか。,105,93/145,crystal_tree_post_clear_checkpoint,event=crystal_tree_post_clear_checkpoint; actions=IF_FLAG; 結晶樹の秘跡 FMAP000073-00 / ミネルバと話す,現行参照,story.js:3203,,
985,第7段階 光の宮殿・結晶樹,メイン・イベント,結晶樹の秘跡 FMAP000073-00,CRYSTAL_TREE_SIX_ELEMENT_RITUAL,ミネルバ,治すための試し方はするよ。,206,94/145,crystal_tree_post_clear_checkpoint,event=crystal_tree_post_clear_checkpoint; actions=IF_FLAG; 結晶樹の秘跡 FMAP000073-00 / ミネルバと話す,現行参照,story.js:3203,,
986,第7段階 光の宮殿・結晶樹,メイン・イベント,結晶樹の秘跡 FMAP000073-00,CRYSTAL_TREE_SIX_ELEMENT_RITUAL,システム,秘薬を少しずつ飲ませると、レオンの呼吸が深くなり、冷えていた手へ血色が戻っていく。強張っていた指から力が抜けた。,,95/145,crystal_tree_post_clear_checkpoint,event=crystal_tree_post_clear_checkpoint; actions=IF_FLAG; 結晶樹の秘跡 FMAP000073-00 / ミネルバと話す,現行参照,story.js:3203,,
987,第7段階 光の宮殿・結晶樹,メイン・イベント,結晶樹の秘跡 FMAP000073-00,CRYSTAL_TREE_SIX_ELEMENT_RITUAL,ミネルバ,……うん。,206,96/145,crystal_tree_post_clear_checkpoint,event=crystal_tree_post_clear_checkpoint; actions=IF_FLAG; 結晶樹の秘跡 FMAP000073-00 / ミネルバと話す,現行参照,story.js:3203,,
988,第7段階 光の宮殿・結晶樹,メイン・イベント,結晶樹の秘跡 FMAP000073-00,CRYSTAL_TREE_SIX_ELEMENT_RITUAL,ケイト,戻ってます。,104,97/145,crystal_tree_post_clear_checkpoint,event=crystal_tree_post_clear_checkpoint; actions=IF_FLAG; 結晶樹の秘跡 FMAP000073-00 / ミネルバと話す,現行参照,story.js:3203,,
989,第7段階 光の宮殿・結晶樹,メイン・イベント,結晶樹の秘跡 FMAP000073-00,CRYSTAL_TREE_SIX_ELEMENT_RITUAL,レオン,……ここは……。,305,98/145,crystal_tree_post_clear_checkpoint,event=crystal_tree_post_clear_checkpoint; actions=IF_FLAG; 結晶樹の秘跡 FMAP000073-00 / ミネルバと話す,現行参照,story.js:3203,,
990,第7段階 光の宮殿・結晶樹,メイン・イベント,結晶樹の秘跡 FMAP000073-00,CRYSTAL_TREE_SIX_ELEMENT_RITUAL,レオン,レイラは。,305,99/145,crystal_tree_post_clear_checkpoint,event=crystal_tree_post_clear_checkpoint; actions=IF_FLAG; 結晶樹の秘跡 FMAP000073-00 / ミネルバと話す,現行参照,story.js:3203,,
991,第7段階 光の宮殿・結晶樹,メイン・イベント,結晶樹の秘跡 FMAP000073-00,CRYSTAL_TREE_SIX_ELEMENT_RITUAL,ミネルバ,あなたより先に治ってる。,206,100/145,crystal_tree_post_clear_checkpoint,event=crystal_tree_post_clear_checkpoint; actions=IF_FLAG; 結晶樹の秘跡 FMAP000073-00 / ミネルバと話す,現行参照,story.js:3203,,
992,第7段階 光の宮殿・結晶樹,メイン・イベント,結晶樹の秘跡 FMAP000073-00,CRYSTAL_TREE_SIX_ELEMENT_RITUAL,レオン,……そうか。,305,101/145,crystal_tree_post_clear_checkpoint,event=crystal_tree_post_clear_checkpoint; actions=IF_FLAG; 結晶樹の秘跡 FMAP000073-00 / ミネルバと話す,現行参照,story.js:3203,,
993,第7段階 光の宮殿・結晶樹,メイン・イベント,結晶樹の秘跡 FMAP000073-00,CRYSTAL_TREE_SIX_ELEMENT_RITUAL,ミネルバ,起きなくていい。今やっと、ちゃんと休めてるんだから。,206,102/145,crystal_tree_post_clear_checkpoint,event=crystal_tree_post_clear_checkpoint; actions=IF_FLAG; 結晶樹の秘跡 FMAP000073-00 / ミネルバと話す,現行参照,story.js:3203,,
994,第7段階 光の宮殿・結晶樹,メイン・イベント,結晶樹の秘跡 FMAP000073-00,CRYSTAL_TREE_SIX_ELEMENT_RITUAL,システム,レオンは再び目を閉じた。今度の眠りは衰弱ではなく、静かな休息に見えた。,,103/145,crystal_tree_post_clear_checkpoint,event=crystal_tree_post_clear_checkpoint; actions=IF_FLAG; 結晶樹の秘跡 FMAP000073-00 / ミネルバと話す,現行参照,story.js:3203,,
995,第7段階 光の宮殿・結晶樹,メイン・イベント,結晶樹の秘跡 FMAP000073-00,CRYSTAL_TREE_SIX_ELEMENT_RITUAL,ミネルバ,次、ルーナ。,206,104/145,crystal_tree_post_clear_checkpoint,event=crystal_tree_post_clear_checkpoint; actions=IF_FLAG; 結晶樹の秘跡 FMAP000073-00 / ミネルバと話す,現行参照,story.js:3203,,
996,第7段階 光の宮殿・結晶樹,メイン・イベント,結晶樹の秘跡 FMAP000073-00,CRYSTAL_TREE_SIX_ELEMENT_RITUAL,ルーナ,これを飲めば……元の力も戻りますか？,401,105/145,crystal_tree_post_clear_checkpoint,event=crystal_tree_post_clear_checkpoint; actions=IF_FLAG; 結晶樹の秘跡 FMAP000073-00 / ミネルバと話す,現行参照,story.js:3203,,
997,第7段階 光の宮殿・結晶樹,メイン・イベント,結晶樹の秘跡 FMAP000073-00,CRYSTAL_TREE_SIX_ELEMENT_RITUAL,ミネルバ,そこは別。奪われたものを、薬で作り直すことはできない。,206,106/145,crystal_tree_post_clear_checkpoint,event=crystal_tree_post_clear_checkpoint; actions=IF_FLAG; 結晶樹の秘跡 FMAP000073-00 / ミネルバと話す,現行参照,story.js:3203,,
998,第7段階 光の宮殿・結晶樹,メイン・イベント,結晶樹の秘跡 FMAP000073-00,CRYSTAL_TREE_SIX_ELEMENT_RITUAL,ミネルバ,でも、身体が前へ進めないように絡められてるところは戻せる。今のままだと、力を取り戻しても身体の方が受け取れないから。,206,107/145,crystal_tree_post_clear_checkpoint,event=crystal_tree_post_clear_checkpoint; actions=IF_FLAG; 結晶樹の秘跡 FMAP000073-00 / ミネルバと話す,現行参照,story.js:3203,,
999,第7段階 光の宮殿・結晶樹,メイン・イベント,結晶樹の秘跡 FMAP000073-00,CRYSTAL_TREE_SIX_ELEMENT_RITUAL,ルーナ,……分かりました。,401,108/145,crystal_tree_post_clear_checkpoint,event=crystal_tree_post_clear_checkpoint; actions=IF_FLAG; 結晶樹の秘跡 FMAP000073-00 / ミネルバと話す,現行参照,story.js:3203,,
1000,第7段階 光の宮殿・結晶樹,メイン・イベント,結晶樹の秘跡 FMAP000073-00,CRYSTAL_TREE_SIX_ELEMENT_RITUAL,システム,ルーナが秘薬を飲む。最初に、深く息を吸えた。肩の力が抜け、指先から頬、足へゆっくり温度が戻っていく。,,109/145,crystal_tree_post_clear_checkpoint,event=crystal_tree_post_clear_checkpoint; actions=IF_FLAG; 結晶樹の秘跡 FMAP000073-00 / ミネルバと話す,現行参照,story.js:3203,,
1001,第7段階 光の宮殿・結晶樹,メイン・イベント,結晶樹の秘跡 FMAP000073-00,CRYSTAL_TREE_SIX_ELEMENT_RITUAL,ルーナ,……軽い。,401,110/145,crystal_tree_post_clear_checkpoint,event=crystal_tree_post_clear_checkpoint; actions=IF_FLAG; 結晶樹の秘跡 FMAP000073-00 / ミネルバと話す,現行参照,story.js:3203,,
1002,第7段階 光の宮殿・結晶樹,メイン・イベント,結晶樹の秘跡 FMAP000073-00,CRYSTAL_TREE_SIX_ELEMENT_RITUAL,ルーナ,足が……ちゃんと、自分のものみたいです。,401,111/145,crystal_tree_post_clear_checkpoint,event=crystal_tree_post_clear_checkpoint; actions=IF_FLAG; 結晶樹の秘跡 FMAP000073-00 / ミネルバと話す,現行参照,story.js:3203,,
1003,第7段階 光の宮殿・結晶樹,メイン・イベント,結晶樹の秘跡 FMAP000073-00,CRYSTAL_TREE_SIX_ELEMENT_RITUAL,システム,ルーナは中央へ落ちる木漏れ日を見つめ、また目を閉じた。,,112/145,crystal_tree_post_clear_checkpoint,event=crystal_tree_post_clear_checkpoint; actions=IF_FLAG; 結晶樹の秘跡 FMAP000073-00 / ミネルバと話す,現行参照,story.js:3203,,
1004,第7段階 光の宮殿・結晶樹,メイン・イベント,結晶樹の秘跡 FMAP000073-00,CRYSTAL_TREE_SIX_ELEMENT_RITUAL,システム,朝露。葉の隙間から落ちる暖かな光。小さな水路。風に揺れる白い祈り布。炊事の火の匂い。,,113/145,crystal_tree_post_clear_checkpoint,event=crystal_tree_post_clear_checkpoint; actions=IF_FLAG; 結晶樹の秘跡 FMAP000073-00 / ミネルバと話す,現行参照,story.js:3203,,
1005,第7段階 光の宮殿・結晶樹,メイン・イベント,結晶樹の秘跡 FMAP000073-00,CRYSTAL_TREE_SIX_ELEMENT_RITUAL,ルーナ,村……。,401,114/145,crystal_tree_post_clear_checkpoint,event=crystal_tree_post_clear_checkpoint; actions=IF_FLAG; 結晶樹の秘跡 FMAP000073-00 / ミネルバと話す,現行参照,story.js:3203,,
1006,第7段階 光の宮殿・結晶樹,メイン・イベント,結晶樹の秘跡 FMAP000073-00,CRYSTAL_TREE_SIX_ELEMENT_RITUAL,ルーナ,小さな村です。光が、すごく綺麗で……でも、眩しいんじゃなくて。,401,115/145,crystal_tree_post_clear_checkpoint,event=crystal_tree_post_clear_checkpoint; actions=IF_FLAG; 結晶樹の秘跡 FMAP000073-00 / ミネルバと話す,現行参照,story.js:3203,,
1007,第7段階 光の宮殿・結晶樹,メイン・イベント,結晶樹の秘跡 FMAP000073-00,CRYSTAL_TREE_SIX_ELEMENT_RITUAL,ルーナ,……あったかかった。,401,116/145,crystal_tree_post_clear_checkpoint,event=crystal_tree_post_clear_checkpoint; actions=IF_FLAG; 結晶樹の秘跡 FMAP000073-00 / ミネルバと話す,現行参照,story.js:3203,,
1008,第7段階 光の宮殿・結晶樹,メイン・イベント,結晶樹の秘跡 FMAP000073-00,CRYSTAL_TREE_SIX_ELEMENT_RITUAL,ルーナ,それしか……まだ。,401,117/145,crystal_tree_post_clear_checkpoint,event=crystal_tree_post_clear_checkpoint; actions=IF_FLAG; 結晶樹の秘跡 FMAP000073-00 / ミネルバと話す,現行参照,story.js:3203,,
1009,第7段階 光の宮殿・結晶樹,メイン・イベント,結晶樹の秘跡 FMAP000073-00,CRYSTAL_TREE_SIX_ELEMENT_RITUAL,アルス,それでいい。,301,118/145,crystal_tree_post_clear_checkpoint,event=crystal_tree_post_clear_checkpoint; actions=IF_FLAG; 結晶樹の秘跡 FMAP000073-00 / ミネルバと話す,現行参照,story.js:3203,,
1010,第7段階 光の宮殿・結晶樹,メイン・イベント,結晶樹の秘跡 FMAP000073-00,CRYSTAL_TREE_SIX_ELEMENT_RITUAL,ケイト,ミネルバさん。さっき言った、無理やり一つへ寄せたって……。,104,119/145,crystal_tree_post_clear_checkpoint,event=crystal_tree_post_clear_checkpoint; actions=IF_FLAG; 結晶樹の秘跡 FMAP000073-00 / ミネルバと話す,現行参照,story.js:3203,,
1011,第7段階 光の宮殿・結晶樹,メイン・イベント,結晶樹の秘跡 FMAP000073-00,CRYSTAL_TREE_SIX_ELEMENT_RITUAL,ケイト,あのプリズム統合と、同じことを……人に？,104,120/145,crystal_tree_post_clear_checkpoint,event=crystal_tree_post_clear_checkpoint; actions=IF_FLAG; 結晶樹の秘跡 FMAP000073-00 / ミネルバと話す,現行参照,story.js:3203,,
1012,第7段階 光の宮殿・結晶樹,メイン・イベント,結晶樹の秘跡 FMAP000073-00,CRYSTAL_TREE_SIX_ELEMENT_RITUAL,ミネルバ,同じ、とまでは言わない。でも痕跡は似てる。六つが役目を譲らず、同じ場所へ固まりかけてた。,206,121/145,crystal_tree_post_clear_checkpoint,event=crystal_tree_post_clear_checkpoint; actions=IF_FLAG; 結晶樹の秘跡 FMAP000073-00 / ミネルバと話す,現行参照,story.js:3203,,
1013,第7段階 光の宮殿・結晶樹,メイン・イベント,結晶樹の秘跡 FMAP000073-00,CRYSTAL_TREE_SIX_ELEMENT_RITUAL,アルス,それをジャスパーが三人に……。,301,122/145,crystal_tree_post_clear_checkpoint,event=crystal_tree_post_clear_checkpoint; actions=IF_FLAG; 結晶樹の秘跡 FMAP000073-00 / ミネルバと話す,現行参照,story.js:3203,,
1014,第7段階 光の宮殿・結晶樹,メイン・イベント,結晶樹の秘跡 FMAP000073-00,CRYSTAL_TREE_SIX_ELEMENT_RITUAL,ミネルバ,力を奪うついでにね。,206,123/145,crystal_tree_post_clear_checkpoint,event=crystal_tree_post_clear_checkpoint; actions=IF_FLAG; 結晶樹の秘跡 FMAP000073-00 / ミネルバと話す,現行参照,story.js:3203,,
1015,第7段階 光の宮殿・結晶樹,メイン・イベント,結晶樹の秘跡 FMAP000073-00,CRYSTAL_TREE_SIX_ELEMENT_RITUAL,シャオ,じゃあ、あいつらが使ってた黒い力は何なんだ。,105,124/145,crystal_tree_post_clear_checkpoint,event=crystal_tree_post_clear_checkpoint; actions=IF_FLAG; 結晶樹の秘跡 FMAP000073-00 / ミネルバと話す,現行参照,story.js:3203,,
1016,第7段階 光の宮殿・結晶樹,メイン・イベント,結晶樹の秘跡 FMAP000073-00,CRYSTAL_TREE_SIX_ELEMENT_RITUAL,ミネルバ,だから、それはまだ分からない。,206,125/145,crystal_tree_post_clear_checkpoint,event=crystal_tree_post_clear_checkpoint; actions=IF_FLAG; 結晶樹の秘跡 FMAP000073-00 / ミネルバと話す,現行参照,story.js:3203,,
1017,第7段階 光の宮殿・結晶樹,メイン・イベント,結晶樹の秘跡 FMAP000073-00,CRYSTAL_TREE_SIX_ELEMENT_RITUAL,シャオ,魔王軍は？,105,126/145,crystal_tree_post_clear_checkpoint,event=crystal_tree_post_clear_checkpoint; actions=IF_FLAG; 結晶樹の秘跡 FMAP000073-00 / ミネルバと話す,現行参照,story.js:3203,,
1018,第7段階 光の宮殿・結晶樹,メイン・イベント,結晶樹の秘跡 FMAP000073-00,CRYSTAL_TREE_SIX_ELEMENT_RITUAL,ミネルバ,それも別の話。さっき私たちへ剣を向けた。それは事実。,206,127/145,crystal_tree_post_clear_checkpoint,event=crystal_tree_post_clear_checkpoint; actions=IF_FLAG; 結晶樹の秘跡 FMAP000073-00 / ミネルバと話す,現行参照,story.js:3203,,
1019,第7段階 光の宮殿・結晶樹,メイン・イベント,結晶樹の秘跡 FMAP000073-00,CRYSTAL_TREE_SIX_ELEMENT_RITUAL,ミネルバ,でも、“闇だから人を操る”は違う。ここまでなら、言える。,206,128/145,crystal_tree_post_clear_checkpoint,event=crystal_tree_post_clear_checkpoint; actions=IF_FLAG; 結晶樹の秘跡 FMAP000073-00 / ミネルバと話す,現行参照,story.js:3203,,
1020,第7段階 光の宮殿・結晶樹,メイン・イベント,結晶樹の秘跡 FMAP000073-00,CRYSTAL_TREE_SIX_ELEMENT_RITUAL,シャオ,……私は、まだあいつらを信用しない。,105,129/145,crystal_tree_post_clear_checkpoint,event=crystal_tree_post_clear_checkpoint; actions=IF_FLAG; 結晶樹の秘跡 FMAP000073-00 / ミネルバと話す,現行参照,story.js:3203,,
1021,第7段階 光の宮殿・結晶樹,メイン・イベント,結晶樹の秘跡 FMAP000073-00,CRYSTAL_TREE_SIX_ELEMENT_RITUAL,アルス,俺もだ。,301,130/145,crystal_tree_post_clear_checkpoint,event=crystal_tree_post_clear_checkpoint; actions=IF_FLAG; 結晶樹の秘跡 FMAP000073-00 / ミネルバと話す,現行参照,story.js:3203,,
1022,第7段階 光の宮殿・結晶樹,メイン・イベント,結晶樹の秘跡 FMAP000073-00,CRYSTAL_TREE_SIX_ELEMENT_RITUAL,シャオ,でも……闇だからってだけで決めるのも、違うんだな。,105,131/145,crystal_tree_post_clear_checkpoint,event=crystal_tree_post_clear_checkpoint; actions=IF_FLAG; 結晶樹の秘跡 FMAP000073-00 / ミネルバと話す,現行参照,story.js:3203,,
1023,第7段階 光の宮殿・結晶樹,メイン・イベント,結晶樹の秘跡 FMAP000073-00,CRYSTAL_TREE_SIX_ELEMENT_RITUAL,アルス,闇のプリズムは、魔王城にある。,301,132/145,crystal_tree_post_clear_checkpoint,event=crystal_tree_post_clear_checkpoint; actions=IF_FLAG; 結晶樹の秘跡 FMAP000073-00 / ミネルバと話す,現行参照,story.js:3203,,
1024,第7段階 光の宮殿・結晶樹,メイン・イベント,結晶樹の秘跡 FMAP000073-00,CRYSTAL_TREE_SIX_ELEMENT_RITUAL,ケイト,もし本当に、闇そのものが原因じゃないなら……。,104,133/145,crystal_tree_post_clear_checkpoint,event=crystal_tree_post_clear_checkpoint; actions=IF_FLAG; 結晶樹の秘跡 FMAP000073-00 / ミネルバと話す,現行参照,story.js:3203,,
1025,第7段階 光の宮殿・結晶樹,メイン・イベント,結晶樹の秘跡 FMAP000073-00,CRYSTAL_TREE_SIX_ELEMENT_RITUAL,アルス,見に行く。壊れてるのか。使われてるのか。それとも――。,301,134/145,crystal_tree_post_clear_checkpoint,event=crystal_tree_post_clear_checkpoint; actions=IF_FLAG; 結晶樹の秘跡 FMAP000073-00 / ミネルバと話す,現行参照,story.js:3203,,
1026,第7段階 光の宮殿・結晶樹,メイン・イベント,結晶樹の秘跡 FMAP000073-00,CRYSTAL_TREE_SIX_ELEMENT_RITUAL,シャオ,守られてるのか。,105,135/145,crystal_tree_post_clear_checkpoint,event=crystal_tree_post_clear_checkpoint; actions=IF_FLAG; 結晶樹の秘跡 FMAP000073-00 / ミネルバと話す,現行参照,story.js:3203,,
1027,第7段階 光の宮殿・結晶樹,メイン・イベント,結晶樹の秘跡 FMAP000073-00,CRYSTAL_TREE_SIX_ELEMENT_RITUAL,アルス,自分の目で確かめる。,301,136/145,crystal_tree_post_clear_checkpoint,event=crystal_tree_post_clear_checkpoint; actions=IF_FLAG; 結晶樹の秘跡 FMAP000073-00 / ミネルバと話す,現行参照,story.js:3203,,
1028,第7段階 光の宮殿・結晶樹,メイン・イベント,結晶樹の秘跡 FMAP000073-00,CRYSTAL_TREE_SIX_ELEMENT_RITUAL,ルーナ,私も行きます。,401,137/145,crystal_tree_post_clear_checkpoint,event=crystal_tree_post_clear_checkpoint; actions=IF_FLAG; 結晶樹の秘跡 FMAP000073-00 / ミネルバと話す,現行参照,story.js:3203,,
1029,第7段階 光の宮殿・結晶樹,メイン・イベント,結晶樹の秘跡 FMAP000073-00,CRYSTAL_TREE_SIX_ELEMENT_RITUAL,アルス,身体は――。,301,138/145,crystal_tree_post_clear_checkpoint,event=crystal_tree_post_clear_checkpoint; actions=IF_FLAG; 結晶樹の秘跡 FMAP000073-00 / ミネルバと話す,現行参照,story.js:3203,,
1030,第7段階 光の宮殿・結晶樹,メイン・イベント,結晶樹の秘跡 FMAP000073-00,CRYSTAL_TREE_SIX_ELEMENT_RITUAL,ルーナ,まだ、分からないことばかりです。私の力を奪った人たちのことも、私を連れて行こうとした魔族の人たちのことも。,401,139/145,crystal_tree_post_clear_checkpoint,event=crystal_tree_post_clear_checkpoint; actions=IF_FLAG; 結晶樹の秘跡 FMAP000073-00 / ミネルバと話す,現行参照,story.js:3203,,
1031,第7段階 光の宮殿・結晶樹,メイン・イベント,結晶樹の秘跡 FMAP000073-00,CRYSTAL_TREE_SIX_ELEMENT_RITUAL,ルーナ,だから今度は、自分で見たいです。,401,140/145,crystal_tree_post_clear_checkpoint,event=crystal_tree_post_clear_checkpoint; actions=IF_FLAG; 結晶樹の秘跡 FMAP000073-00 / ミネルバと話す,現行参照,story.js:3203,,
1032,第7段階 光の宮殿・結晶樹,メイン・イベント,結晶樹の秘跡 FMAP000073-00,CRYSTAL_TREE_SIX_ELEMENT_RITUAL,シャオ,お前は来ないのか？,105,141/145,crystal_tree_post_clear_checkpoint,event=crystal_tree_post_clear_checkpoint; actions=IF_FLAG; 結晶樹の秘跡 FMAP000073-00 / ミネルバと話す,現行参照,story.js:3203,,
1033,第7段階 光の宮殿・結晶樹,メイン・イベント,結晶樹の秘跡 FMAP000073-00,CRYSTAL_TREE_SIX_ELEMENT_RITUAL,ミネルバ,私はこっち。こんなの見つけた直後に帰れると思う？,206,142/145,crystal_tree_post_clear_checkpoint,event=crystal_tree_post_clear_checkpoint; actions=IF_FLAG; 結晶樹の秘跡 FMAP000073-00 / ミネルバと話す,現行参照,story.js:3203,,
1034,第7段階 光の宮殿・結晶樹,メイン・イベント,結晶樹の秘跡 FMAP000073-00,CRYSTAL_TREE_SIX_ELEMENT_RITUAL,シャオ,……聞いた私が悪かった。,105,143/145,crystal_tree_post_clear_checkpoint,event=crystal_tree_post_clear_checkpoint; actions=IF_FLAG; 結晶樹の秘跡 FMAP000073-00 / ミネルバと話す,現行参照,story.js:3203,,
1035,第7段階 光の宮殿・結晶樹,メイン・イベント,結晶樹の秘跡 FMAP000073-00,CRYSTAL_TREE_SIX_ELEMENT_RITUAL,ミネルバ,闇のプリズム、ちゃんと見てきて。人の話じゃなくて、自分の目で。,206,144/145,crystal_tree_post_clear_checkpoint,event=crystal_tree_post_clear_checkpoint; actions=IF_FLAG; 結晶樹の秘跡 FMAP000073-00 / ミネルバと話す,現行参照,story.js:3203,,
1036,第7段階 光の宮殿・結晶樹,メイン・イベント,結晶樹の秘跡 FMAP000073-00,CRYSTAL_TREE_SIX_ELEMENT_RITUAL,六属性秘薬・演出終了,,,145/145,crystal_tree_post_clear_checkpoint,event=crystal_tree_post_clear_checkpoint; actions=IF_FLAG; 結晶樹の秘跡 FMAP000073-00 / ミネルバと話す,現行参照,story.js:3203,,
1037,第7段階 光の宮殿・結晶樹,メイン・イベント,結晶樹の秘跡 FMAP000073-00,CRYSTAL_TREE_POST_RITUAL_REPEAT,ミネルバ,私はもう少しここを見るよ。闇のプリズムは、人の話じゃなくて自分の目で確かめてきて。,206,1/1,crystal_tree_post_clear_checkpoint,event=crystal_tree_post_clear_checkpoint; actions=IF_FLAG; 結晶樹の秘跡 FMAP000073-00 / ミネルバと話す,現行参照,story.js:4019,,
1038,第7段階 光の宮殿・結晶樹,メイン・イベント,結晶樹の秘跡 FMAP000073-00,CRYSTAL_TREE_GALVANIA_RUMBLE,システム,そのとき――遠く西の方角から、地面を震わせるような轟音が響いた。,,1/4,crystal_tree_post_clear_checkpoint,event=crystal_tree_post_clear_checkpoint; actions=IF_FLAG; 結晶樹の秘跡 FMAP000073-00 / ミネルバと話す,現行参照,story.js:4235,,
1039,第7段階 光の宮殿・結晶樹,メイン・イベント,結晶樹の秘跡 FMAP000073-00,CRYSTAL_TREE_GALVANIA_RUMBLE,ケイト,……今の音。雷の要塞より、もっと西から……？,104,2/4,crystal_tree_post_clear_checkpoint,event=crystal_tree_post_clear_checkpoint; actions=IF_FLAG; 結晶樹の秘跡 FMAP000073-00 / ミネルバと話す,現行参照,story.js:4235,,
1040,第7段階 光の宮殿・結晶樹,メイン・イベント,結晶樹の秘跡 FMAP000073-00,CRYSTAL_TREE_GALVANIA_RUMBLE,ミネルバ,山鳴りじゃないね。何か、ものすごく大きいものが壊れた音。,206,3/4,crystal_tree_post_clear_checkpoint,event=crystal_tree_post_clear_checkpoint; actions=IF_FLAG; 結晶樹の秘跡 FMAP000073-00 / ミネルバと話す,現行参照,story.js:4235,,
1041,第7段階 光の宮殿・結晶樹,メイン・イベント,結晶樹の秘跡 FMAP000073-00,CRYSTAL_TREE_GALVANIA_RUMBLE,シャオ,魔王城の方角か……。,105,4/4,crystal_tree_post_clear_checkpoint,event=crystal_tree_post_clear_checkpoint; actions=IF_FLAG; 結晶樹の秘跡 FMAP000073-00 / ミネルバと話す,現行参照,story.js:4235,,
1042,第7段階 光の宮殿・結晶樹,メイン・イベント,結晶樹の秘跡 FMAP000073-00,CRYSTAL_TREE_CYCLE_CRYSTAL_RITUAL_PHASE17,ミネルバ,"持ってきた？　六つとも。
……うん。欠けてない。じゃあ、そこへ置いて。",206,1/23,crystal_tree_cycle_crystal_ritual_phase17,event=crystal_tree_cycle_crystal_ritual_phase17; actions=IF_FLAG; 結晶樹の秘跡 FMAP000073-00 / ミネルバに六つの結晶片を見せる,現行参照,story.js:,,
1043,第7段階 光の宮殿・結晶樹,メイン・イベント,結晶樹の秘跡 FMAP000073-00,CRYSTAL_TREE_CYCLE_CRYSTAL_RITUAL_PHASE17,アルス,一つにするのか？,301,2/23,crystal_tree_cycle_crystal_ritual_phase17,event=crystal_tree_cycle_crystal_ritual_phase17; actions=IF_FLAG; 結晶樹の秘跡 FMAP000073-00 / ミネルバに六つの結晶片を見せる,現行参照,story.js:,,
1044,第7段階 光の宮殿・結晶樹,メイン・イベント,結晶樹の秘跡 FMAP000073-00,CRYSTAL_TREE_CYCLE_CRYSTAL_RITUAL_PHASE17,ミネルバ,"しない。前にここでやった治療より、むしろ逆。
くっつけたら駄目。",206,3/23,crystal_tree_cycle_crystal_ritual_phase17,event=crystal_tree_cycle_crystal_ritual_phase17; actions=IF_FLAG; 結晶樹の秘跡 FMAP000073-00 / ミネルバに六つの結晶片を見せる,現行参照,story.js:,,
1045,第7段階 光の宮殿・結晶樹,メイン・イベント,結晶樹の秘跡 FMAP000073-00,CRYSTAL_TREE_CYCLE_CRYSTAL_RITUAL_PHASE17,ミネルバ,"水の次に風。風の次に光。
それから火、雷、闇――最後は水へ戻す。",206,4/23,crystal_tree_cycle_crystal_ritual_phase17,event=crystal_tree_cycle_crystal_ritual_phase17; actions=IF_FLAG; 結晶樹の秘跡 FMAP000073-00 / ミネルバに六つの結晶片を見せる,現行参照,story.js:,,
1046,第7段階 光の宮殿・結晶樹,メイン・イベント,結晶樹の秘跡 FMAP000073-00,CRYSTAL_TREE_CYCLE_CRYSTAL_RITUAL_PHASE17,ミネルバ,"一つが退いた場所を、次が受け取る。
止めない。奪わない。順番だけ渡していく。",206,5/23,crystal_tree_cycle_crystal_ritual_phase17,event=crystal_tree_cycle_crystal_ritual_phase17; actions=IF_FLAG; 結晶樹の秘跡 FMAP000073-00 / ミネルバに六つの結晶片を見せる,現行参照,story.js:,,
1047,第7段階 光の宮殿・結晶樹,メイン・イベント,結晶樹の秘跡 FMAP000073-00,CRYSTAL_TREE_CYCLE_CRYSTAL_RITUAL_PHASE17,システム,"六つの結晶片が、根の上でゆっくりと光り始めた。
水から風へ。風から光へ。
光は火へ渡り、火は雷へ、雷は闇へ――そして闇から、また水へ。",,6/23,crystal_tree_cycle_crystal_ritual_phase17,event=crystal_tree_cycle_crystal_ritual_phase17; actions=IF_FLAG; 結晶樹の秘跡 FMAP000073-00 / ミネルバに六つの結晶片を見せる,現行参照,story.js:,,
1048,第7段階 光の宮殿・結晶樹,メイン・イベント,結晶樹の秘跡 FMAP000073-00,CRYSTAL_TREE_CYCLE_CRYSTAL_RITUAL_PHASE17,ルーナ,"……きれい。
六つとも違う色なのに、誰も消えてない。",401,7/23,crystal_tree_cycle_crystal_ritual_phase17,event=crystal_tree_cycle_crystal_ritual_phase17; actions=IF_FLAG; 結晶樹の秘跡 FMAP000073-00 / ミネルバに六つの結晶片を見せる,現行参照,story.js:,,
1049,第7段階 光の宮殿・結晶樹,メイン・イベント,結晶樹の秘跡 FMAP000073-00,CRYSTAL_TREE_CYCLE_CRYSTAL_RITUAL_PHASE17,ミネルバ,"そう。そこ。
同じにしなくても、流れは作れる。",206,8/23,crystal_tree_cycle_crystal_ritual_phase17,event=crystal_tree_cycle_crystal_ritual_phase17; actions=IF_FLAG; 結晶樹の秘跡 FMAP000073-00 / ミネルバに六つの結晶片を見せる,現行参照,story.js:,,
1050,第7段階 光の宮殿・結晶樹,メイン・イベント,結晶樹の秘跡 FMAP000073-00,CRYSTAL_TREE_CYCLE_CRYSTAL_RITUAL_PHASE17,システム,"その時、アルスの胸元で乾いた音がした。
焼け焦げたペンダントから、黒い煤がひとひら落ちる。",,9/23,crystal_tree_cycle_crystal_ritual_phase17,event=crystal_tree_cycle_crystal_ritual_phase17; actions=IF_FLAG; 結晶樹の秘跡 FMAP000073-00 / ミネルバに六つの結晶片を見せる,現行参照,story.js:,,
1051,第7段階 光の宮殿・結晶樹,メイン・イベント,結晶樹の秘跡 FMAP000073-00,CRYSTAL_TREE_CYCLE_CRYSTAL_RITUAL_PHASE17,ルーナ,アルス、それ……。,401,10/23,crystal_tree_cycle_crystal_ritual_phase17,event=crystal_tree_cycle_crystal_ritual_phase17; actions=IF_FLAG; 結晶樹の秘跡 FMAP000073-00 / ミネルバに六つの結晶片を見せる,現行参照,story.js:,,
1052,第7段階 光の宮殿・結晶樹,メイン・イベント,結晶樹の秘跡 FMAP000073-00,CRYSTAL_TREE_CYCLE_CRYSTAL_RITUAL_PHASE17,システム,ルーナが手を伸ばしかけ、触れる前に指を止めた。,,11/23,crystal_tree_cycle_crystal_ritual_phase17,event=crystal_tree_cycle_crystal_ritual_phase17; actions=IF_FLAG; 結晶樹の秘跡 FMAP000073-00 / ミネルバに六つの結晶片を見せる,現行参照,story.js:,,
1053,第7段階 光の宮殿・結晶樹,メイン・イベント,結晶樹の秘跡 FMAP000073-00,CRYSTAL_TREE_CYCLE_CRYSTAL_RITUAL_PHASE17,ルーナ,"……あたたかい。
前にも、この光を――",401,12/23,crystal_tree_cycle_crystal_ritual_phase17,event=crystal_tree_cycle_crystal_ritual_phase17; actions=IF_FLAG; 結晶樹の秘跡 FMAP000073-00 / ミネルバに六つの結晶片を見せる,現行参照,story.js:,,
1054,第7段階 光の宮殿・結晶樹,メイン・イベント,結晶樹の秘跡 FMAP000073-00,CRYSTAL_TREE_CYCLE_CRYSTAL_RITUAL_PHASE17,リュシオン,……そこまで辿り着いたのですね。,501,13/23,crystal_tree_cycle_crystal_ritual_phase17,event=crystal_tree_cycle_crystal_ritual_phase17; actions=IF_FLAG; 結晶樹の秘跡 FMAP000073-00 / ミネルバに六つの結晶片を見せる,現行参照,story.js:,,
1055,第7段階 光の宮殿・結晶樹,メイン・イベント,結晶樹の秘跡 FMAP000073-00,CRYSTAL_TREE_CYCLE_CRYSTAL_RITUAL_PHASE17,ミネルバ,"答え合わせをしに来たなら、遅いよ。
もう回し始めた。",206,14/23,crystal_tree_cycle_crystal_ritual_phase17,event=crystal_tree_cycle_crystal_ritual_phase17; actions=IF_FLAG; 結晶樹の秘跡 FMAP000073-00 / ミネルバに六つの結晶片を見せる,現行参照,story.js:,,
1056,第7段階 光の宮殿・結晶樹,メイン・イベント,結晶樹の秘跡 FMAP000073-00,CRYSTAL_TREE_CYCLE_CRYSTAL_RITUAL_PHASE17,リュシオン,"ええ。
ですから、私は止めに来たのではありません。",501,15/23,crystal_tree_cycle_crystal_ritual_phase17,event=crystal_tree_cycle_crystal_ritual_phase17; actions=IF_FLAG; 結晶樹の秘跡 FMAP000073-00 / ミネルバに六つの結晶片を見せる,現行参照,story.js:,,
1057,第7段階 光の宮殿・結晶樹,メイン・イベント,結晶樹の秘跡 FMAP000073-00,CRYSTAL_TREE_CYCLE_CRYSTAL_RITUAL_PHASE17,リュシオン,"五年前、あの子たちへ残した光が、まだそこにあります。
今度は奇跡としてではなく――あなたたちが繋いだ輪へ返しましょう。",501,16/23,crystal_tree_cycle_crystal_ritual_phase17,event=crystal_tree_cycle_crystal_ritual_phase17; actions=IF_FLAG; 結晶樹の秘跡 FMAP000073-00 / ミネルバに六つの結晶片を見せる,現行参照,story.js:,,
1058,第7段階 光の宮殿・結晶樹,メイン・イベント,結晶樹の秘跡 FMAP000073-00,CRYSTAL_TREE_CYCLE_CRYSTAL_RITUAL_PHASE17,システム,"ペンダントからほどけた淡い光が、六つの結晶片の輪へ触れた。
黒く焼けた殻が静かに剥がれ、内側から澄んだ光が戻ってくる。",,17/23,crystal_tree_cycle_crystal_ritual_phase17,event=crystal_tree_cycle_crystal_ritual_phase17; actions=IF_FLAG; 結晶樹の秘跡 FMAP000073-00 / ミネルバに六つの結晶片を見せる,現行参照,story.js:,,
1059,第7段階 光の宮殿・結晶樹,メイン・イベント,結晶樹の秘跡 FMAP000073-00,CRYSTAL_TREE_CYCLE_CRYSTAL_RITUAL_PHASE17,システム,"六色は混ざらない。
互いへ色を渡しながら、ひとつの結晶の内側を絶えず巡り続けている。",,18/23,crystal_tree_cycle_crystal_ritual_phase17,event=crystal_tree_cycle_crystal_ritual_phase17; actions=IF_FLAG; 結晶樹の秘跡 FMAP000073-00 / ミネルバに六つの結晶片を見せる,現行参照,story.js:,,
1060,第7段階 光の宮殿・結晶樹,メイン・イベント,結晶樹の秘跡 FMAP000073-00,CRYSTAL_TREE_CYCLE_CRYSTAL_RITUAL_PHASE17,ミネルバ,"……できた。
融合じゃない。中で、ちゃんと次へ譲ってる。",206,19/23,crystal_tree_cycle_crystal_ritual_phase17,event=crystal_tree_cycle_crystal_ritual_phase17; actions=IF_FLAG; 結晶樹の秘跡 FMAP000073-00 / ミネルバに六つの結晶片を見せる,現行参照,story.js:,,
1061,第7段階 光の宮殿・結晶樹,メイン・イベント,結晶樹の秘跡 FMAP000073-00,CRYSTAL_TREE_CYCLE_CRYSTAL_RITUAL_PHASE17,アルス,名前は？,301,20/23,crystal_tree_cycle_crystal_ritual_phase17,event=crystal_tree_cycle_crystal_ritual_phase17; actions=IF_FLAG; 結晶樹の秘跡 FMAP000073-00 / ミネルバに六つの結晶片を見せる,現行参照,story.js:,,
1062,第7段階 光の宮殿・結晶樹,メイン・イベント,結晶樹の秘跡 FMAP000073-00,CRYSTAL_TREE_CYCLE_CRYSTAL_RITUAL_PHASE17,ミネルバ,"ノートでは「輪廻」って書いてた。
仮のつもりだったけど……今なら、名前負けはしてないかな。",206,21/23,crystal_tree_cycle_crystal_ritual_phase17,event=crystal_tree_cycle_crystal_ritual_phase17; actions=IF_FLAG; 結晶樹の秘跡 FMAP000073-00 / ミネルバに六つの結晶片を見せる,現行参照,story.js:,,
1063,第7段階 光の宮殿・結晶樹,メイン・イベント,結晶樹の秘跡 FMAP000073-00,CRYSTAL_TREE_CYCLE_CRYSTAL_RITUAL_PHASE17,ルーナ,輪廻の結晶……。,401,22/23,crystal_tree_cycle_crystal_ritual_phase17,event=crystal_tree_cycle_crystal_ritual_phase17; actions=IF_FLAG; 結晶樹の秘跡 FMAP000073-00 / ミネルバに六つの結晶片を見せる,現行参照,story.js:,,
1064,第7段階 光の宮殿・結晶樹,メイン・イベント,結晶樹の秘跡 FMAP000073-00,CRYSTAL_TREE_CYCLE_CRYSTAL_RITUAL_PHASE17,システム,"焼け焦げたペンダントは、光結晶のペンダントへ変化した。
「輪廻の結晶」を手に入れた。",,23/23,crystal_tree_cycle_crystal_ritual_phase17,event=crystal_tree_cycle_crystal_ritual_phase17; actions=IF_FLAG; 結晶樹の秘跡 FMAP000073-00 / ミネルバに六つの結晶片を見せる,現行参照,story.js:,,
1065,第7段階 光の宮殿・結晶樹,メイン・イベント,結晶樹の秘跡 FMAP000073-00,CRYSTAL_TREE_CYCLE_CRYSTAL_REPEAT_PHASE17,ミネルバ,"まだ回ってる。六つとも、ちゃんと別の色のまま。
持っていって。深淵の底で何が起きても、止めないで。",206,1/1,crystal_tree_cycle_crystal_ritual_phase17 / crystal_tree_cycle_crystal_repeat_phase17,event=crystal_tree_cycle_crystal_ritual_phase17; actions=IF_FLAG; 結晶樹の秘跡 FMAP000073-00 / ミネルバに六つの結晶片を見せる || event=crystal_tree_cycle_crystal_repeat_phase17; actions=CONV:CRYSTAL_TREE_CYCLE_CRYSTAL_REPEAT_PHASE17; 結晶樹の秘跡 FMAP000073-00 / ミネルバと話す,現行参照,story.js:,,
1066,第8段階 ガルヴァニア・魔王城,メイン・イベント,ガルヴァニア渓谷 FMAP000074-00,GALVANIA_GORGE_FALLEN_DEMON_HATRED,倒れた魔族,……人間……め……。どこまで……奪えば……気が、済む……。,,1/2,galvania_gorge_fallen_demon_hatred,event=galvania_gorge_fallen_demon_hatred; actions=CONV:GALVANIA_GORGE_FALLEN_DEMON_HATRED -> FLAG(key=galvaniaGorgeHatredDemonDead); ガルヴァニア渓谷 FMAP000074-00 / 倒れた魔族に声をかける,現行参照,story.js:4246,,
1067,第8段階 ガルヴァニア・魔王城,メイン・イベント,ガルヴァニア渓谷 FMAP000074-00,GALVANIA_GORGE_FALLEN_DEMON_HATRED,システム,魔族はアルスたちを睨んだまま、最後の息を吐いた。,,2/2,galvania_gorge_fallen_demon_hatred,event=galvania_gorge_fallen_demon_hatred; actions=CONV:GALVANIA_GORGE_FALLEN_DEMON_HATRED -> FLAG(key=galvaniaGorgeHatredDemonDead); ガルヴァニア渓谷 FMAP000074-00 / 倒れた魔族に声をかける,現行参照,story.js:4246,,
1068,第8段階 ガルヴァニア・魔王城,メイン・イベント,ガルヴァニア渓谷 FMAP000074-00,GALVANIA_GORGE_FALLEN_DEMON_WARNING,倒れた魔族,門が……抜かれた……。このままでは……世界が……。,,1/3,galvania_gorge_fallen_demon_warning,event=galvania_gorge_fallen_demon_warning; actions=CONV:GALVANIA_GORGE_FALLEN_DEMON_WARNING -> FLAG(key=galvaniaGorgeWarningDemonDead); ガルヴァニア渓谷 FMAP000074-00 / 倒れた魔族に声をかける,現行参照,story.js:4250,,
1069,第8段階 ガルヴァニア・魔王城,メイン・イベント,ガルヴァニア渓谷 FMAP000074-00,GALVANIA_GORGE_FALLEN_DEMON_WARNING,倒れた魔族,……止め……なければ……。,,2/3,galvania_gorge_fallen_demon_warning,event=galvania_gorge_fallen_demon_warning; actions=CONV:GALVANIA_GORGE_FALLEN_DEMON_WARNING -> FLAG(key=galvaniaGorgeWarningDemonDead); ガルヴァニア渓谷 FMAP000074-00 / 倒れた魔族に声をかける,現行参照,story.js:4250,,
1070,第8段階 ガルヴァニア・魔王城,メイン・イベント,ガルヴァニア渓谷 FMAP000074-00,GALVANIA_GORGE_FALLEN_DEMON_WARNING,システム,その言葉を最後に、魔族の呼吸が止まった。,,3/3,galvania_gorge_fallen_demon_warning,event=galvania_gorge_fallen_demon_warning; actions=CONV:GALVANIA_GORGE_FALLEN_DEMON_WARNING -> FLAG(key=galvaniaGorgeWarningDemonDead); ガルヴァニア渓谷 FMAP000074-00 / 倒れた魔族に声をかける,現行参照,story.js:4250,,
1071,第8段階 ガルヴァニア・魔王城,メイン・イベント,,GALVANIA_CAVE_NORTH_BLOCKED,ケイト,すさまじい結界でふさがれています。,104,1/2,galvania_cave_north_blocked,event=galvania_cave_north_blocked; actions=CONV:GALVANIA_CAVE_NORTH_BLOCKED,現行参照,story.js:4258,,
1072,第8段階 ガルヴァニア・魔王城,メイン・イベント,,GALVANIA_CAVE_NORTH_BLOCKED,ジョセフ,これは……王宮聖騎士の紋章に見えるな。,101,2/2,galvania_cave_north_blocked,event=galvania_cave_north_blocked; actions=CONV:GALVANIA_CAVE_NORTH_BLOCKED,現行参照,story.js:4258,,
1073,第8段階 ガルヴァニア・魔王城,マップイベント,奈落への洞窟,MAP_SYSTEM_GALVANIA_CAVE_F1_ACTION_1,システム,倒れた魔族兵の記録には「祭壇側の侵食が強い。低地へ誘われるな。急ぐなら高い岩をたどれ」と掠れた字で残されている。,,1/1,map_system_galvania_cave_f1_action_1,event=map_system_galvania_cave_f1_action_1; actions=CONV:MAP_SYSTEM_GALVANIA_CAVE_F1_ACTION_1; 奈落への洞窟 / 倒れている兵を調べる,現行参照,story.js:4270,,
1074,第8段階 ガルヴァニア・魔王城,マップイベント,奈落への洞窟,MAP_SYSTEM_GALVANIA_CAVE_F1_ACTION_2,システム,「・・・は輪を・・。火を・・・戻れ。高みの橋・・・次の闇へ・・」だけが読み取れた,,1/1,map_system_galvania_cave_f1_action_2,event=map_system_galvania_cave_f1_action_2; actions=CONV:MAP_SYSTEM_GALVANIA_CAVE_F1_ACTION_2; 奈落への洞窟 / 黒い道標を読む,現行参照,story.js:4271,,
1075,第8段階 ガルヴァニア・魔王城,マップイベント,奈落への洞窟 F2,MAP_SYSTEM_GALVANIA_CAVE_F2_ACTION_1,システム,「柱を数えよ。三度目に迷い、四度目に上れ。端まで急ぐ者は輪の腹へ戻る」と読める。,,1/1,map_system_galvania_cave_f2_action_1,event=map_system_galvania_cave_f2_action_1; actions=CONV:MAP_SYSTEM_GALVANIA_CAVE_F2_ACTION_1; 奈落への洞窟 F2 / 古びた石碑を読む,現行参照,story.js:4272,,
1076,第8段階 ガルヴァニア・魔王城,マップイベント,奈落への洞窟 F2,MAP_SYSTEM_GALVANIA_CAVE_F2_ACTION_2,システム,魔族兵の足跡は不自然に北へ迂回している。この区画だけ、侵食の強い地脈を避けて巡回していたようだ。,,1/1,map_system_galvania_cave_f2_action_2,event=map_system_galvania_cave_f2_action_2; actions=CONV:MAP_SYSTEM_GALVANIA_CAVE_F2_ACTION_2; 奈落への洞窟 F2 / 煤けた足跡を調べる,現行参照,story.js:4273,,
1077,第8段階 ガルヴァニア・魔王城,マップイベント,奈落への洞窟 F3,MAP_SYSTEM_GALVANIA_CAVE_F3_ACTION_1,システム,「湖は赤く、道は細い。まっすぐな橋ほど熱に沈む。黒炎の島は宝を守るだけ」とある。,,1/1,map_system_galvania_cave_f3_action_1,event=map_system_galvania_cave_f3_action_1; actions=CONV:MAP_SYSTEM_GALVANIA_CAVE_F3_ACTION_1; 奈落への洞窟 F3 / 焦げた石碑を読む,現行参照,story.js:4274,,
1078,第8段階 ガルヴァニア・魔王城,マップイベント,奈落への洞窟 F3,MAP_SYSTEM_GALVANIA_CAVE_F3_ACTION_2,システム,橋脚には魔王軍の焼印と、何度も重ねた補修痕が残っている。深部の防衛線へ物資を運ぶため、長く維持されてきた補給路らしい。,,1/1,map_system_galvania_cave_f3_action_2,event=map_system_galvania_cave_f3_action_2; actions=CONV:MAP_SYSTEM_GALVANIA_CAVE_F3_ACTION_2; 奈落への洞窟 F3 / 折れた橋脚を調べる,現行参照,story.js:4275,,
1079,第8段階 ガルヴァニア・魔王城,マップイベント,奈落への洞窟 F3,MAP_SYSTEM_GALVANIA_CAVE_F3_ACTION_3,システム,灰まみれの旅人は「火の島に欲を出すな。出口は北東の橋から南へ折れる」と残している。,,1/1,map_system_galvania_cave_f3_action_3,event=map_system_galvania_cave_f3_action_3; actions=CONV:MAP_SYSTEM_GALVANIA_CAVE_F3_ACTION_3; 奈落への洞窟 F3 / 倒れた人影を見る,現行参照,story.js:4276,,
1080,第8段階 ガルヴァニア・魔王城,マップイベント,奈落への洞窟 F4,MAP_SYSTEM_GALVANIA_CAVE_F4_ACTION_1,システム,古い地図には、滑床を大きく迂回する赤い線が引かれている。,,1/1,map_system_galvania_cave_f4_action_1,event=map_system_galvania_cave_f4_action_1; actions=CONV:MAP_SYSTEM_GALVANIA_CAVE_F4_ACTION_1; 奈落への洞窟 F4 / 氷漬けの荷物を調べる,現行参照,story.js:4277,,
1081,第8段階 ガルヴァニア・魔王城,マップイベント,奈落への洞窟 F5,MAP_SYSTEM_GALVANIA_CAVE_F5_ACTION_1,システム,箱には魔王城の紋章と「奈落防衛線」の印がある。兵糧、黒晶、予備の鎧が、いつでも補充できるよう整然と積まれている。,,1/1,map_system_galvania_cave_f5_action_1,event=map_system_galvania_cave_f5_action_1; actions=CONV:MAP_SYSTEM_GALVANIA_CAVE_F5_ACTION_1; 奈落への洞窟 F5 / 防衛軍の積荷を調べる,現行参照,story.js:4278,,
1082,第8段階 ガルヴァニア・魔王城,メイン・イベント,奈落への洞窟,NADIR_CAVE_F1_DEFENSE_STAKES_PHASE8D,システム,"折れた防壁杭の尖端は入口側ではなく、洞窟の奥へ向けて並べられている。
何度も打ち直した跡の上に、まだ乾ききっていない黒い血が残っている。",,1/1,nadir_cave_f1_defense_stakes_phase8d,event=nadir_cave_f1_defense_stakes_phase8d; actions=CONV:NADIR_CAVE_F1_DEFENSE_STAKES_PHASE8D; 奈落への洞窟 / 折れた防壁杭を調べる,現行参照,story.js:4279,,
1083,第8段階 ガルヴァニア・魔王城,メイン・イベント,奈落への洞窟 F2,NADIR_CAVE_F2_LOOP_MARKS_PHASE8D,システム,"壁へ短い刻み傷が一定間隔で続いている。
途中から同じ番号が何度も繰り返されている。道ではなく、空間そのものが戻っていたらしい。",,1/1,nadir_cave_f2_loop_marks_phase8d,event=nadir_cave_f2_loop_marks_phase8d; actions=CONV:NADIR_CAVE_F2_LOOP_MARKS_PHASE8D; 奈落への洞窟 F2 / 壁の刻み傷を調べる,現行参照,story.js:4280,,
1084,第8段階 ガルヴァニア・魔王城,メイン・イベント,奈落への洞窟 F3,NADIR_CAVE_F3_SHARED_BONES_PHASE8D,システム,"溶けた鎧と、獣とも人ともつかない黒い骨が橋の下で絡み合っている。
残った傷の向きは、どちらも祭壇側を向いている。",,1/1,nadir_cave_f3_shared_bones_phase8d,event=nadir_cave_f3_shared_bones_phase8d; actions=CONV:NADIR_CAVE_F3_SHARED_BONES_PHASE8D; 奈落への洞窟 F3 / 橋下の残骸を調べる,現行参照,story.js:4281,,
1085,第8段階 ガルヴァニア・魔王城,メイン・イベント,奈落への洞窟 F4,NADIR_CAVE_F4_FREEZE_SEAL_PHASE8D,システム,"氷の下に古い術式線が透けている。
割れては凍らせ、また割れては凍らせた跡が何層にも重なっている。",,1/1,nadir_cave_f4_freeze_seal_phase8d,event=nadir_cave_f4_freeze_seal_phase8d; actions=CONV:NADIR_CAVE_F4_FREEZE_SEAL_PHASE8D; 奈落への洞窟 F4 / 氷の下の術式を調べる,現行参照,story.js:4282,,
1086,第8段階 ガルヴァニア・魔王城,メイン・イベント,奈落への洞窟 F5,NADIR_CAVE_F5_RESUPPLY_MARKS_PHASE8D,システム,"箱の側面には日付ではなく、「第七码」「第八碼」と補充回数だけが刻まれている。
一度きりの遠征ではなく、何度もここへ物資が運ばれていたようだ。",,1/1,nadir_cave_f5_resupply_marks_phase8d,event=nadir_cave_f5_resupply_marks_phase8d; actions=CONV:NADIR_CAVE_F5_RESUPPLY_MARKS_PHASE8D; 奈落への洞窟 F5 / 補給箱の刻印を調べる,現行参照,story.js:4283,,
1087,第8段階 ガルヴァニア・魔王城,メイン・イベント,奈落への洞窟 F6,NADIR_CAVE_F6_LAST_LINE_PHASE8D,システム,"祭壇側へ向けて立てられていた最後の封鎖杭が、根元からこちら側へ倒れている。
向こうから押し破られた跡だ。",,1/1,nadir_cave_f6_last_line_phase8d,event=nadir_cave_f6_last_line_phase8d; actions=CONV:NADIR_CAVE_F6_LAST_LINE_PHASE8D; 奈落への洞窟 F6 / 最後の封鎖杭を調べる,現行参照,story.js:4284,,
1088,第8段階 ガルヴァニア・魔王城,メイン・イベント,奈落への洞窟 F6,NADIR_CAVE_F6_FRESH_TRACKS_PHASE8D,システム,"古い血痕の上を、新しい足跡が横切っている。
数は一人ではない。立ち止まった形跡もなく、祭壇側へまっすぐ続いている。",,1/1,nadir_cave_f6_fresh_tracks_phase8d,event=nadir_cave_f6_fresh_tracks_phase8d; actions=CONV:NADIR_CAVE_F6_FRESH_TRACKS_PHASE8D; 奈落への洞窟 F6 / 新しい足跡を調べる,現行参照,story.js:4285,,
1089,第8段階 ガルヴァニア・魔王城,マップイベント,,MAP_SYSTEM_GALVANIA_CAVE_F3_BOSS_1,システム,黒い炎をまとった侵食獣が、赤い宝箱の島に居着いている。洞窟突破には関係なさそうだ。,,1/1,map_system_galvania_cave_f3_boss_1,event=map_system_galvania_cave_f3_boss_1; actions=CONV:MAP_SYSTEM_GALVANIA_CAVE_F3_BOSS_1 -> CHOICE,現行参照,story.js:4289,,
1090,第8段階 ガルヴァニア・魔王城,マップイベント,,MAP_SYSTEM_GALVANIA_CAVE_F4_BOSS_1,システム,氷漬けの保管区画に異形が潜んでいる。倒せば金の鍵を回収できそうだ。,,1/1,map_system_galvania_cave_f4_boss_1,event=map_system_galvania_cave_f4_boss_1; actions=CONV:MAP_SYSTEM_GALVANIA_CAVE_F4_BOSS_1 -> CHOICE,現行参照,story.js:4290,,
1091,第8段階 ガルヴァニア・魔王城,マップイベント,,MAP_SYSTEM_GALVANIA_CAVE_F6_BOSS_1,システム,白骨坑の横穴に異形がうずくまっている。洞窟突破には関係なさそうだ。,,1/1,map_system_galvania_cave_f6_boss_1,event=map_system_galvania_cave_f6_boss_1; actions=CONV:MAP_SYSTEM_GALVANIA_CAVE_F6_BOSS_1 -> CHOICE,現行参照,story.js:4291,,
1092,第8段階 ガルヴァニア・魔王城,メイン・イベント,,GALVANIA_EMPIRE_ARRIVAL_PHASE8C,システム,"城下へ入る。武装した魔族兵の間を、担架が何度も行き交っている。
配給所では、小さな子どもが両手で椀を抱えていた。",,1/8,galvania_empire_arrival_phase8c,event=galvania_empire_arrival_phase8c; actions=CONV:GALVANIA_EMPIRE_ARRIVAL_PHASE8C -> FLAG(key=galvaniaEmpireArrivalSeen),現行参照,story.js:4292,,
1093,第8段階 ガルヴァニア・魔王城,メイン・イベント,,GALVANIA_EMPIRE_ARRIVAL_PHASE8C,ルーナ,……子どもが、いる。,401,2/8,galvania_empire_arrival_phase8c,event=galvania_empire_arrival_phase8c; actions=CONV:GALVANIA_EMPIRE_ARRIVAL_PHASE8C -> FLAG(key=galvaniaEmpireArrivalSeen),現行参照,story.js:4292,,
1094,第8段階 ガルヴァニア・魔王城,メイン・イベント,,GALVANIA_EMPIRE_ARRIVAL_PHASE8C,システム,"包帯を巻いた兵が壁にもたれ、そのすぐ横を親子が避難区画へ急いでいく。
侵略のための軍都というより、長く何かに耐えてきた街に見えた。",,3/8,galvania_empire_arrival_phase8c,event=galvania_empire_arrival_phase8c; actions=CONV:GALVANIA_EMPIRE_ARRIVAL_PHASE8C -> FLAG(key=galvaniaEmpireArrivalSeen),現行参照,story.js:4292,,
1095,第8段階 ガルヴァニア・魔王城,メイン・イベント,,GALVANIA_EMPIRE_ARRIVAL_PHASE8C,ルーナ,"私……聖女として、魔族の討伐に出たことがあります。
魔族は人を襲うものだと教えられて。それが、人を守る正しいことだと思っていました。",401,4/8,galvania_empire_arrival_phase8c,event=galvania_empire_arrival_phase8c; actions=CONV:GALVANIA_EMPIRE_ARRIVAL_PHASE8C -> FLAG(key=galvaniaEmpireArrivalSeen),現行参照,story.js:4292,,
1096,第8段階 ガルヴァニア・魔王城,メイン・イベント,,GALVANIA_EMPIRE_ARRIVAL_PHASE8C,レイラ,ルーナ様……。,204,5/8,galvania_empire_arrival_phase8c,event=galvania_empire_arrival_phase8c; actions=CONV:GALVANIA_EMPIRE_ARRIVAL_PHASE8C -> FLAG(key=galvaniaEmpireArrivalSeen),現行参照,story.js:4292,,
1097,第8段階 ガルヴァニア・魔王城,メイン・イベント,,GALVANIA_EMPIRE_ARRIVAL_PHASE8C,ルーナ,知らなかったから仕方ない、とは……言いたくありません。,401,6/8,galvania_empire_arrival_phase8c,event=galvania_empire_arrival_phase8c; actions=CONV:GALVANIA_EMPIRE_ARRIVAL_PHASE8C -> FLAG(key=galvaniaEmpireArrivalSeen),現行参照,story.js:4292,,
1098,第8段階 ガルヴァニア・魔王城,メイン・イベント,,GALVANIA_EMPIRE_ARRIVAL_PHASE8C,アルス,……今は、見よう。,301,7/8,galvania_empire_arrival_phase8c,event=galvania_empire_arrival_phase8c; actions=CONV:GALVANIA_EMPIRE_ARRIVAL_PHASE8C -> FLAG(key=galvaniaEmpireArrivalSeen),現行参照,story.js:4292,,
1099,第8段階 ガルヴァニア・魔王城,メイン・イベント,,GALVANIA_EMPIRE_ARRIVAL_PHASE8C,ルーナ,……はい。,401,8/8,galvania_empire_arrival_phase8c,event=galvania_empire_arrival_phase8c; actions=CONV:GALVANIA_EMPIRE_ARRIVAL_PHASE8C -> FLAG(key=galvaniaEmpireArrivalSeen),現行参照,story.js:4292,,
1100,第8段階 ガルヴァニア・魔王城,メイン・イベント,ガルヴァニア帝国 FMAP000075-00,GALVANIA_EMPIRE_WOUNDED_SOLDIER_PHASE8C,負傷した魔族兵,……人間の治療など要らん。,,1/4,galvania_empire_wounded_soldier_phase8c,event=galvania_empire_wounded_soldier_phase8c; actions=CONV:GALVANIA_EMPIRE_WOUNDED_SOLDIER_PHASE8C; ガルヴァニア帝国 FMAP000075-00 / 負傷兵と話す,現行参照,story.js:4302,,
1101,第8段階 ガルヴァニア・魔王城,メイン・イベント,ガルヴァニア帝国 FMAP000075-00,GALVANIA_EMPIRE_WOUNDED_SOLDIER_PHASE8C,レイラ,傷が開いています。せめて包帯だけでも。,204,2/4,galvania_empire_wounded_soldier_phase8c,event=galvania_empire_wounded_soldier_phase8c; actions=CONV:GALVANIA_EMPIRE_WOUNDED_SOLDIER_PHASE8C; ガルヴァニア帝国 FMAP000075-00 / 負傷兵と話す,現行参照,story.js:4302,,
1102,第8段階 ガルヴァニア・魔王城,メイン・イベント,ガルヴァニア帝国 FMAP000075-00,GALVANIA_EMPIRE_WOUNDED_SOLDIER_PHASE8C,負傷した魔族兵,包帯だけ置いていけ。運ぶだけなら……借りを作ったことにはならん。,,3/4,galvania_empire_wounded_soldier_phase8c,event=galvania_empire_wounded_soldier_phase8c; actions=CONV:GALVANIA_EMPIRE_WOUNDED_SOLDIER_PHASE8C; ガルヴァニア帝国 FMAP000075-00 / 負傷兵と話す,現行参照,story.js:4302,,
1103,第8段階 ガルヴァニア・魔王城,メイン・イベント,ガルヴァニア帝国 FMAP000075-00,GALVANIA_EMPIRE_WOUNDED_SOLDIER_PHASE8C,ルーナ,……分かりました。ここに置きます。,401,4/4,galvania_empire_wounded_soldier_phase8c,event=galvania_empire_wounded_soldier_phase8c; actions=CONV:GALVANIA_EMPIRE_WOUNDED_SOLDIER_PHASE8C; ガルヴァニア帝国 FMAP000075-00 / 負傷兵と話す,現行参照,story.js:4302,,
1104,第8段階 ガルヴァニア・魔王城,メイン・イベント,ガルヴァニア帝国 FMAP000075-00,GALVANIA_EMPIRE_RATIONS_PHASE8C,魔族の配給係,兵の鍋はそっちだ。子どもの分に辛い香草を入れるな。昨日また泣かれた。,,1/3,galvania_empire_rations_phase8c,event=galvania_empire_rations_phase8c; actions=CONV:GALVANIA_EMPIRE_RATIONS_PHASE8C; ガルヴァニア帝国 FMAP000075-00 / 配給係と話す,現行参照,story.js:4308,,
1105,第8段階 ガルヴァニア・魔王城,メイン・イベント,ガルヴァニア帝国 FMAP000075-00,GALVANIA_EMPIRE_RATIONS_PHASE8C,システム,配給係はアルスたちに気づき、手を止める。,,2/3,galvania_empire_rations_phase8c,event=galvania_empire_rations_phase8c; actions=CONV:GALVANIA_EMPIRE_RATIONS_PHASE8C; ガルヴァニア帝国 FMAP000075-00 / 配給係と話す,現行参照,story.js:4308,,
1106,第8段階 ガルヴァニア・魔王城,メイン・イベント,ガルヴァニア帝国 FMAP000075-00,GALVANIA_EMPIRE_RATIONS_PHASE8C,魔族の配給係,……人間に売る分はない。見るだけなら勝手にしろ。,,3/3,galvania_empire_rations_phase8c,event=galvania_empire_rations_phase8c; actions=CONV:GALVANIA_EMPIRE_RATIONS_PHASE8C; ガルヴァニア帝国 FMAP000075-00 / 配給係と話す,現行参照,story.js:4308,,
1107,第8段階 ガルヴァニア・魔王城,メイン・イベント,ガルヴァニア帝国 FMAP000075-00,GALVANIA_EMPIRE_EVACUEES_PHASE8C,魔族の男,地下の鐘が鳴ったら、荷物は捨てろ。子どもだけ連れて内側へ走れ。,,1/4,galvania_empire_evacuees_phase8c,event=galvania_empire_evacuees_phase8c; actions=CONV:GALVANIA_EMPIRE_EVACUEES_PHASE8C; ガルヴァニア帝国 FMAP000075-00 / 親子と話す,現行参照,story.js:4313,,
1108,第8段階 ガルヴァニア・魔王城,メイン・イベント,ガルヴァニア帝国 FMAP000075-00,GALVANIA_EMPIRE_EVACUEES_PHASE8C,魔族の子ども,今度は、何日ここにいるの？,,2/4,galvania_empire_evacuees_phase8c,event=galvania_empire_evacuees_phase8c; actions=CONV:GALVANIA_EMPIRE_EVACUEES_PHASE8C; ガルヴァニア帝国 FMAP000075-00 / 親子と話す,現行参照,story.js:4313,,
1109,第8段階 ガルヴァニア・魔王城,メイン・イベント,ガルヴァニア帝国 FMAP000075-00,GALVANIA_EMPIRE_EVACUEES_PHASE8C,魔族の男,……鐘が止むまでだ。,,3/4,galvania_empire_evacuees_phase8c,event=galvania_empire_evacuees_phase8c; actions=CONV:GALVANIA_EMPIRE_EVACUEES_PHASE8C; ガルヴァニア帝国 FMAP000075-00 / 親子と話す,現行参照,story.js:4313,,
1110,第8段階 ガルヴァニア・魔王城,メイン・イベント,ガルヴァニア帝国 FMAP000075-00,GALVANIA_EMPIRE_EVACUEES_PHASE8C,システム,親子のそばには、いつでも持ち出せるよう小さな荷物がまとめられている。,,4/4,galvania_empire_evacuees_phase8c,event=galvania_empire_evacuees_phase8c; actions=CONV:GALVANIA_EMPIRE_EVACUEES_PHASE8C; ガルヴァニア帝国 FMAP000075-00 / 親子と話す,現行参照,story.js:4313,,
1111,第8段階 ガルヴァニア・魔王城,メイン・イベント,,LOCKED_DARK_CASTLE,システム,魔王城へ入るには、ガルヴァニア帝国内の正門を通る必要がある。,,1/2,locked_dark_castle,event=locked_dark_castle; actions=CONV:LOCKED_DARK_CASTLE,現行参照,story.js:4331,,
1112,第8段階 ガルヴァニア・魔王城,メイン・イベント,,LOCKED_DARK_CASTLE,ジョセフ,正面から話を通すなら、レイラの立場が要る。今はまだ門前払いだろうな。,101,2/2,locked_dark_castle,event=locked_dark_castle; actions=CONV:LOCKED_DARK_CASTLE,現行参照,story.js:4331,,
1113,第8段階 ガルヴァニア・魔王城,メイン・イベント,,DARK_CASTLE_ZELDRAS_ENCOUNTER,システム,西館二階、結界の間。青い封印石の前で、大剣を背負った男が待ち受けている。,,1/9,dark_castle_zeldras_encounter,event=dark_castle_zeldras_encounter; actions=CONV:DARK_CASTLE_ZELDRAS_ENCOUNTER -> BOSS(value=301080),現行参照,story.js:4353,,
1114,第8段階 ガルヴァニア・魔王城,メイン・イベント,,DARK_CASTLE_ZELDRAS_ENCOUNTER,常闇のゼルドラス,常闇のゼルドラスだ。聖女を置いて、貴様ら人間は去れ。,,2/9,dark_castle_zeldras_encounter,event=dark_castle_zeldras_encounter; actions=CONV:DARK_CASTLE_ZELDRAS_ENCOUNTER -> BOSS(value=301080),現行参照,story.js:4353,,
1115,第8段階 ガルヴァニア・魔王城,メイン・イベント,,DARK_CASTLE_ZELDRAS_ENCOUNTER,ルーナ,私は物ではありません。ここへ来ると決めたのも、私です。,401,3/9,dark_castle_zeldras_encounter,event=dark_castle_zeldras_encounter; actions=CONV:DARK_CASTLE_ZELDRAS_ENCOUNTER -> BOSS(value=301080),現行参照,story.js:4353,,
1116,第8段階 ガルヴァニア・魔王城,メイン・イベント,,DARK_CASTLE_ZELDRAS_ENCOUNTER,ルーナ,それに……私は聖女として、魔族の討伐にも参加しました。正しいことだと信じて。,401,4/9,dark_castle_zeldras_encounter,event=dark_castle_zeldras_encounter; actions=CONV:DARK_CASTLE_ZELDRAS_ENCOUNTER -> BOSS(value=301080),現行参照,story.js:4353,,
1117,第8段階 ガルヴァニア・魔王城,メイン・イベント,,DARK_CASTLE_ZELDRAS_ENCOUNTER,常闇のゼルドラス,懺悔を聞かせに来たのか。謝罪で死者は戻らん。,,5/9,dark_castle_zeldras_encounter,event=dark_castle_zeldras_encounter; actions=CONV:DARK_CASTLE_ZELDRAS_ENCOUNTER -> BOSS(value=301080),現行参照,story.js:4353,,
1118,第8段階 ガルヴァニア・魔王城,メイン・イベント,,DARK_CASTLE_ZELDRAS_ENCOUNTER,ルーナ,はい。許してもらうために言ったのではありません。知らなかったままで終わらせたくないんです。,401,6/9,dark_castle_zeldras_encounter,event=dark_castle_zeldras_encounter; actions=CONV:DARK_CASTLE_ZELDRAS_ENCOUNTER -> BOSS(value=301080),現行参照,story.js:4353,,
1119,第8段階 ガルヴァニア・魔王城,メイン・イベント,,DARK_CASTLE_ZELDRAS_ENCOUNTER,常闇のゼルドラス,……その意志が誰のものか、俺にはまだ測れん。王国は一度、我らから闇のプリズムを奪った。,,7/9,dark_castle_zeldras_encounter,event=dark_castle_zeldras_encounter; actions=CONV:DARK_CASTLE_ZELDRAS_ENCOUNTER -> BOSS(value=301080),現行参照,story.js:4353,,
1120,第8段階 ガルヴァニア・魔王城,メイン・イベント,,DARK_CASTLE_ZELDRAS_ENCOUNTER,アルス,奪いに来たんじゃない。自分の目で確かめに来た。,301,8/9,dark_castle_zeldras_encounter,event=dark_castle_zeldras_encounter; actions=CONV:DARK_CASTLE_ZELDRAS_ENCOUNTER -> BOSS(value=301080),現行参照,story.js:4353,,
1121,第8段階 ガルヴァニア・魔王城,メイン・イベント,,DARK_CASTLE_ZELDRAS_ENCOUNTER,常闇のゼルドラス,ならば通るだけの覚悟を示せ。人間の都合で、聖女もプリズムも二度と使わせん。,,9/9,dark_castle_zeldras_encounter,event=dark_castle_zeldras_encounter; actions=CONV:DARK_CASTLE_ZELDRAS_ENCOUNTER -> BOSS(value=301080),現行参照,story.js:4353,,
1122,第8段階 ガルヴァニア・魔王城,メイン・イベント,,DARK_CASTLE_ZELDRAS_CLEAR,常闇のゼルドラス,……聖女に庇われるだけの者ではないか。青き鍵を持て。,,1/3,dark_castle_zeldras_clear,event=dark_castle_zeldras_clear; actions=CONV:DARK_CASTLE_ZELDRAS_CLEAR,現行参照,story.js:4364,,
1123,第8段階 ガルヴァニア・魔王城,メイン・イベント,,DARK_CASTLE_ZELDRAS_CLEAR,ルーナ,ありがとうございます。,401,2/3,dark_castle_zeldras_clear,event=dark_castle_zeldras_clear; actions=CONV:DARK_CASTLE_ZELDRAS_CLEAR,現行参照,story.js:4364,,
1124,第8段階 ガルヴァニア・魔王城,メイン・イベント,,DARK_CASTLE_ZELDRAS_CLEAR,常闇のゼルドラス,礼は要らん。玉座で何を見ても、人間の正義だけで切り分けるな。それだけだ。,,3/3,dark_castle_zeldras_clear,event=dark_castle_zeldras_clear; actions=CONV:DARK_CASTLE_ZELDRAS_CLEAR,現行参照,story.js:4364,,
1125,第8段階 ガルヴァニア・魔王城,メイン・イベント,,DARK_CASTLE_ELMENAS_ENCOUNTER,システム,東館二階、結界の間。気配のない室内で、低い男の声が背後から響く。,,1/9,dark_castle_elmenas_encounter,event=dark_castle_elmenas_encounter; actions=CONV:DARK_CASTLE_ELMENAS_ENCOUNTER -> BOSS(value=301082),現行参照,story.js:4379,,
1126,第8段階 ガルヴァニア・魔王城,メイン・イベント,,DARK_CASTLE_ELMENAS_ENCOUNTER,風詠のエルメナス,風詠のエルメナス。赤き鍵は渡さん。闇のプリズムに近づく人間を、私は信用していない。,,2/9,dark_castle_elmenas_encounter,event=dark_castle_elmenas_encounter; actions=CONV:DARK_CASTLE_ELMENAS_ENCOUNTER -> BOSS(value=301082),現行参照,story.js:4379,,
1127,第8段階 ガルヴァニア・魔王城,メイン・イベント,,DARK_CASTLE_ELMENAS_ENCOUNTER,ケイト,私たちは、プリズムを利用する方法を探しに来たわけではありません。,104,3/9,dark_castle_elmenas_encounter,event=dark_castle_elmenas_encounter; actions=CONV:DARK_CASTLE_ELMENAS_ENCOUNTER -> BOSS(value=301082),現行参照,story.js:4379,,
1128,第8段階 ガルヴァニア・魔王城,メイン・イベント,,DARK_CASTLE_ELMENAS_ENCOUNTER,風詠のエルメナス,『利用しない』と言いながら、王国は一度それを奪った。善意も命令も、結果の前では言い訳にならん。,,4/9,dark_castle_elmenas_encounter,event=dark_castle_elmenas_encounter; actions=CONV:DARK_CASTLE_ELMENAS_ENCOUNTER -> BOSS(value=301082),現行参照,story.js:4379,,
1129,第8段階 ガルヴァニア・魔王城,メイン・イベント,,DARK_CASTLE_ELMENAS_ENCOUNTER,ルーナ,私は、その歴史を『魔族から闇のプリズムを保護した』と教えられました。,401,5/9,dark_castle_elmenas_encounter,event=dark_castle_elmenas_encounter; actions=CONV:DARK_CASTLE_ELMENAS_ENCOUNTER -> BOSS(value=301082),現行参照,story.js:4379,,
1130,第8段階 ガルヴァニア・魔王城,メイン・イベント,,DARK_CASTLE_ELMENAS_ENCOUNTER,風詠のエルメナス,そして信じた。,,6/9,dark_castle_elmenas_encounter,event=dark_castle_elmenas_encounter; actions=CONV:DARK_CASTLE_ELMENAS_ENCOUNTER -> BOSS(value=301082),現行参照,story.js:4379,,
1131,第8段階 ガルヴァニア・魔王城,メイン・イベント,,DARK_CASTLE_ELMENAS_ENCOUNTER,ルーナ,……はい。だから今度は、教えられた答えではなく、目の前にあるものを見ます。,401,7/9,dark_castle_elmenas_encounter,event=dark_castle_elmenas_encounter; actions=CONV:DARK_CASTLE_ELMENAS_ENCOUNTER -> BOSS(value=301082),現行参照,story.js:4379,,
1132,第8段階 ガルヴァニア・魔王城,メイン・イベント,,DARK_CASTLE_ELMENAS_ENCOUNTER,シャオ,私も。何も見ないで帰るつもりはない。,105,8/9,dark_castle_elmenas_encounter,event=dark_castle_elmenas_encounter; actions=CONV:DARK_CASTLE_ELMENAS_ENCOUNTER -> BOSS(value=301082),現行参照,story.js:4379,,
1133,第8段階 ガルヴァニア・魔王城,メイン・イベント,,DARK_CASTLE_ELMENAS_ENCOUNTER,風詠のエルメナス,なら、見たものを自分で考えろ。力だけで答えを決める者を、王の前へは通せん。,,9/9,dark_castle_elmenas_encounter,event=dark_castle_elmenas_encounter; actions=CONV:DARK_CASTLE_ELMENAS_ENCOUNTER -> BOSS(value=301082),現行参照,story.js:4379,,
1134,第8段階 ガルヴァニア・魔王城,メイン・イベント,,DARK_CASTLE_ELMENAS_CLEAR,風詠のエルメナス,……なるほど。赤き鍵を持て。,,1/3,dark_castle_elmenas_clear,event=dark_castle_elmenas_clear; actions=CONV:DARK_CASTLE_ELMENAS_CLEAR,現行参照,story.js:4390,,
1135,第8段階 ガルヴァニア・魔王城,メイン・イベント,,DARK_CASTLE_ELMENAS_CLEAR,風詠のエルメナス,急いで答えを決めるな。玉座で見たものを、まずそのまま見ろ。,,2/3,dark_castle_elmenas_clear,event=dark_castle_elmenas_clear; actions=CONV:DARK_CASTLE_ELMENAS_CLEAR,現行参照,story.js:4390,,
1136,第8段階 ガルヴァニア・魔王城,メイン・イベント,,DARK_CASTLE_ELMENAS_CLEAR,シャオ,……やってみる。,105,3/3,dark_castle_elmenas_clear,event=dark_castle_elmenas_clear; actions=CONV:DARK_CASTLE_ELMENAS_CLEAR,現行参照,story.js:4390,,
1137,第8段階 ガルヴァニア・魔王城,メイン・イベント,,DARK_CASTLE_BELET_ELM_ENCOUNTER,システム,本館二階、夢幻回廊。歪む通路の中央で、一人の騎士が大剣を床へ突き立てている。,,1/7,dark_castle_belet_elm_encounter,event=dark_castle_belet_elm_encounter; actions=CONV:DARK_CASTLE_BELET_ELM_ENCOUNTER -> BOSS(value=301081),現行参照,story.js:4405,,
1138,第8段階 ガルヴァニア・魔王城,メイン・イベント,,DARK_CASTLE_BELET_ELM_ENCOUNTER,冥騎士ベレト,冥騎士ベレト。赤と青を越えたことは認めよう。,,2/7,dark_castle_belet_elm_encounter,event=dark_castle_belet_elm_encounter; actions=CONV:DARK_CASTLE_BELET_ELM_ENCOUNTER -> BOSS(value=301081),現行参照,story.js:4405,,
1139,第8段階 ガルヴァニア・魔王城,メイン・イベント,,DARK_CASTLE_BELET_ELM_ENCOUNTER,レイラ,あなたも、人間を信用できないから私たちを止めるのですか？,204,3/7,dark_castle_belet_elm_encounter,event=dark_castle_belet_elm_encounter; actions=CONV:DARK_CASTLE_BELET_ELM_ENCOUNTER -> BOSS(value=301081),現行参照,story.js:4405,,
1140,第8段階 ガルヴァニア・魔王城,メイン・イベント,,DARK_CASTLE_BELET_ELM_ENCOUNTER,冥騎士ベレト,思想の差異になど興味はない。貴様らが魔王様への謁見にふさわしい実力を持つか、それだけだ。,,4/7,dark_castle_belet_elm_encounter,event=dark_castle_belet_elm_encounter; actions=CONV:DARK_CASTLE_BELET_ELM_ENCOUNTER -> BOSS(value=301081),現行参照,story.js:4405,,
1141,第8段階 ガルヴァニア・魔王城,メイン・イベント,,DARK_CASTLE_BELET_ELM_ENCOUNTER,冥騎士ベレト,……聖女。そんな顔で剣を握るな。後悔で手が鈍るなら、ここで引き返せ。,,5/7,dark_castle_belet_elm_encounter,event=dark_castle_belet_elm_encounter; actions=CONV:DARK_CASTLE_BELET_ELM_ENCOUNTER -> BOSS(value=301081),現行参照,story.js:4405,,
1142,第8段階 ガルヴァニア・魔王城,メイン・イベント,,DARK_CASTLE_BELET_ELM_ENCOUNTER,ルーナ,後悔は、消しません。でも、もう目は逸らしません。,401,6/7,dark_castle_belet_elm_encounter,event=dark_castle_belet_elm_encounter; actions=CONV:DARK_CASTLE_BELET_ELM_ENCOUNTER -> BOSS(value=301081),現行参照,story.js:4405,,
1143,第8段階 ガルヴァニア・魔王城,メイン・イベント,,DARK_CASTLE_BELET_ELM_ENCOUNTER,冥騎士ベレト,よし。なら言葉は要らん。金の鍵が欲しければ、俺を越せ。,,7/7,dark_castle_belet_elm_encounter,event=dark_castle_belet_elm_encounter; actions=CONV:DARK_CASTLE_BELET_ELM_ENCOUNTER -> BOSS(value=301081),現行参照,story.js:4405,,
1144,第8段階 ガルヴァニア・魔王城,メイン・イベント,,DARK_CASTLE_BELET_ELM_CLEAR,冥騎士ベレト,見事だ。金の鍵を持て。,,1/3,dark_castle_belet_elm_clear,event=dark_castle_belet_elm_clear; actions=CONV:DARK_CASTLE_BELET_ELM_CLEAR,現行参照,story.js:4414,,
1145,第8段階 ガルヴァニア・魔王城,メイン・イベント,,DARK_CASTLE_BELET_ELM_CLEAR,冥騎士ベレト,約束どおり、俺はもう止めん。魔王様の前では、剣も言葉も偽るな。,,2/3,dark_castle_belet_elm_clear,event=dark_castle_belet_elm_clear; actions=CONV:DARK_CASTLE_BELET_ELM_CLEAR,現行参照,story.js:4414,,
1146,第8段階 ガルヴァニア・魔王城,メイン・イベント,,DARK_CASTLE_BELET_ELM_CLEAR,レイラ,……承知しました。,204,3/3,dark_castle_belet_elm_clear,event=dark_castle_belet_elm_clear; actions=CONV:DARK_CASTLE_BELET_ELM_CLEAR,現行参照,story.js:4414,,
1147,第8段階 ガルヴァニア・魔王城,メイン・イベント,,DARK_CASTLE_ZENON_ENCOUNTER,システム,"魔王城三階、謁見の間。
闇のプリズムは静かに脈打ち、玉座の前に魔王[N:402]が立っている。",,1/15,dark_castle_zenon_encounter,event=dark_castle_zenon_encounter; actions=CONV:DARK_CASTLE_ZENON_ENCOUNTER -> BOSS(value=301100),現行参照,story.js:4429,,
1148,第8段階 ガルヴァニア・魔王城,メイン・イベント,,DARK_CASTLE_ZENON_ENCOUNTER,魔王ゼノン,"三つの結界を越えたか。
ならば、言葉は少なくていい。",402,2/15,dark_castle_zenon_encounter,event=dark_castle_zenon_encounter; actions=CONV:DARK_CASTLE_ZENON_ENCOUNTER -> BOSS(value=301100),現行参照,story.js:4429,,
1149,第8段階 ガルヴァニア・魔王城,メイン・イベント,,DARK_CASTLE_ZENON_ENCOUNTER,シャオ,"私は……魔王より先に、聞きたい相手がいる。
シャニー姉さんは、ここにいるんでしょ。",105,3/15,dark_castle_zenon_encounter,event=dark_castle_zenon_encounter; actions=CONV:DARK_CASTLE_ZENON_ENCOUNTER -> BOSS(value=301100),現行参照,story.js:4429,,
1150,第8段階 ガルヴァニア・魔王城,メイン・イベント,,DARK_CASTLE_ZENON_ENCOUNTER,シャニー,……いる。,306,4/15,dark_castle_zenon_encounter,event=dark_castle_zenon_encounter; actions=CONV:DARK_CASTLE_ZENON_ENCOUNTER -> BOSS(value=301100),現行参照,story.js:4429,,
1151,第8段階 ガルヴァニア・魔王城,メイン・イベント,,DARK_CASTLE_ZENON_ENCOUNTER,シャオ,"なんで……里を捨てたの。
みんな、ずっと待ってたのに。",105,5/15,dark_castle_zenon_encounter,event=dark_castle_zenon_encounter; actions=CONV:DARK_CASTLE_ZENON_ENCOUNTER -> BOSS(value=301100),現行参照,story.js:4429,,
1152,第8段階 ガルヴァニア・魔王城,メイン・イベント,,DARK_CASTLE_ZENON_ENCOUNTER,魔王ゼノン,"捨てた、か。
戻れば、あの里が先に死んでいただけだ。",402,6/15,dark_castle_zenon_encounter,event=dark_castle_zenon_encounter; actions=CONV:DARK_CASTLE_ZENON_ENCOUNTER -> BOSS(value=301100),現行参照,story.js:4429,,
1153,第8段階 ガルヴァニア・魔王城,メイン・イベント,,DARK_CASTLE_ZENON_ENCOUNTER,シャオ,……何を、言ってる。,105,7/15,dark_castle_zenon_encounter,event=dark_castle_zenon_encounter; actions=CONV:DARK_CASTLE_ZENON_ENCOUNTER -> BOSS(value=301100),現行参照,story.js:4429,,
1154,第8段階 ガルヴァニア・魔王城,メイン・イベント,,DARK_CASTLE_ZENON_ENCOUNTER,魔王ゼノン,"幼い身で深淵に魅入られた者が、
人里で生きられると思うか。",402,8/15,dark_castle_zenon_encounter,event=dark_castle_zenon_encounter; actions=CONV:DARK_CASTLE_ZENON_ENCOUNTER -> BOSS(value=301100),現行参照,story.js:4429,,
1155,第8段階 ガルヴァニア・魔王城,メイン・イベント,,DARK_CASTLE_ZENON_ENCOUNTER,シャニー,ゼノン様。そこまででいい。,306,9/15,dark_castle_zenon_encounter,event=dark_castle_zenon_encounter; actions=CONV:DARK_CASTLE_ZENON_ENCOUNTER -> BOSS(value=301100),現行参照,story.js:4429,,
1156,第8段階 ガルヴァニア・魔王城,メイン・イベント,,DARK_CASTLE_ZENON_ENCOUNTER,魔王ゼノン,"……よかろう。
沈黙を選んだのは、お前だ。",402,10/15,dark_castle_zenon_encounter,event=dark_castle_zenon_encounter; actions=CONV:DARK_CASTLE_ZENON_ENCOUNTER -> BOSS(value=301100),現行参照,story.js:4429,,
1157,第8段階 ガルヴァニア・魔王城,メイン・イベント,,DARK_CASTLE_ZENON_ENCOUNTER,シャニー,"シャオ。今は話せない。
でも、里を嫌いになった日はない。",306,11/15,dark_castle_zenon_encounter,event=dark_castle_zenon_encounter; actions=CONV:DARK_CASTLE_ZENON_ENCOUNTER -> BOSS(value=301100),現行参照,story.js:4429,,
1158,第8段階 ガルヴァニア・魔王城,メイン・イベント,,DARK_CASTLE_ZENON_ENCOUNTER,シャオ,そんな言い方で、納得できるわけ……！,105,12/15,dark_castle_zenon_encounter,event=dark_castle_zenon_encounter; actions=CONV:DARK_CASTLE_ZENON_ENCOUNTER -> BOSS(value=301100),現行参照,story.js:4429,,
1159,第8段階 ガルヴァニア・魔王城,メイン・イベント,,DARK_CASTLE_ZENON_ENCOUNTER,シャニー,うん。だから、怒ってていい。,306,13/15,dark_castle_zenon_encounter,event=dark_castle_zenon_encounter; actions=CONV:DARK_CASTLE_ZENON_ENCOUNTER -> BOSS(value=301100),現行参照,story.js:4429,,
1160,第8段階 ガルヴァニア・魔王城,メイン・イベント,,DARK_CASTLE_ZENON_ENCOUNTER,魔王ゼノン,"家族の話なら、剣の後にしろ。
ここは玉座で、余は魔王だ。",402,14/15,dark_castle_zenon_encounter,event=dark_castle_zenon_encounter; actions=CONV:DARK_CASTLE_ZENON_ENCOUNTER -> BOSS(value=301100),現行参照,story.js:4429,,
1161,第8段階 ガルヴァニア・魔王城,メイン・イベント,,DARK_CASTLE_ZENON_ENCOUNTER,魔王ゼノン,"闇を恐れて膝をつく者か、闇の前で立つ者か。
余に示せ。",402,15/15,dark_castle_zenon_encounter,event=dark_castle_zenon_encounter; actions=CONV:DARK_CASTLE_ZENON_ENCOUNTER -> BOSS(value=301100),現行参照,story.js:4429,,
1162,第8段階 ガルヴァニア・魔王城,クエスト,禁則地の竜と智 [ryu_minerva_grezelia],QUEST_RYU_MINERVA_ENCOUNTER,ミネルバ,"待って。この留め具、
誰かが内側から削ってる。",,1/2,quest_ryu_minerva_encounter,event=quest_ryu_minerva_encounter; actions=CONV:QUEST_RYU_MINERVA_ENCOUNTER -> BOSS(value=301100),現行参照,story.js:4613,,
1163,第8段階 ガルヴァニア・魔王城,クエスト,禁則地の竜と智 [ryu_minerva_grezelia],QUEST_RYU_MINERVA_ENCOUNTER,リュウ,"来る。
話は生きて戻ってからだ。",,2/2,quest_ryu_minerva_encounter,event=quest_ryu_minerva_encounter; actions=CONV:QUEST_RYU_MINERVA_ENCOUNTER -> BOSS(value=301100),現行参照,story.js:4613,,
1164,第8段階 ガルヴァニア・魔王城,クエスト,禁則地の竜と智 [ryu_minerva_grezelia],QUEST_RYU_MINERVA_CLEAR,ミネルバ,"封じは解けた。でもね、留め具の削り方が気になるの。
王国の古い工房で見た癖と似てる。",,1/3,quest_ryu_minerva_clear,event=quest_ryu_minerva_clear; actions=CONV:QUEST_RYU_MINERVA_CLEAR,現行参照,story.js:4623,,
1165,第8段階 ガルヴァニア・魔王城,クエスト,禁則地の竜と智 [ryu_minerva_grezelia],QUEST_RYU_MINERVA_CLEAR,リュウ,"ならば追う。
言葉が要る時は、お前に任せる。",,2/3,quest_ryu_minerva_clear,event=quest_ryu_minerva_clear; actions=CONV:QUEST_RYU_MINERVA_CLEAR,現行参照,story.js:4623,,
1166,第8段階 ガルヴァニア・魔王城,クエスト,禁則地の竜と智 [ryu_minerva_grezelia],QUEST_RYU_MINERVA_CLEAR,ミネルバ,"交渉成立ね。
拳が要る時は、あなたに任せるわ。",,3/3,quest_ryu_minerva_clear,event=quest_ryu_minerva_clear; actions=CONV:QUEST_RYU_MINERVA_CLEAR,現行参照,story.js:4623,,
1167,第8段階 ガルヴァニア・魔王城,クエスト,ゼノンの禁則試練 [zenon_hidden_grezelia],QUEST_ZENON_ENCOUNTER,ゼノン,"封じたはずの最悪が、
まだ底で息をしている。",,1/2,quest_zenon_hidden_encounter,event=quest_zenon_hidden_encounter; actions=CONV:QUEST_ZENON_ENCOUNTER -> BOSS(value=401180),現行参照,story.js:4637,,
1168,第8段階 ガルヴァニア・魔王城,クエスト,ゼノンの禁則試練 [zenon_hidden_grezelia],QUEST_ZENON_ENCOUNTER,ゼノン,"私が縛る。
お前は、その間に斬れ。",,2/2,quest_zenon_hidden_encounter,event=quest_zenon_hidden_encounter; actions=CONV:QUEST_ZENON_ENCOUNTER -> BOSS(value=401180),現行参照,story.js:4637,,
1169,第8段階 ガルヴァニア・魔王城,クエスト,ゼノンの禁則試練 [zenon_hidden_grezelia],QUEST_ZENON_CLEAR,ゼノン,"恐怖で魔を縛れば、
人は私を魔王と呼ぶ。",,1/4,quest_zenon_hidden_clear,event=quest_zenon_hidden_clear; actions=CONV:QUEST_ZENON_CLEAR -> QUEST_COMPLETE,現行参照,story.js:4647,,
1170,第8段階 ガルヴァニア・魔王城,クエスト,ゼノンの禁則試練 [zenon_hidden_grezelia],QUEST_ZENON_CLEAR,ゼノン,"それで世界が保つなら、
名など好きに呼ばせてきた。",,2/4,quest_zenon_hidden_clear,event=quest_zenon_hidden_clear; actions=CONV:QUEST_ZENON_CLEAR -> QUEST_COMPLETE,現行参照,story.js:4647,,
1171,第8段階 ガルヴァニア・魔王城,クエスト,ゼノンの禁則試練 [zenon_hidden_grezelia],QUEST_ZENON_CLEAR,主人公,名ではなく、何を守るかを見る。,301,3/4,quest_zenon_hidden_clear,event=quest_zenon_hidden_clear; actions=CONV:QUEST_ZENON_CLEAR -> QUEST_COMPLETE,現行参照,story.js:4647,,
1172,第8段階 ガルヴァニア・魔王城,クエスト,ゼノンの禁則試練 [zenon_hidden_grezelia],QUEST_ZENON_CLEAR,ゼノン,"ならば見届けよう。
お前の剣が選ぶ、世界の続きを。",,4/4,quest_zenon_hidden_clear,event=quest_zenon_hidden_clear; actions=CONV:QUEST_ZENON_CLEAR -> QUEST_COMPLETE,現行参照,story.js:4647,,
1173,第8段階 ガルヴァニア・魔王城,深淵・追加ストーリー,,ABYSS_SPIRIT_PILGRIMAGE_ZENON_PHASE17,ゼノン,"深淵では境界が腐る。地上の精霊に会うという判断は悪くない。
だが、奴らが人間の都合に頷くと思うな。",,1/2,abyss_spirit_pilgrimage_proposal_phase17,event=abyss_spirit_pilgrimage_proposal_phase17; actions=CONV:ABYSS_SPIRIT_PILGRIMAGE_PROPOSAL_PHASE17 -> IF_ALLY -> IF_ALLY -> CONV:ABYSS_SPIRIT_PILGRIMAGE_CLOSE_PHASE17 -> FLAG(key=abyssSpiritPilgrimageStarted),現行参照,story.js:,,
1174,第8段階 ガルヴァニア・魔王城,深淵・追加ストーリー,,ABYSS_SPIRIT_PILGRIMAGE_ZENON_PHASE17,ミネルバ,思ってない。だから会いに行く。,,2/2,abyss_spirit_pilgrimage_proposal_phase17,event=abyss_spirit_pilgrimage_proposal_phase17; actions=CONV:ABYSS_SPIRIT_PILGRIMAGE_PROPOSAL_PHASE17 -> IF_ALLY -> IF_ALLY -> CONV:ABYSS_SPIRIT_PILGRIMAGE_CLOSE_PHASE17 -> FLAG(key=abyssSpiritPilgrimageStarted),現行参照,story.js:,,
1175,第8段階 ガルヴァニア・魔王城,メイン・イベント,魔王城ガルヴァニア,DARK_CASTLE_LOWER_PATROL_PRIORITY_PHASE8C,魔族兵A,人間が三人目を越えた。,,1/4,dark_castle_lower_patrol_priority_phase8c,event=dark_castle_lower_patrol_priority_phase8c; actions=CONV:DARK_CASTLE_LOWER_PATROL_PRIORITY_PHASE8C; 魔王城ガルヴァニア / 兵士たちの会話を聞く,現行参照,story.js:4319,,
1176,第8段階 ガルヴァニア・魔王城,メイン・イベント,魔王城ガルヴァニア,DARK_CASTLE_LOWER_PATROL_PRIORITY_PHASE8C,魔族兵B,知っている。下の巡回は減らすな。,,2/4,dark_castle_lower_patrol_priority_phase8c,event=dark_castle_lower_patrol_priority_phase8c; actions=CONV:DARK_CASTLE_LOWER_PATROL_PRIORITY_PHASE8C; 魔王城ガルヴァニア / 兵士たちの会話を聞く,現行参照,story.js:4319,,
1177,第8段階 ガルヴァニア・魔王城,メイン・イベント,魔王城ガルヴァニア,DARK_CASTLE_LOWER_PATROL_PRIORITY_PHASE8C,魔族兵A,だが――,,3/4,dark_castle_lower_patrol_priority_phase8c,event=dark_castle_lower_patrol_priority_phase8c; actions=CONV:DARK_CASTLE_LOWER_PATROL_PRIORITY_PHASE8C; 魔王城ガルヴァニア / 兵士たちの会話を聞く,現行参照,story.js:4319,,
1178,第8段階 ガルヴァニア・魔王城,メイン・イベント,魔王城ガルヴァニア,DARK_CASTLE_LOWER_PATROL_PRIORITY_PHASE8C,魔族兵B,下を空ける方が先に城が落ちる。,,4/4,dark_castle_lower_patrol_priority_phase8c,event=dark_castle_lower_patrol_priority_phase8c; actions=CONV:DARK_CASTLE_LOWER_PATROL_PRIORITY_PHASE8C; 魔王城ガルヴァニア / 兵士たちの会話を聞く,現行参照,story.js:4319,,
1179,第8段階 ガルヴァニア・魔王城,メイン・イベント,魔王城ガルヴァニア,DARK_CASTLE_RIFT_EMPLACEMENT_PHASE8C,システム,重い砲身は城外の平野ではなく、床下へ続く深い裂け目へ向けて固定されている。,,1/1,dark_castle_rift_emplacement_phase8c,event=dark_castle_rift_emplacement_phase8c; actions=CONV:DARK_CASTLE_RIFT_EMPLACEMENT_PHASE8C; 魔王城ガルヴァニア / 防衛設備を調べる,現行参照,story.js:4325,,
1180,第8段階 ガルヴァニア・魔王城,メイン・イベント,魔王城ガルヴァニア,DARK_CASTLE_REPAIR_LAYERS_PHASE8C,システム,"新しい石材の下に古い補修跡が幾重にも重なっている。
同じ場所を、何年も塞ぎ直してきたようだ。",,1/1,dark_castle_repair_layers_phase8c,event=dark_castle_repair_layers_phase8c; actions=CONV:DARK_CASTLE_REPAIR_LAYERS_PHASE8C; 魔王城ガルヴァニア / 補修痕を調べる,現行参照,story.js:4328,,
1181,第8段階 ガルヴァニア・魔王城,メイン・イベント,魔王城ガルヴァニア F7,DARK_CASTLE_CLEAR,魔王ゼノン,"――充分だ。
三人を越え、余の前でも退かなかった。それでいい。",402,1/54,dark_castle_clear / dark_castle_truth_phase8c_revisit,"event=dark_castle_clear; actions=CONV:DARK_CASTLE_CLEAR -> ALLY(value=306) -> STORY_EXP -> WORLD_STATE(value=3,key=lunaMemoryStage) -> SET_EXP_MULTIPLIER -> FLAG(key=prismBlessingsComplete) -> FLAG(key=secondIntegrationStarted) -> FLAG(key=darkCastleTruthPhase8CSeen) -> FLAG(key=darkCastleCleared) -> STEP(value=9) -> SUB(value=0) -> LOG(value=第二次統合が始まった。奈落への洞窟を越え、統合の祭壇へ急ごう。) || event=dark_castle_truth_phase8c_revisit; actions=CONV:DARK_CASTLE_CLEAR -> ALLY(value=306) -> STORY_EXP -> WORLD_STATE(value=3,key=lunaMemoryStage) -> SET_EXP_MULTIPLIER -> FLAG(key=prismBlessingsComplete) -> FLAG(key=secondIntegrationStarted) -> FLAG(key=darkCastleTruthPhase8CSeen); 魔王城ガルヴァニア F7 / ゼノンと話す",現行参照,story.js:4505,,
1182,第8段階 ガルヴァニア・魔王城,メイン・イベント,魔王城ガルヴァニア F7,DARK_CASTLE_CLEAR,システム,"ゼノンは武器を下ろし、玉座の後ろへ視線を向けた。
そこには闇のプリズムがある。濁りも傷もなく、静かに脈打っている。",,2/54,dark_castle_clear / dark_castle_truth_phase8c_revisit,"event=dark_castle_clear; actions=CONV:DARK_CASTLE_CLEAR -> ALLY(value=306) -> STORY_EXP -> WORLD_STATE(value=3,key=lunaMemoryStage) -> SET_EXP_MULTIPLIER -> FLAG(key=prismBlessingsComplete) -> FLAG(key=secondIntegrationStarted) -> FLAG(key=darkCastleTruthPhase8CSeen) -> FLAG(key=darkCastleCleared) -> STEP(value=9) -> SUB(value=0) -> LOG(value=第二次統合が始まった。奈落への洞窟を越え、統合の祭壇へ急ごう。) || event=dark_castle_truth_phase8c_revisit; actions=CONV:DARK_CASTLE_CLEAR -> ALLY(value=306) -> STORY_EXP -> WORLD_STATE(value=3,key=lunaMemoryStage) -> SET_EXP_MULTIPLIER -> FLAG(key=prismBlessingsComplete) -> FLAG(key=secondIntegrationStarted) -> FLAG(key=darkCastleTruthPhase8CSeen); 魔王城ガルヴァニア F7 / ゼノンと話す",現行参照,story.js:4505,,
1183,第8段階 ガルヴァニア・魔王城,メイン・イベント,魔王城ガルヴァニア F7,DARK_CASTLE_CLEAR,シャオ,"……ある。
壊れてない……。",105,3/54,dark_castle_clear / dark_castle_truth_phase8c_revisit,"event=dark_castle_clear; actions=CONV:DARK_CASTLE_CLEAR -> ALLY(value=306) -> STORY_EXP -> WORLD_STATE(value=3,key=lunaMemoryStage) -> SET_EXP_MULTIPLIER -> FLAG(key=prismBlessingsComplete) -> FLAG(key=secondIntegrationStarted) -> FLAG(key=darkCastleTruthPhase8CSeen) -> FLAG(key=darkCastleCleared) -> STEP(value=9) -> SUB(value=0) -> LOG(value=第二次統合が始まった。奈落への洞窟を越え、統合の祭壇へ急ごう。) || event=dark_castle_truth_phase8c_revisit; actions=CONV:DARK_CASTLE_CLEAR -> ALLY(value=306) -> STORY_EXP -> WORLD_STATE(value=3,key=lunaMemoryStage) -> SET_EXP_MULTIPLIER -> FLAG(key=prismBlessingsComplete) -> FLAG(key=secondIntegrationStarted) -> FLAG(key=darkCastleTruthPhase8CSeen); 魔王城ガルヴァニア F7 / ゼノンと話す",現行参照,story.js:4505,,
1184,第8段階 ガルヴァニア・魔王城,メイン・イベント,魔王城ガルヴァニア F7,DARK_CASTLE_CLEAR,シャオ,"じゃあ……何なの。
私たちが追ってきたものは……。",105,4/54,dark_castle_clear / dark_castle_truth_phase8c_revisit,"event=dark_castle_clear; actions=CONV:DARK_CASTLE_CLEAR -> ALLY(value=306) -> STORY_EXP -> WORLD_STATE(value=3,key=lunaMemoryStage) -> SET_EXP_MULTIPLIER -> FLAG(key=prismBlessingsComplete) -> FLAG(key=secondIntegrationStarted) -> FLAG(key=darkCastleTruthPhase8CSeen) -> FLAG(key=darkCastleCleared) -> STEP(value=9) -> SUB(value=0) -> LOG(value=第二次統合が始まった。奈落への洞窟を越え、統合の祭壇へ急ごう。) || event=dark_castle_truth_phase8c_revisit; actions=CONV:DARK_CASTLE_CLEAR -> ALLY(value=306) -> STORY_EXP -> WORLD_STATE(value=3,key=lunaMemoryStage) -> SET_EXP_MULTIPLIER -> FLAG(key=prismBlessingsComplete) -> FLAG(key=secondIntegrationStarted) -> FLAG(key=darkCastleTruthPhase8CSeen); 魔王城ガルヴァニア F7 / ゼノンと話す",現行参照,story.js:4505,,
1185,第8段階 ガルヴァニア・魔王城,メイン・イベント,魔王城ガルヴァニア F7,DARK_CASTLE_CLEAR,ルーナ,……触れてみます。,401,5/54,dark_castle_clear / dark_castle_truth_phase8c_revisit,"event=dark_castle_clear; actions=CONV:DARK_CASTLE_CLEAR -> ALLY(value=306) -> STORY_EXP -> WORLD_STATE(value=3,key=lunaMemoryStage) -> SET_EXP_MULTIPLIER -> FLAG(key=prismBlessingsComplete) -> FLAG(key=secondIntegrationStarted) -> FLAG(key=darkCastleTruthPhase8CSeen) -> FLAG(key=darkCastleCleared) -> STEP(value=9) -> SUB(value=0) -> LOG(value=第二次統合が始まった。奈落への洞窟を越え、統合の祭壇へ急ごう。) || event=dark_castle_truth_phase8c_revisit; actions=CONV:DARK_CASTLE_CLEAR -> ALLY(value=306) -> STORY_EXP -> WORLD_STATE(value=3,key=lunaMemoryStage) -> SET_EXP_MULTIPLIER -> FLAG(key=prismBlessingsComplete) -> FLAG(key=secondIntegrationStarted) -> FLAG(key=darkCastleTruthPhase8CSeen); 魔王城ガルヴァニア F7 / ゼノンと話す",現行参照,story.js:4505,,
1186,第8段階 ガルヴァニア・魔王城,メイン・イベント,魔王城ガルヴァニア F7,DARK_CASTLE_CLEAR,アルス,ルーナ。,301,6/54,dark_castle_clear / dark_castle_truth_phase8c_revisit,"event=dark_castle_clear; actions=CONV:DARK_CASTLE_CLEAR -> ALLY(value=306) -> STORY_EXP -> WORLD_STATE(value=3,key=lunaMemoryStage) -> SET_EXP_MULTIPLIER -> FLAG(key=prismBlessingsComplete) -> FLAG(key=secondIntegrationStarted) -> FLAG(key=darkCastleTruthPhase8CSeen) -> FLAG(key=darkCastleCleared) -> STEP(value=9) -> SUB(value=0) -> LOG(value=第二次統合が始まった。奈落への洞窟を越え、統合の祭壇へ急ごう。) || event=dark_castle_truth_phase8c_revisit; actions=CONV:DARK_CASTLE_CLEAR -> ALLY(value=306) -> STORY_EXP -> WORLD_STATE(value=3,key=lunaMemoryStage) -> SET_EXP_MULTIPLIER -> FLAG(key=prismBlessingsComplete) -> FLAG(key=secondIntegrationStarted) -> FLAG(key=darkCastleTruthPhase8CSeen); 魔王城ガルヴァニア F7 / ゼノンと話す",現行参照,story.js:4505,,
1187,第8段階 ガルヴァニア・魔王城,メイン・イベント,魔王城ガルヴァニア F7,DARK_CASTLE_CLEAR,ルーナ,大丈夫です。自分で確かめたいんです。,401,7/54,dark_castle_clear / dark_castle_truth_phase8c_revisit,"event=dark_castle_clear; actions=CONV:DARK_CASTLE_CLEAR -> ALLY(value=306) -> STORY_EXP -> WORLD_STATE(value=3,key=lunaMemoryStage) -> SET_EXP_MULTIPLIER -> FLAG(key=prismBlessingsComplete) -> FLAG(key=secondIntegrationStarted) -> FLAG(key=darkCastleTruthPhase8CSeen) -> FLAG(key=darkCastleCleared) -> STEP(value=9) -> SUB(value=0) -> LOG(value=第二次統合が始まった。奈落への洞窟を越え、統合の祭壇へ急ごう。) || event=dark_castle_truth_phase8c_revisit; actions=CONV:DARK_CASTLE_CLEAR -> ALLY(value=306) -> STORY_EXP -> WORLD_STATE(value=3,key=lunaMemoryStage) -> SET_EXP_MULTIPLIER -> FLAG(key=prismBlessingsComplete) -> FLAG(key=secondIntegrationStarted) -> FLAG(key=darkCastleTruthPhase8CSeen); 魔王城ガルヴァニア F7 / ゼノンと話す",現行参照,story.js:4505,,
1188,第8段階 ガルヴァニア・魔王城,メイン・イベント,魔王城ガルヴァニア F7,DARK_CASTLE_CLEAR,システム,"ルーナが闇のプリズムへ指先を触れた。
息が止まる。記憶の前と後が、境目を失って一度に流れ込む。",,8/54,dark_castle_clear / dark_castle_truth_phase8c_revisit,"event=dark_castle_clear; actions=CONV:DARK_CASTLE_CLEAR -> ALLY(value=306) -> STORY_EXP -> WORLD_STATE(value=3,key=lunaMemoryStage) -> SET_EXP_MULTIPLIER -> FLAG(key=prismBlessingsComplete) -> FLAG(key=secondIntegrationStarted) -> FLAG(key=darkCastleTruthPhase8CSeen) -> FLAG(key=darkCastleCleared) -> STEP(value=9) -> SUB(value=0) -> LOG(value=第二次統合が始まった。奈落への洞窟を越え、統合の祭壇へ急ごう。) || event=dark_castle_truth_phase8c_revisit; actions=CONV:DARK_CASTLE_CLEAR -> ALLY(value=306) -> STORY_EXP -> WORLD_STATE(value=3,key=lunaMemoryStage) -> SET_EXP_MULTIPLIER -> FLAG(key=prismBlessingsComplete) -> FLAG(key=secondIntegrationStarted) -> FLAG(key=darkCastleTruthPhase8CSeen); 魔王城ガルヴァニア F7 / ゼノンと話す",現行参照,story.js:4505,,
1189,第8段階 ガルヴァニア・魔王城,メイン・イベント,魔王城ガルヴァニア F7,DARK_CASTLE_CLEAR,システム,"夜の木々。湿った草の匂い。すぐそばの小さな寝息。
白い祈祷室。『闇は人を惑わす』と繰り返す声。討伐帰りの鎧。",,9/54,dark_castle_clear / dark_castle_truth_phase8c_revisit,"event=dark_castle_clear; actions=CONV:DARK_CASTLE_CLEAR -> ALLY(value=306) -> STORY_EXP -> WORLD_STATE(value=3,key=lunaMemoryStage) -> SET_EXP_MULTIPLIER -> FLAG(key=prismBlessingsComplete) -> FLAG(key=secondIntegrationStarted) -> FLAG(key=darkCastleTruthPhase8CSeen) -> FLAG(key=darkCastleCleared) -> STEP(value=9) -> SUB(value=0) -> LOG(value=第二次統合が始まった。奈落への洞窟を越え、統合の祭壇へ急ごう。) || event=dark_castle_truth_phase8c_revisit; actions=CONV:DARK_CASTLE_CLEAR -> ALLY(value=306) -> STORY_EXP -> WORLD_STATE(value=3,key=lunaMemoryStage) -> SET_EXP_MULTIPLIER -> FLAG(key=prismBlessingsComplete) -> FLAG(key=secondIntegrationStarted) -> FLAG(key=darkCastleTruthPhase8CSeen); 魔王城ガルヴァニア F7 / ゼノンと話す",現行参照,story.js:4505,,
1190,第8段階 ガルヴァニア・魔王城,メイン・イベント,魔王城ガルヴァニア F7,DARK_CASTLE_CLEAR,ルーナ,っ……！,401,10/54,dark_castle_clear / dark_castle_truth_phase8c_revisit,"event=dark_castle_clear; actions=CONV:DARK_CASTLE_CLEAR -> ALLY(value=306) -> STORY_EXP -> WORLD_STATE(value=3,key=lunaMemoryStage) -> SET_EXP_MULTIPLIER -> FLAG(key=prismBlessingsComplete) -> FLAG(key=secondIntegrationStarted) -> FLAG(key=darkCastleTruthPhase8CSeen) -> FLAG(key=darkCastleCleared) -> STEP(value=9) -> SUB(value=0) -> LOG(value=第二次統合が始まった。奈落への洞窟を越え、統合の祭壇へ急ごう。) || event=dark_castle_truth_phase8c_revisit; actions=CONV:DARK_CASTLE_CLEAR -> ALLY(value=306) -> STORY_EXP -> WORLD_STATE(value=3,key=lunaMemoryStage) -> SET_EXP_MULTIPLIER -> FLAG(key=prismBlessingsComplete) -> FLAG(key=secondIntegrationStarted) -> FLAG(key=darkCastleTruthPhase8CSeen); 魔王城ガルヴァニア F7 / ゼノンと話す",現行参照,story.js:4505,,
1191,第8段階 ガルヴァニア・魔王城,メイン・イベント,魔王城ガルヴァニア F7,DARK_CASTLE_CLEAR,システム,ルーナの膝から力が抜ける。アルスがすぐに肩を支えた。,,11/54,dark_castle_clear / dark_castle_truth_phase8c_revisit,"event=dark_castle_clear; actions=CONV:DARK_CASTLE_CLEAR -> ALLY(value=306) -> STORY_EXP -> WORLD_STATE(value=3,key=lunaMemoryStage) -> SET_EXP_MULTIPLIER -> FLAG(key=prismBlessingsComplete) -> FLAG(key=secondIntegrationStarted) -> FLAG(key=darkCastleTruthPhase8CSeen) -> FLAG(key=darkCastleCleared) -> STEP(value=9) -> SUB(value=0) -> LOG(value=第二次統合が始まった。奈落への洞窟を越え、統合の祭壇へ急ごう。) || event=dark_castle_truth_phase8c_revisit; actions=CONV:DARK_CASTLE_CLEAR -> ALLY(value=306) -> STORY_EXP -> WORLD_STATE(value=3,key=lunaMemoryStage) -> SET_EXP_MULTIPLIER -> FLAG(key=prismBlessingsComplete) -> FLAG(key=secondIntegrationStarted) -> FLAG(key=darkCastleTruthPhase8CSeen); 魔王城ガルヴァニア F7 / ゼノンと話す",現行参照,story.js:4505,,
1192,第8段階 ガルヴァニア・魔王城,メイン・イベント,魔王城ガルヴァニア F7,DARK_CASTLE_CLEAR,アルス,もういい。無理に戻さなくていい。,301,12/54,dark_castle_clear / dark_castle_truth_phase8c_revisit,"event=dark_castle_clear; actions=CONV:DARK_CASTLE_CLEAR -> ALLY(value=306) -> STORY_EXP -> WORLD_STATE(value=3,key=lunaMemoryStage) -> SET_EXP_MULTIPLIER -> FLAG(key=prismBlessingsComplete) -> FLAG(key=secondIntegrationStarted) -> FLAG(key=darkCastleTruthPhase8CSeen) -> FLAG(key=darkCastleCleared) -> STEP(value=9) -> SUB(value=0) -> LOG(value=第二次統合が始まった。奈落への洞窟を越え、統合の祭壇へ急ごう。) || event=dark_castle_truth_phase8c_revisit; actions=CONV:DARK_CASTLE_CLEAR -> ALLY(value=306) -> STORY_EXP -> WORLD_STATE(value=3,key=lunaMemoryStage) -> SET_EXP_MULTIPLIER -> FLAG(key=prismBlessingsComplete) -> FLAG(key=secondIntegrationStarted) -> FLAG(key=darkCastleTruthPhase8CSeen); 魔王城ガルヴァニア F7 / ゼノンと話す",現行参照,story.js:4505,,
1193,第8段階 ガルヴァニア・魔王城,メイン・イベント,魔王城ガルヴァニア F7,DARK_CASTLE_CLEAR,ルーナ,……嫌です。,401,13/54,dark_castle_clear / dark_castle_truth_phase8c_revisit,"event=dark_castle_clear; actions=CONV:DARK_CASTLE_CLEAR -> ALLY(value=306) -> STORY_EXP -> WORLD_STATE(value=3,key=lunaMemoryStage) -> SET_EXP_MULTIPLIER -> FLAG(key=prismBlessingsComplete) -> FLAG(key=secondIntegrationStarted) -> FLAG(key=darkCastleTruthPhase8CSeen) -> FLAG(key=darkCastleCleared) -> STEP(value=9) -> SUB(value=0) -> LOG(value=第二次統合が始まった。奈落への洞窟を越え、統合の祭壇へ急ごう。) || event=dark_castle_truth_phase8c_revisit; actions=CONV:DARK_CASTLE_CLEAR -> ALLY(value=306) -> STORY_EXP -> WORLD_STATE(value=3,key=lunaMemoryStage) -> SET_EXP_MULTIPLIER -> FLAG(key=prismBlessingsComplete) -> FLAG(key=secondIntegrationStarted) -> FLAG(key=darkCastleTruthPhase8CSeen); 魔王城ガルヴァニア F7 / ゼノンと話す",現行参照,story.js:4505,,
1194,第8段階 ガルヴァニア・魔王城,メイン・イベント,魔王城ガルヴァニア F7,DARK_CASTLE_CLEAR,ルーナ,"怖いです。頭も、すごく痛い。
でも……私にとっても、きっと大切な思い出だから。",401,14/54,dark_castle_clear / dark_castle_truth_phase8c_revisit,"event=dark_castle_clear; actions=CONV:DARK_CASTLE_CLEAR -> ALLY(value=306) -> STORY_EXP -> WORLD_STATE(value=3,key=lunaMemoryStage) -> SET_EXP_MULTIPLIER -> FLAG(key=prismBlessingsComplete) -> FLAG(key=secondIntegrationStarted) -> FLAG(key=darkCastleTruthPhase8CSeen) -> FLAG(key=darkCastleCleared) -> STEP(value=9) -> SUB(value=0) -> LOG(value=第二次統合が始まった。奈落への洞窟を越え、統合の祭壇へ急ごう。) || event=dark_castle_truth_phase8c_revisit; actions=CONV:DARK_CASTLE_CLEAR -> ALLY(value=306) -> STORY_EXP -> WORLD_STATE(value=3,key=lunaMemoryStage) -> SET_EXP_MULTIPLIER -> FLAG(key=prismBlessingsComplete) -> FLAG(key=secondIntegrationStarted) -> FLAG(key=darkCastleTruthPhase8CSeen); 魔王城ガルヴァニア F7 / ゼノンと話す",現行参照,story.js:4505,,
1195,第8段階 ガルヴァニア・魔王城,メイン・イベント,魔王城ガルヴァニア F7,DARK_CASTLE_CLEAR,ルーナ,もう少しだけ、頑張らせてください。,401,15/54,dark_castle_clear / dark_castle_truth_phase8c_revisit,"event=dark_castle_clear; actions=CONV:DARK_CASTLE_CLEAR -> ALLY(value=306) -> STORY_EXP -> WORLD_STATE(value=3,key=lunaMemoryStage) -> SET_EXP_MULTIPLIER -> FLAG(key=prismBlessingsComplete) -> FLAG(key=secondIntegrationStarted) -> FLAG(key=darkCastleTruthPhase8CSeen) -> FLAG(key=darkCastleCleared) -> STEP(value=9) -> SUB(value=0) -> LOG(value=第二次統合が始まった。奈落への洞窟を越え、統合の祭壇へ急ごう。) || event=dark_castle_truth_phase8c_revisit; actions=CONV:DARK_CASTLE_CLEAR -> ALLY(value=306) -> STORY_EXP -> WORLD_STATE(value=3,key=lunaMemoryStage) -> SET_EXP_MULTIPLIER -> FLAG(key=prismBlessingsComplete) -> FLAG(key=secondIntegrationStarted) -> FLAG(key=darkCastleTruthPhase8CSeen); 魔王城ガルヴァニア F7 / ゼノンと話す",現行参照,story.js:4505,,
1196,第8段階 ガルヴァニア・魔王城,メイン・イベント,魔王城ガルヴァニア F7,DARK_CASTLE_CLEAR,アルス,"……分かった。
倒れたら支える。",301,16/54,dark_castle_clear / dark_castle_truth_phase8c_revisit,"event=dark_castle_clear; actions=CONV:DARK_CASTLE_CLEAR -> ALLY(value=306) -> STORY_EXP -> WORLD_STATE(value=3,key=lunaMemoryStage) -> SET_EXP_MULTIPLIER -> FLAG(key=prismBlessingsComplete) -> FLAG(key=secondIntegrationStarted) -> FLAG(key=darkCastleTruthPhase8CSeen) -> FLAG(key=darkCastleCleared) -> STEP(value=9) -> SUB(value=0) -> LOG(value=第二次統合が始まった。奈落への洞窟を越え、統合の祭壇へ急ごう。) || event=dark_castle_truth_phase8c_revisit; actions=CONV:DARK_CASTLE_CLEAR -> ALLY(value=306) -> STORY_EXP -> WORLD_STATE(value=3,key=lunaMemoryStage) -> SET_EXP_MULTIPLIER -> FLAG(key=prismBlessingsComplete) -> FLAG(key=secondIntegrationStarted) -> FLAG(key=darkCastleTruthPhase8CSeen); 魔王城ガルヴァニア F7 / ゼノンと話す",現行参照,story.js:4505,,
1197,第8段階 ガルヴァニア・魔王城,メイン・イベント,魔王城ガルヴァニア F7,DARK_CASTLE_CLEAR,システム,"アルスの手が肩に残ったまま、ルーナはもう一度プリズムへ触れる。
今度は流れ込むものを拒まず、ひとつずつ受け止めた。",,17/54,dark_castle_clear / dark_castle_truth_phase8c_revisit,"event=dark_castle_clear; actions=CONV:DARK_CASTLE_CLEAR -> ALLY(value=306) -> STORY_EXP -> WORLD_STATE(value=3,key=lunaMemoryStage) -> SET_EXP_MULTIPLIER -> FLAG(key=prismBlessingsComplete) -> FLAG(key=secondIntegrationStarted) -> FLAG(key=darkCastleTruthPhase8CSeen) -> FLAG(key=darkCastleCleared) -> STEP(value=9) -> SUB(value=0) -> LOG(value=第二次統合が始まった。奈落への洞窟を越え、統合の祭壇へ急ごう。) || event=dark_castle_truth_phase8c_revisit; actions=CONV:DARK_CASTLE_CLEAR -> ALLY(value=306) -> STORY_EXP -> WORLD_STATE(value=3,key=lunaMemoryStage) -> SET_EXP_MULTIPLIER -> FLAG(key=prismBlessingsComplete) -> FLAG(key=secondIntegrationStarted) -> FLAG(key=darkCastleTruthPhase8CSeen); 魔王城ガルヴァニア F7 / ゼノンと話す",現行参照,story.js:4505,,
1198,第8段階 ガルヴァニア・魔王城,メイン・イベント,魔王城ガルヴァニア F7,DARK_CASTLE_CLEAR,ルーナ,"夜……。
窓の外で、葉っぱが鳴ってる。",401,18/54,dark_castle_clear / dark_castle_truth_phase8c_revisit,"event=dark_castle_clear; actions=CONV:DARK_CASTLE_CLEAR -> ALLY(value=306) -> STORY_EXP -> WORLD_STATE(value=3,key=lunaMemoryStage) -> SET_EXP_MULTIPLIER -> FLAG(key=prismBlessingsComplete) -> FLAG(key=secondIntegrationStarted) -> FLAG(key=darkCastleTruthPhase8CSeen) -> FLAG(key=darkCastleCleared) -> STEP(value=9) -> SUB(value=0) -> LOG(value=第二次統合が始まった。奈落への洞窟を越え、統合の祭壇へ急ごう。) || event=dark_castle_truth_phase8c_revisit; actions=CONV:DARK_CASTLE_CLEAR -> ALLY(value=306) -> STORY_EXP -> WORLD_STATE(value=3,key=lunaMemoryStage) -> SET_EXP_MULTIPLIER -> FLAG(key=prismBlessingsComplete) -> FLAG(key=secondIntegrationStarted) -> FLAG(key=darkCastleTruthPhase8CSeen); 魔王城ガルヴァニア F7 / ゼノンと話す",現行参照,story.js:4505,,
1199,第8段階 ガルヴァニア・魔王城,メイン・イベント,魔王城ガルヴァニア F7,DARK_CASTLE_CLEAR,ルーナ,"誰かが、すぐ近くで眠ってて……。
私、その子の手を握ってた。",401,19/54,dark_castle_clear / dark_castle_truth_phase8c_revisit,"event=dark_castle_clear; actions=CONV:DARK_CASTLE_CLEAR -> ALLY(value=306) -> STORY_EXP -> WORLD_STATE(value=3,key=lunaMemoryStage) -> SET_EXP_MULTIPLIER -> FLAG(key=prismBlessingsComplete) -> FLAG(key=secondIntegrationStarted) -> FLAG(key=darkCastleTruthPhase8CSeen) -> FLAG(key=darkCastleCleared) -> STEP(value=9) -> SUB(value=0) -> LOG(value=第二次統合が始まった。奈落への洞窟を越え、統合の祭壇へ急ごう。) || event=dark_castle_truth_phase8c_revisit; actions=CONV:DARK_CASTLE_CLEAR -> ALLY(value=306) -> STORY_EXP -> WORLD_STATE(value=3,key=lunaMemoryStage) -> SET_EXP_MULTIPLIER -> FLAG(key=prismBlessingsComplete) -> FLAG(key=secondIntegrationStarted) -> FLAG(key=darkCastleTruthPhase8CSeen); 魔王城ガルヴァニア F7 / ゼノンと話す",現行参照,story.js:4505,,
1200,第8段階 ガルヴァニア・魔王城,メイン・イベント,魔王城ガルヴァニア F7,DARK_CASTLE_CLEAR,ルーナ,"……暗かったのに。
安心してた。",401,20/54,dark_castle_clear / dark_castle_truth_phase8c_revisit,"event=dark_castle_clear; actions=CONV:DARK_CASTLE_CLEAR -> ALLY(value=306) -> STORY_EXP -> WORLD_STATE(value=3,key=lunaMemoryStage) -> SET_EXP_MULTIPLIER -> FLAG(key=prismBlessingsComplete) -> FLAG(key=secondIntegrationStarted) -> FLAG(key=darkCastleTruthPhase8CSeen) -> FLAG(key=darkCastleCleared) -> STEP(value=9) -> SUB(value=0) -> LOG(value=第二次統合が始まった。奈落への洞窟を越え、統合の祭壇へ急ごう。) || event=dark_castle_truth_phase8c_revisit; actions=CONV:DARK_CASTLE_CLEAR -> ALLY(value=306) -> STORY_EXP -> WORLD_STATE(value=3,key=lunaMemoryStage) -> SET_EXP_MULTIPLIER -> FLAG(key=prismBlessingsComplete) -> FLAG(key=secondIntegrationStarted) -> FLAG(key=darkCastleTruthPhase8CSeen); 魔王城ガルヴァニア F7 / ゼノンと話す",現行参照,story.js:4505,,
1201,第8段階 ガルヴァニア・魔王城,メイン・イベント,魔王城ガルヴァニア F7,DARK_CASTLE_CLEAR,シャオ,"アランは光を奪った時、『これで準備は整った』って言った。
なのに、闇はここにある……。",105,21/54,dark_castle_clear / dark_castle_truth_phase8c_revisit,"event=dark_castle_clear; actions=CONV:DARK_CASTLE_CLEAR -> ALLY(value=306) -> STORY_EXP -> WORLD_STATE(value=3,key=lunaMemoryStage) -> SET_EXP_MULTIPLIER -> FLAG(key=prismBlessingsComplete) -> FLAG(key=secondIntegrationStarted) -> FLAG(key=darkCastleTruthPhase8CSeen) -> FLAG(key=darkCastleCleared) -> STEP(value=9) -> SUB(value=0) -> LOG(value=第二次統合が始まった。奈落への洞窟を越え、統合の祭壇へ急ごう。) || event=dark_castle_truth_phase8c_revisit; actions=CONV:DARK_CASTLE_CLEAR -> ALLY(value=306) -> STORY_EXP -> WORLD_STATE(value=3,key=lunaMemoryStage) -> SET_EXP_MULTIPLIER -> FLAG(key=prismBlessingsComplete) -> FLAG(key=secondIntegrationStarted) -> FLAG(key=darkCastleTruthPhase8CSeen); 魔王城ガルヴァニア F7 / ゼノンと話す",現行参照,story.js:4505,,
1202,第8段階 ガルヴァニア・魔王城,メイン・イベント,魔王城ガルヴァニア F7,DARK_CASTLE_CLEAR,魔王ゼノン,当然だ。奴らに、今この闇を奪う必要はなかった。,402,22/54,dark_castle_clear / dark_castle_truth_phase8c_revisit,"event=dark_castle_clear; actions=CONV:DARK_CASTLE_CLEAR -> ALLY(value=306) -> STORY_EXP -> WORLD_STATE(value=3,key=lunaMemoryStage) -> SET_EXP_MULTIPLIER -> FLAG(key=prismBlessingsComplete) -> FLAG(key=secondIntegrationStarted) -> FLAG(key=darkCastleTruthPhase8CSeen) -> FLAG(key=darkCastleCleared) -> STEP(value=9) -> SUB(value=0) -> LOG(value=第二次統合が始まった。奈落への洞窟を越え、統合の祭壇へ急ごう。) || event=dark_castle_truth_phase8c_revisit; actions=CONV:DARK_CASTLE_CLEAR -> ALLY(value=306) -> STORY_EXP -> WORLD_STATE(value=3,key=lunaMemoryStage) -> SET_EXP_MULTIPLIER -> FLAG(key=prismBlessingsComplete) -> FLAG(key=secondIntegrationStarted) -> FLAG(key=darkCastleTruthPhase8CSeen); 魔王城ガルヴァニア F7 / ゼノンと話す",現行参照,story.js:4505,,
1203,第8段階 ガルヴァニア・魔王城,メイン・イベント,魔王城ガルヴァニア F7,DARK_CASTLE_CLEAR,魔王ゼノン,"六年前、王国は暗魔帝国エクリプスを滅ぼし、闇のプリズムを奪った。
余がこれを取り戻したのは、あの崩壊の後だ。",402,23/54,dark_castle_clear / dark_castle_truth_phase8c_revisit,"event=dark_castle_clear; actions=CONV:DARK_CASTLE_CLEAR -> ALLY(value=306) -> STORY_EXP -> WORLD_STATE(value=3,key=lunaMemoryStage) -> SET_EXP_MULTIPLIER -> FLAG(key=prismBlessingsComplete) -> FLAG(key=secondIntegrationStarted) -> FLAG(key=darkCastleTruthPhase8CSeen) -> FLAG(key=darkCastleCleared) -> STEP(value=9) -> SUB(value=0) -> LOG(value=第二次統合が始まった。奈落への洞窟を越え、統合の祭壇へ急ごう。) || event=dark_castle_truth_phase8c_revisit; actions=CONV:DARK_CASTLE_CLEAR -> ALLY(value=306) -> STORY_EXP -> WORLD_STATE(value=3,key=lunaMemoryStage) -> SET_EXP_MULTIPLIER -> FLAG(key=prismBlessingsComplete) -> FLAG(key=secondIntegrationStarted) -> FLAG(key=darkCastleTruthPhase8CSeen); 魔王城ガルヴァニア F7 / ゼノンと話す",現行参照,story.js:4505,,
1204,第8段階 ガルヴァニア・魔王城,メイン・イベント,魔王城ガルヴァニア F7,DARK_CASTLE_CLEAR,魔王ゼノン,"闇のプリズムも。戦場に残った魔力も。死んだ人間も、魔族も。
奴らは、すべて記録にした。",402,24/54,dark_castle_clear / dark_castle_truth_phase8c_revisit,"event=dark_castle_clear; actions=CONV:DARK_CASTLE_CLEAR -> ALLY(value=306) -> STORY_EXP -> WORLD_STATE(value=3,key=lunaMemoryStage) -> SET_EXP_MULTIPLIER -> FLAG(key=prismBlessingsComplete) -> FLAG(key=secondIntegrationStarted) -> FLAG(key=darkCastleTruthPhase8CSeen) -> FLAG(key=darkCastleCleared) -> STEP(value=9) -> SUB(value=0) -> LOG(value=第二次統合が始まった。奈落への洞窟を越え、統合の祭壇へ急ごう。) || event=dark_castle_truth_phase8c_revisit; actions=CONV:DARK_CASTLE_CLEAR -> ALLY(value=306) -> STORY_EXP -> WORLD_STATE(value=3,key=lunaMemoryStage) -> SET_EXP_MULTIPLIER -> FLAG(key=prismBlessingsComplete) -> FLAG(key=secondIntegrationStarted) -> FLAG(key=darkCastleTruthPhase8CSeen); 魔王城ガルヴァニア F7 / ゼノンと話す",現行参照,story.js:4505,,
1205,第8段階 ガルヴァニア・魔王城,メイン・イベント,魔王城ガルヴァニア F7,DARK_CASTLE_CLEAR,魔王ゼノン,エクリプスが滅びた時点で、闇を統合へ組み込む研究は必要なところまで終わっていた。,402,25/54,dark_castle_clear / dark_castle_truth_phase8c_revisit,"event=dark_castle_clear; actions=CONV:DARK_CASTLE_CLEAR -> ALLY(value=306) -> STORY_EXP -> WORLD_STATE(value=3,key=lunaMemoryStage) -> SET_EXP_MULTIPLIER -> FLAG(key=prismBlessingsComplete) -> FLAG(key=secondIntegrationStarted) -> FLAG(key=darkCastleTruthPhase8CSeen) -> FLAG(key=darkCastleCleared) -> STEP(value=9) -> SUB(value=0) -> LOG(value=第二次統合が始まった。奈落への洞窟を越え、統合の祭壇へ急ごう。) || event=dark_castle_truth_phase8c_revisit; actions=CONV:DARK_CASTLE_CLEAR -> ALLY(value=306) -> STORY_EXP -> WORLD_STATE(value=3,key=lunaMemoryStage) -> SET_EXP_MULTIPLIER -> FLAG(key=prismBlessingsComplete) -> FLAG(key=secondIntegrationStarted) -> FLAG(key=darkCastleTruthPhase8CSeen); 魔王城ガルヴァニア F7 / ゼノンと話す",現行参照,story.js:4505,,
1206,第8段階 ガルヴァニア・魔王城,メイン・イベント,魔王城ガルヴァニア F7,DARK_CASTLE_CLEAR,ルーナ,"……私は、聖女として魔族討伐に出ました。
教えられた歴史を信じて、それが人を守ることだと思っていました。",401,26/54,dark_castle_clear / dark_castle_truth_phase8c_revisit,"event=dark_castle_clear; actions=CONV:DARK_CASTLE_CLEAR -> ALLY(value=306) -> STORY_EXP -> WORLD_STATE(value=3,key=lunaMemoryStage) -> SET_EXP_MULTIPLIER -> FLAG(key=prismBlessingsComplete) -> FLAG(key=secondIntegrationStarted) -> FLAG(key=darkCastleTruthPhase8CSeen) -> FLAG(key=darkCastleCleared) -> STEP(value=9) -> SUB(value=0) -> LOG(value=第二次統合が始まった。奈落への洞窟を越え、統合の祭壇へ急ごう。) || event=dark_castle_truth_phase8c_revisit; actions=CONV:DARK_CASTLE_CLEAR -> ALLY(value=306) -> STORY_EXP -> WORLD_STATE(value=3,key=lunaMemoryStage) -> SET_EXP_MULTIPLIER -> FLAG(key=prismBlessingsComplete) -> FLAG(key=secondIntegrationStarted) -> FLAG(key=darkCastleTruthPhase8CSeen); 魔王城ガルヴァニア F7 / ゼノンと話す",現行参照,story.js:4505,,
1207,第8段階 ガルヴァニア・魔王城,メイン・イベント,魔王城ガルヴァニア F7,DARK_CASTLE_CLEAR,ルーナ,……ごめんなさい。,401,27/54,dark_castle_clear / dark_castle_truth_phase8c_revisit,"event=dark_castle_clear; actions=CONV:DARK_CASTLE_CLEAR -> ALLY(value=306) -> STORY_EXP -> WORLD_STATE(value=3,key=lunaMemoryStage) -> SET_EXP_MULTIPLIER -> FLAG(key=prismBlessingsComplete) -> FLAG(key=secondIntegrationStarted) -> FLAG(key=darkCastleTruthPhase8CSeen) -> FLAG(key=darkCastleCleared) -> STEP(value=9) -> SUB(value=0) -> LOG(value=第二次統合が始まった。奈落への洞窟を越え、統合の祭壇へ急ごう。) || event=dark_castle_truth_phase8c_revisit; actions=CONV:DARK_CASTLE_CLEAR -> ALLY(value=306) -> STORY_EXP -> WORLD_STATE(value=3,key=lunaMemoryStage) -> SET_EXP_MULTIPLIER -> FLAG(key=prismBlessingsComplete) -> FLAG(key=secondIntegrationStarted) -> FLAG(key=darkCastleTruthPhase8CSeen); 魔王城ガルヴァニア F7 / ゼノンと話す",現行参照,story.js:4505,,
1208,第8段階 ガルヴァニア・魔王城,メイン・イベント,魔王城ガルヴァニア F7,DARK_CASTLE_CLEAR,魔王ゼノン,謝罪で死者は戻らん。,402,28/54,dark_castle_clear / dark_castle_truth_phase8c_revisit,"event=dark_castle_clear; actions=CONV:DARK_CASTLE_CLEAR -> ALLY(value=306) -> STORY_EXP -> WORLD_STATE(value=3,key=lunaMemoryStage) -> SET_EXP_MULTIPLIER -> FLAG(key=prismBlessingsComplete) -> FLAG(key=secondIntegrationStarted) -> FLAG(key=darkCastleTruthPhase8CSeen) -> FLAG(key=darkCastleCleared) -> STEP(value=9) -> SUB(value=0) -> LOG(value=第二次統合が始まった。奈落への洞窟を越え、統合の祭壇へ急ごう。) || event=dark_castle_truth_phase8c_revisit; actions=CONV:DARK_CASTLE_CLEAR -> ALLY(value=306) -> STORY_EXP -> WORLD_STATE(value=3,key=lunaMemoryStage) -> SET_EXP_MULTIPLIER -> FLAG(key=prismBlessingsComplete) -> FLAG(key=secondIntegrationStarted) -> FLAG(key=darkCastleTruthPhase8CSeen); 魔王城ガルヴァニア F7 / ゼノンと話す",現行参照,story.js:4505,,
1209,第8段階 ガルヴァニア・魔王城,メイン・イベント,魔王城ガルヴァニア F7,DARK_CASTLE_CLEAR,ルーナ,"はい。だから、許してほしいとは言いません。
知らなかったことを、言い訳にもしたくありません。",401,29/54,dark_castle_clear / dark_castle_truth_phase8c_revisit,"event=dark_castle_clear; actions=CONV:DARK_CASTLE_CLEAR -> ALLY(value=306) -> STORY_EXP -> WORLD_STATE(value=3,key=lunaMemoryStage) -> SET_EXP_MULTIPLIER -> FLAG(key=prismBlessingsComplete) -> FLAG(key=secondIntegrationStarted) -> FLAG(key=darkCastleTruthPhase8CSeen) -> FLAG(key=darkCastleCleared) -> STEP(value=9) -> SUB(value=0) -> LOG(value=第二次統合が始まった。奈落への洞窟を越え、統合の祭壇へ急ごう。) || event=dark_castle_truth_phase8c_revisit; actions=CONV:DARK_CASTLE_CLEAR -> ALLY(value=306) -> STORY_EXP -> WORLD_STATE(value=3,key=lunaMemoryStage) -> SET_EXP_MULTIPLIER -> FLAG(key=prismBlessingsComplete) -> FLAG(key=secondIntegrationStarted) -> FLAG(key=darkCastleTruthPhase8CSeen); 魔王城ガルヴァニア F7 / ゼノンと話す",現行参照,story.js:4505,,
1210,第8段階 ガルヴァニア・魔王城,メイン・イベント,魔王城ガルヴァニア F7,DARK_CASTLE_CLEAR,ルーナ,"今度は、自分で見て、自分で選びます。
誰かに教えられた正義ではなく、目の前の人を守るために……もう一度、戦います。",401,30/54,dark_castle_clear / dark_castle_truth_phase8c_revisit,"event=dark_castle_clear; actions=CONV:DARK_CASTLE_CLEAR -> ALLY(value=306) -> STORY_EXP -> WORLD_STATE(value=3,key=lunaMemoryStage) -> SET_EXP_MULTIPLIER -> FLAG(key=prismBlessingsComplete) -> FLAG(key=secondIntegrationStarted) -> FLAG(key=darkCastleTruthPhase8CSeen) -> FLAG(key=darkCastleCleared) -> STEP(value=9) -> SUB(value=0) -> LOG(value=第二次統合が始まった。奈落への洞窟を越え、統合の祭壇へ急ごう。) || event=dark_castle_truth_phase8c_revisit; actions=CONV:DARK_CASTLE_CLEAR -> ALLY(value=306) -> STORY_EXP -> WORLD_STATE(value=3,key=lunaMemoryStage) -> SET_EXP_MULTIPLIER -> FLAG(key=prismBlessingsComplete) -> FLAG(key=secondIntegrationStarted) -> FLAG(key=darkCastleTruthPhase8CSeen); 魔王城ガルヴァニア F7 / ゼノンと話す",現行参照,story.js:4505,,
1211,第8段階 ガルヴァニア・魔王城,メイン・イベント,魔王城ガルヴァニア F7,DARK_CASTLE_CLEAR,魔王ゼノン,なら、次に振るう力で示せ。,402,31/54,dark_castle_clear / dark_castle_truth_phase8c_revisit,"event=dark_castle_clear; actions=CONV:DARK_CASTLE_CLEAR -> ALLY(value=306) -> STORY_EXP -> WORLD_STATE(value=3,key=lunaMemoryStage) -> SET_EXP_MULTIPLIER -> FLAG(key=prismBlessingsComplete) -> FLAG(key=secondIntegrationStarted) -> FLAG(key=darkCastleTruthPhase8CSeen) -> FLAG(key=darkCastleCleared) -> STEP(value=9) -> SUB(value=0) -> LOG(value=第二次統合が始まった。奈落への洞窟を越え、統合の祭壇へ急ごう。) || event=dark_castle_truth_phase8c_revisit; actions=CONV:DARK_CASTLE_CLEAR -> ALLY(value=306) -> STORY_EXP -> WORLD_STATE(value=3,key=lunaMemoryStage) -> SET_EXP_MULTIPLIER -> FLAG(key=prismBlessingsComplete) -> FLAG(key=secondIntegrationStarted) -> FLAG(key=darkCastleTruthPhase8CSeen); 魔王城ガルヴァニア F7 / ゼノンと話す",現行参照,story.js:4505,,
1212,第8段階 ガルヴァニア・魔王城,メイン・イベント,魔王城ガルヴァニア F7,DARK_CASTLE_CLEAR,魔王ゼノン,"余も最初から答えを知っていたわけではない。
リーシアが守った遺稿。ソフィアが受け継いだ失敗の記録。",402,32/54,dark_castle_clear / dark_castle_truth_phase8c_revisit,"event=dark_castle_clear; actions=CONV:DARK_CASTLE_CLEAR -> ALLY(value=306) -> STORY_EXP -> WORLD_STATE(value=3,key=lunaMemoryStage) -> SET_EXP_MULTIPLIER -> FLAG(key=prismBlessingsComplete) -> FLAG(key=secondIntegrationStarted) -> FLAG(key=darkCastleTruthPhase8CSeen) -> FLAG(key=darkCastleCleared) -> STEP(value=9) -> SUB(value=0) -> LOG(value=第二次統合が始まった。奈落への洞窟を越え、統合の祭壇へ急ごう。) || event=dark_castle_truth_phase8c_revisit; actions=CONV:DARK_CASTLE_CLEAR -> ALLY(value=306) -> STORY_EXP -> WORLD_STATE(value=3,key=lunaMemoryStage) -> SET_EXP_MULTIPLIER -> FLAG(key=prismBlessingsComplete) -> FLAG(key=secondIntegrationStarted) -> FLAG(key=darkCastleTruthPhase8CSeen); 魔王城ガルヴァニア F7 / ゼノンと話す",現行参照,story.js:4505,,
1213,第8段階 ガルヴァニア・魔王城,メイン・イベント,魔王城ガルヴァニア F7,DARK_CASTLE_CLEAR,魔王ゼノン,"ミネルバが結晶樹で見つけた循環。
そして余が、魔術で確かめた実測。それらを重ねて、ようやく輪郭が見えた。",402,33/54,dark_castle_clear / dark_castle_truth_phase8c_revisit,"event=dark_castle_clear; actions=CONV:DARK_CASTLE_CLEAR -> ALLY(value=306) -> STORY_EXP -> WORLD_STATE(value=3,key=lunaMemoryStage) -> SET_EXP_MULTIPLIER -> FLAG(key=prismBlessingsComplete) -> FLAG(key=secondIntegrationStarted) -> FLAG(key=darkCastleTruthPhase8CSeen) -> FLAG(key=darkCastleCleared) -> STEP(value=9) -> SUB(value=0) -> LOG(value=第二次統合が始まった。奈落への洞窟を越え、統合の祭壇へ急ごう。) || event=dark_castle_truth_phase8c_revisit; actions=CONV:DARK_CASTLE_CLEAR -> ALLY(value=306) -> STORY_EXP -> WORLD_STATE(value=3,key=lunaMemoryStage) -> SET_EXP_MULTIPLIER -> FLAG(key=prismBlessingsComplete) -> FLAG(key=secondIntegrationStarted) -> FLAG(key=darkCastleTruthPhase8CSeen); 魔王城ガルヴァニア F7 / ゼノンと話す",現行参照,story.js:4505,,
1214,第8段階 ガルヴァニア・魔王城,メイン・イベント,魔王城ガルヴァニア F7,DARK_CASTLE_CLEAR,ケイト,……この統合術式。順番が、ない。,104,34/54,dark_castle_clear / dark_castle_truth_phase8c_revisit,"event=dark_castle_clear; actions=CONV:DARK_CASTLE_CLEAR -> ALLY(value=306) -> STORY_EXP -> WORLD_STATE(value=3,key=lunaMemoryStage) -> SET_EXP_MULTIPLIER -> FLAG(key=prismBlessingsComplete) -> FLAG(key=secondIntegrationStarted) -> FLAG(key=darkCastleTruthPhase8CSeen) -> FLAG(key=darkCastleCleared) -> STEP(value=9) -> SUB(value=0) -> LOG(value=第二次統合が始まった。奈落への洞窟を越え、統合の祭壇へ急ごう。) || event=dark_castle_truth_phase8c_revisit; actions=CONV:DARK_CASTLE_CLEAR -> ALLY(value=306) -> STORY_EXP -> WORLD_STATE(value=3,key=lunaMemoryStage) -> SET_EXP_MULTIPLIER -> FLAG(key=prismBlessingsComplete) -> FLAG(key=secondIntegrationStarted) -> FLAG(key=darkCastleTruthPhase8CSeen); 魔王城ガルヴァニア F7 / ゼノンと話す",現行参照,story.js:4505,,
1215,第8段階 ガルヴァニア・魔王城,メイン・イベント,魔王城ガルヴァニア F7,DARK_CASTLE_CLEAR,ケイト,"結晶樹では、水から始めて……最後に闇へ渡しました。
でも、この儀式は六つ全部を……同じ場所で、同時に止めようとしてる。",104,35/54,dark_castle_clear / dark_castle_truth_phase8c_revisit,"event=dark_castle_clear; actions=CONV:DARK_CASTLE_CLEAR -> ALLY(value=306) -> STORY_EXP -> WORLD_STATE(value=3,key=lunaMemoryStage) -> SET_EXP_MULTIPLIER -> FLAG(key=prismBlessingsComplete) -> FLAG(key=secondIntegrationStarted) -> FLAG(key=darkCastleTruthPhase8CSeen) -> FLAG(key=darkCastleCleared) -> STEP(value=9) -> SUB(value=0) -> LOG(value=第二次統合が始まった。奈落への洞窟を越え、統合の祭壇へ急ごう。) || event=dark_castle_truth_phase8c_revisit; actions=CONV:DARK_CASTLE_CLEAR -> ALLY(value=306) -> STORY_EXP -> WORLD_STATE(value=3,key=lunaMemoryStage) -> SET_EXP_MULTIPLIER -> FLAG(key=prismBlessingsComplete) -> FLAG(key=secondIntegrationStarted) -> FLAG(key=darkCastleTruthPhase8CSeen); 魔王城ガルヴァニア F7 / ゼノンと話す",現行参照,story.js:4505,,
1216,第8段階 ガルヴァニア・魔王城,メイン・イベント,魔王城ガルヴァニア F7,DARK_CASTLE_CLEAR,ケイト,"属性は、一つになりたがってるんじゃない。
違うまま、巡ってるから……生きていられる。",104,36/54,dark_castle_clear / dark_castle_truth_phase8c_revisit,"event=dark_castle_clear; actions=CONV:DARK_CASTLE_CLEAR -> ALLY(value=306) -> STORY_EXP -> WORLD_STATE(value=3,key=lunaMemoryStage) -> SET_EXP_MULTIPLIER -> FLAG(key=prismBlessingsComplete) -> FLAG(key=secondIntegrationStarted) -> FLAG(key=darkCastleTruthPhase8CSeen) -> FLAG(key=darkCastleCleared) -> STEP(value=9) -> SUB(value=0) -> LOG(value=第二次統合が始まった。奈落への洞窟を越え、統合の祭壇へ急ごう。) || event=dark_castle_truth_phase8c_revisit; actions=CONV:DARK_CASTLE_CLEAR -> ALLY(value=306) -> STORY_EXP -> WORLD_STATE(value=3,key=lunaMemoryStage) -> SET_EXP_MULTIPLIER -> FLAG(key=prismBlessingsComplete) -> FLAG(key=secondIntegrationStarted) -> FLAG(key=darkCastleTruthPhase8CSeen); 魔王城ガルヴァニア F7 / ゼノンと話す",現行参照,story.js:4505,,
1217,第8段階 ガルヴァニア・魔王城,メイン・イベント,魔王城ガルヴァニア F7,DARK_CASTLE_CLEAR,魔王ゼノン,"『調和』と『統合』を、同じ言葉で括った。
それが最初の間違いだ。",402,37/54,dark_castle_clear / dark_castle_truth_phase8c_revisit,"event=dark_castle_clear; actions=CONV:DARK_CASTLE_CLEAR -> ALLY(value=306) -> STORY_EXP -> WORLD_STATE(value=3,key=lunaMemoryStage) -> SET_EXP_MULTIPLIER -> FLAG(key=prismBlessingsComplete) -> FLAG(key=secondIntegrationStarted) -> FLAG(key=darkCastleTruthPhase8CSeen) -> FLAG(key=darkCastleCleared) -> STEP(value=9) -> SUB(value=0) -> LOG(value=第二次統合が始まった。奈落への洞窟を越え、統合の祭壇へ急ごう。) || event=dark_castle_truth_phase8c_revisit; actions=CONV:DARK_CASTLE_CLEAR -> ALLY(value=306) -> STORY_EXP -> WORLD_STATE(value=3,key=lunaMemoryStage) -> SET_EXP_MULTIPLIER -> FLAG(key=prismBlessingsComplete) -> FLAG(key=secondIntegrationStarted) -> FLAG(key=darkCastleTruthPhase8CSeen); 魔王城ガルヴァニア F7 / ゼノンと話す",現行参照,story.js:4505,,
1218,第8段階 ガルヴァニア・魔王城,メイン・イベント,魔王城ガルヴァニア F7,DARK_CASTLE_CLEAR,シャオ,私……黒いものを見たら、魔族の仕業だって決めつけてた。,105,38/54,dark_castle_clear / dark_castle_truth_phase8c_revisit,"event=dark_castle_clear; actions=CONV:DARK_CASTLE_CLEAR -> ALLY(value=306) -> STORY_EXP -> WORLD_STATE(value=3,key=lunaMemoryStage) -> SET_EXP_MULTIPLIER -> FLAG(key=prismBlessingsComplete) -> FLAG(key=secondIntegrationStarted) -> FLAG(key=darkCastleTruthPhase8CSeen) -> FLAG(key=darkCastleCleared) -> STEP(value=9) -> SUB(value=0) -> LOG(value=第二次統合が始まった。奈落への洞窟を越え、統合の祭壇へ急ごう。) || event=dark_castle_truth_phase8c_revisit; actions=CONV:DARK_CASTLE_CLEAR -> ALLY(value=306) -> STORY_EXP -> WORLD_STATE(value=3,key=lunaMemoryStage) -> SET_EXP_MULTIPLIER -> FLAG(key=prismBlessingsComplete) -> FLAG(key=secondIntegrationStarted) -> FLAG(key=darkCastleTruthPhase8CSeen); 魔王城ガルヴァニア F7 / ゼノンと話す",現行参照,story.js:4505,,
1219,第8段階 ガルヴァニア・魔王城,メイン・イベント,魔王城ガルヴァニア F7,DARK_CASTLE_CLEAR,魔王ゼノン,"余を善と呼ぶ気ならやめろ。不快だ。
余も、人間を好いてはいない。だが――世界を深淵へ渡す気もない。",402,39/54,dark_castle_clear / dark_castle_truth_phase8c_revisit,"event=dark_castle_clear; actions=CONV:DARK_CASTLE_CLEAR -> ALLY(value=306) -> STORY_EXP -> WORLD_STATE(value=3,key=lunaMemoryStage) -> SET_EXP_MULTIPLIER -> FLAG(key=prismBlessingsComplete) -> FLAG(key=secondIntegrationStarted) -> FLAG(key=darkCastleTruthPhase8CSeen) -> FLAG(key=darkCastleCleared) -> STEP(value=9) -> SUB(value=0) -> LOG(value=第二次統合が始まった。奈落への洞窟を越え、統合の祭壇へ急ごう。) || event=dark_castle_truth_phase8c_revisit; actions=CONV:DARK_CASTLE_CLEAR -> ALLY(value=306) -> STORY_EXP -> WORLD_STATE(value=3,key=lunaMemoryStage) -> SET_EXP_MULTIPLIER -> FLAG(key=prismBlessingsComplete) -> FLAG(key=secondIntegrationStarted) -> FLAG(key=darkCastleTruthPhase8CSeen); 魔王城ガルヴァニア F7 / ゼノンと話す",現行参照,story.js:4505,,
1220,第8段階 ガルヴァニア・魔王城,メイン・イベント,魔王城ガルヴァニア F7,DARK_CASTLE_CLEAR,システム,"その瞬間、城全体が低く唸った。
上からではない。はるか地下から、地面そのものを押し上げるような振動が続く。",,40/54,dark_castle_clear / dark_castle_truth_phase8c_revisit,"event=dark_castle_clear; actions=CONV:DARK_CASTLE_CLEAR -> ALLY(value=306) -> STORY_EXP -> WORLD_STATE(value=3,key=lunaMemoryStage) -> SET_EXP_MULTIPLIER -> FLAG(key=prismBlessingsComplete) -> FLAG(key=secondIntegrationStarted) -> FLAG(key=darkCastleTruthPhase8CSeen) -> FLAG(key=darkCastleCleared) -> STEP(value=9) -> SUB(value=0) -> LOG(value=第二次統合が始まった。奈落への洞窟を越え、統合の祭壇へ急ごう。) || event=dark_castle_truth_phase8c_revisit; actions=CONV:DARK_CASTLE_CLEAR -> ALLY(value=306) -> STORY_EXP -> WORLD_STATE(value=3,key=lunaMemoryStage) -> SET_EXP_MULTIPLIER -> FLAG(key=prismBlessingsComplete) -> FLAG(key=secondIntegrationStarted) -> FLAG(key=darkCastleTruthPhase8CSeen); 魔王城ガルヴァニア F7 / ゼノンと話す",現行参照,story.js:4505,,
1221,第8段階 ガルヴァニア・魔王城,メイン・イベント,魔王城ガルヴァニア F7,DARK_CASTLE_CLEAR,シャニー,……下から。こんな揺れ、今までと違う。,306,41/54,dark_castle_clear / dark_castle_truth_phase8c_revisit,"event=dark_castle_clear; actions=CONV:DARK_CASTLE_CLEAR -> ALLY(value=306) -> STORY_EXP -> WORLD_STATE(value=3,key=lunaMemoryStage) -> SET_EXP_MULTIPLIER -> FLAG(key=prismBlessingsComplete) -> FLAG(key=secondIntegrationStarted) -> FLAG(key=darkCastleTruthPhase8CSeen) -> FLAG(key=darkCastleCleared) -> STEP(value=9) -> SUB(value=0) -> LOG(value=第二次統合が始まった。奈落への洞窟を越え、統合の祭壇へ急ごう。) || event=dark_castle_truth_phase8c_revisit; actions=CONV:DARK_CASTLE_CLEAR -> ALLY(value=306) -> STORY_EXP -> WORLD_STATE(value=3,key=lunaMemoryStage) -> SET_EXP_MULTIPLIER -> FLAG(key=prismBlessingsComplete) -> FLAG(key=secondIntegrationStarted) -> FLAG(key=darkCastleTruthPhase8CSeen); 魔王城ガルヴァニア F7 / ゼノンと話す",現行参照,story.js:4505,,
1222,第8段階 ガルヴァニア・魔王城,メイン・イベント,魔王城ガルヴァニア F7,DARK_CASTLE_CLEAR,魔王ゼノン,"統合だ。
あの時に失敗したものを、今度は深淵の側でな。",402,42/54,dark_castle_clear / dark_castle_truth_phase8c_revisit,"event=dark_castle_clear; actions=CONV:DARK_CASTLE_CLEAR -> ALLY(value=306) -> STORY_EXP -> WORLD_STATE(value=3,key=lunaMemoryStage) -> SET_EXP_MULTIPLIER -> FLAG(key=prismBlessingsComplete) -> FLAG(key=secondIntegrationStarted) -> FLAG(key=darkCastleTruthPhase8CSeen) -> FLAG(key=darkCastleCleared) -> STEP(value=9) -> SUB(value=0) -> LOG(value=第二次統合が始まった。奈落への洞窟を越え、統合の祭壇へ急ごう。) || event=dark_castle_truth_phase8c_revisit; actions=CONV:DARK_CASTLE_CLEAR -> ALLY(value=306) -> STORY_EXP -> WORLD_STATE(value=3,key=lunaMemoryStage) -> SET_EXP_MULTIPLIER -> FLAG(key=prismBlessingsComplete) -> FLAG(key=secondIntegrationStarted) -> FLAG(key=darkCastleTruthPhase8CSeen); 魔王城ガルヴァニア F7 / ゼノンと話す",現行参照,story.js:4505,,
1223,第8段階 ガルヴァニア・魔王城,メイン・イベント,魔王城ガルヴァニア F7,DARK_CASTLE_CLEAR,シャオ,統合の祭壇……。,105,43/54,dark_castle_clear / dark_castle_truth_phase8c_revisit,"event=dark_castle_clear; actions=CONV:DARK_CASTLE_CLEAR -> ALLY(value=306) -> STORY_EXP -> WORLD_STATE(value=3,key=lunaMemoryStage) -> SET_EXP_MULTIPLIER -> FLAG(key=prismBlessingsComplete) -> FLAG(key=secondIntegrationStarted) -> FLAG(key=darkCastleTruthPhase8CSeen) -> FLAG(key=darkCastleCleared) -> STEP(value=9) -> SUB(value=0) -> LOG(value=第二次統合が始まった。奈落への洞窟を越え、統合の祭壇へ急ごう。) || event=dark_castle_truth_phase8c_revisit; actions=CONV:DARK_CASTLE_CLEAR -> ALLY(value=306) -> STORY_EXP -> WORLD_STATE(value=3,key=lunaMemoryStage) -> SET_EXP_MULTIPLIER -> FLAG(key=prismBlessingsComplete) -> FLAG(key=secondIntegrationStarted) -> FLAG(key=darkCastleTruthPhase8CSeen); 魔王城ガルヴァニア F7 / ゼノンと話す",現行参照,story.js:4505,,
1224,第8段階 ガルヴァニア・魔王城,メイン・イベント,魔王城ガルヴァニア F7,DARK_CASTLE_CLEAR,魔王ゼノン,この城の先に、我らが深淵の浸食を抑えてきた地下路がある。,402,44/54,dark_castle_clear / dark_castle_truth_phase8c_revisit,"event=dark_castle_clear; actions=CONV:DARK_CASTLE_CLEAR -> ALLY(value=306) -> STORY_EXP -> WORLD_STATE(value=3,key=lunaMemoryStage) -> SET_EXP_MULTIPLIER -> FLAG(key=prismBlessingsComplete) -> FLAG(key=secondIntegrationStarted) -> FLAG(key=darkCastleTruthPhase8CSeen) -> FLAG(key=darkCastleCleared) -> STEP(value=9) -> SUB(value=0) -> LOG(value=第二次統合が始まった。奈落への洞窟を越え、統合の祭壇へ急ごう。) || event=dark_castle_truth_phase8c_revisit; actions=CONV:DARK_CASTLE_CLEAR -> ALLY(value=306) -> STORY_EXP -> WORLD_STATE(value=3,key=lunaMemoryStage) -> SET_EXP_MULTIPLIER -> FLAG(key=prismBlessingsComplete) -> FLAG(key=secondIntegrationStarted) -> FLAG(key=darkCastleTruthPhase8CSeen); 魔王城ガルヴァニア F7 / ゼノンと話す",現行参照,story.js:4505,,
1225,第8段階 ガルヴァニア・魔王城,メイン・イベント,魔王城ガルヴァニア F7,DARK_CASTLE_CLEAR,魔王ゼノン,"奈落への洞窟だ。その先が、統合の祭壇へ続く。
今もあの道で兵が侵食を押し返している。",402,45/54,dark_castle_clear / dark_castle_truth_phase8c_revisit,"event=dark_castle_clear; actions=CONV:DARK_CASTLE_CLEAR -> ALLY(value=306) -> STORY_EXP -> WORLD_STATE(value=3,key=lunaMemoryStage) -> SET_EXP_MULTIPLIER -> FLAG(key=prismBlessingsComplete) -> FLAG(key=secondIntegrationStarted) -> FLAG(key=darkCastleTruthPhase8CSeen) -> FLAG(key=darkCastleCleared) -> STEP(value=9) -> SUB(value=0) -> LOG(value=第二次統合が始まった。奈落への洞窟を越え、統合の祭壇へ急ごう。) || event=dark_castle_truth_phase8c_revisit; actions=CONV:DARK_CASTLE_CLEAR -> ALLY(value=306) -> STORY_EXP -> WORLD_STATE(value=3,key=lunaMemoryStage) -> SET_EXP_MULTIPLIER -> FLAG(key=prismBlessingsComplete) -> FLAG(key=secondIntegrationStarted) -> FLAG(key=darkCastleTruthPhase8CSeen); 魔王城ガルヴァニア F7 / ゼノンと話す",現行参照,story.js:4505,,
1226,第8段階 ガルヴァニア・魔王城,メイン・イベント,魔王城ガルヴァニア F7,DARK_CASTLE_CLEAR,シャニー,"私が案内する。
奈落の道は知ってる。",306,46/54,dark_castle_clear / dark_castle_truth_phase8c_revisit,"event=dark_castle_clear; actions=CONV:DARK_CASTLE_CLEAR -> ALLY(value=306) -> STORY_EXP -> WORLD_STATE(value=3,key=lunaMemoryStage) -> SET_EXP_MULTIPLIER -> FLAG(key=prismBlessingsComplete) -> FLAG(key=secondIntegrationStarted) -> FLAG(key=darkCastleTruthPhase8CSeen) -> FLAG(key=darkCastleCleared) -> STEP(value=9) -> SUB(value=0) -> LOG(value=第二次統合が始まった。奈落への洞窟を越え、統合の祭壇へ急ごう。) || event=dark_castle_truth_phase8c_revisit; actions=CONV:DARK_CASTLE_CLEAR -> ALLY(value=306) -> STORY_EXP -> WORLD_STATE(value=3,key=lunaMemoryStage) -> SET_EXP_MULTIPLIER -> FLAG(key=prismBlessingsComplete) -> FLAG(key=secondIntegrationStarted) -> FLAG(key=darkCastleTruthPhase8CSeen); 魔王城ガルヴァニア F7 / ゼノンと話す",現行参照,story.js:4505,,
1227,第8段階 ガルヴァニア・魔王城,メイン・イベント,魔王城ガルヴァニア F7,DARK_CASTLE_CLEAR,魔王ゼノン,余は命じていない。,402,47/54,dark_castle_clear / dark_castle_truth_phase8c_revisit,"event=dark_castle_clear; actions=CONV:DARK_CASTLE_CLEAR -> ALLY(value=306) -> STORY_EXP -> WORLD_STATE(value=3,key=lunaMemoryStage) -> SET_EXP_MULTIPLIER -> FLAG(key=prismBlessingsComplete) -> FLAG(key=secondIntegrationStarted) -> FLAG(key=darkCastleTruthPhase8CSeen) -> FLAG(key=darkCastleCleared) -> STEP(value=9) -> SUB(value=0) -> LOG(value=第二次統合が始まった。奈落への洞窟を越え、統合の祭壇へ急ごう。) || event=dark_castle_truth_phase8c_revisit; actions=CONV:DARK_CASTLE_CLEAR -> ALLY(value=306) -> STORY_EXP -> WORLD_STATE(value=3,key=lunaMemoryStage) -> SET_EXP_MULTIPLIER -> FLAG(key=prismBlessingsComplete) -> FLAG(key=secondIntegrationStarted) -> FLAG(key=darkCastleTruthPhase8CSeen); 魔王城ガルヴァニア F7 / ゼノンと話す",現行参照,story.js:4505,,
1228,第8段階 ガルヴァニア・魔王城,メイン・イベント,魔王城ガルヴァニア F7,DARK_CASTLE_CLEAR,シャニー,"分かってる。
だから行く。",306,48/54,dark_castle_clear / dark_castle_truth_phase8c_revisit,"event=dark_castle_clear; actions=CONV:DARK_CASTLE_CLEAR -> ALLY(value=306) -> STORY_EXP -> WORLD_STATE(value=3,key=lunaMemoryStage) -> SET_EXP_MULTIPLIER -> FLAG(key=prismBlessingsComplete) -> FLAG(key=secondIntegrationStarted) -> FLAG(key=darkCastleTruthPhase8CSeen) -> FLAG(key=darkCastleCleared) -> STEP(value=9) -> SUB(value=0) -> LOG(value=第二次統合が始まった。奈落への洞窟を越え、統合の祭壇へ急ごう。) || event=dark_castle_truth_phase8c_revisit; actions=CONV:DARK_CASTLE_CLEAR -> ALLY(value=306) -> STORY_EXP -> WORLD_STATE(value=3,key=lunaMemoryStage) -> SET_EXP_MULTIPLIER -> FLAG(key=prismBlessingsComplete) -> FLAG(key=secondIntegrationStarted) -> FLAG(key=darkCastleTruthPhase8CSeen); 魔王城ガルヴァニア F7 / ゼノンと話す",現行参照,story.js:4505,,
1229,第8段階 ガルヴァニア・魔王城,メイン・イベント,魔王城ガルヴァニア F7,DARK_CASTLE_CLEAR,シャオ,"……また、一人で決めるの。
許したわけじゃない。聞きたいことだって、いっぱいある。",105,49/54,dark_castle_clear / dark_castle_truth_phase8c_revisit,"event=dark_castle_clear; actions=CONV:DARK_CASTLE_CLEAR -> ALLY(value=306) -> STORY_EXP -> WORLD_STATE(value=3,key=lunaMemoryStage) -> SET_EXP_MULTIPLIER -> FLAG(key=prismBlessingsComplete) -> FLAG(key=secondIntegrationStarted) -> FLAG(key=darkCastleTruthPhase8CSeen) -> FLAG(key=darkCastleCleared) -> STEP(value=9) -> SUB(value=0) -> LOG(value=第二次統合が始まった。奈落への洞窟を越え、統合の祭壇へ急ごう。) || event=dark_castle_truth_phase8c_revisit; actions=CONV:DARK_CASTLE_CLEAR -> ALLY(value=306) -> STORY_EXP -> WORLD_STATE(value=3,key=lunaMemoryStage) -> SET_EXP_MULTIPLIER -> FLAG(key=prismBlessingsComplete) -> FLAG(key=secondIntegrationStarted) -> FLAG(key=darkCastleTruthPhase8CSeen); 魔王城ガルヴァニア F7 / ゼノンと話す",現行参照,story.js:4505,,
1230,第8段階 ガルヴァニア・魔王城,メイン・イベント,魔王城ガルヴァニア F7,DARK_CASTLE_CLEAR,シャオ,"でも――今度は私もいる。
勝手に消えないで。",105,50/54,dark_castle_clear / dark_castle_truth_phase8c_revisit,"event=dark_castle_clear; actions=CONV:DARK_CASTLE_CLEAR -> ALLY(value=306) -> STORY_EXP -> WORLD_STATE(value=3,key=lunaMemoryStage) -> SET_EXP_MULTIPLIER -> FLAG(key=prismBlessingsComplete) -> FLAG(key=secondIntegrationStarted) -> FLAG(key=darkCastleTruthPhase8CSeen) -> FLAG(key=darkCastleCleared) -> STEP(value=9) -> SUB(value=0) -> LOG(value=第二次統合が始まった。奈落への洞窟を越え、統合の祭壇へ急ごう。) || event=dark_castle_truth_phase8c_revisit; actions=CONV:DARK_CASTLE_CLEAR -> ALLY(value=306) -> STORY_EXP -> WORLD_STATE(value=3,key=lunaMemoryStage) -> SET_EXP_MULTIPLIER -> FLAG(key=prismBlessingsComplete) -> FLAG(key=secondIntegrationStarted) -> FLAG(key=darkCastleTruthPhase8CSeen); 魔王城ガルヴァニア F7 / ゼノンと話す",現行参照,story.js:4505,,
1231,第8段階 ガルヴァニア・魔王城,メイン・イベント,魔王城ガルヴァニア F7,DARK_CASTLE_CLEAR,シャニー,……うん。,306,51/54,dark_castle_clear / dark_castle_truth_phase8c_revisit,"event=dark_castle_clear; actions=CONV:DARK_CASTLE_CLEAR -> ALLY(value=306) -> STORY_EXP -> WORLD_STATE(value=3,key=lunaMemoryStage) -> SET_EXP_MULTIPLIER -> FLAG(key=prismBlessingsComplete) -> FLAG(key=secondIntegrationStarted) -> FLAG(key=darkCastleTruthPhase8CSeen) -> FLAG(key=darkCastleCleared) -> STEP(value=9) -> SUB(value=0) -> LOG(value=第二次統合が始まった。奈落への洞窟を越え、統合の祭壇へ急ごう。) || event=dark_castle_truth_phase8c_revisit; actions=CONV:DARK_CASTLE_CLEAR -> ALLY(value=306) -> STORY_EXP -> WORLD_STATE(value=3,key=lunaMemoryStage) -> SET_EXP_MULTIPLIER -> FLAG(key=prismBlessingsComplete) -> FLAG(key=secondIntegrationStarted) -> FLAG(key=darkCastleTruthPhase8CSeen); 魔王城ガルヴァニア F7 / ゼノンと話す",現行参照,story.js:4505,,
1232,第8段階 ガルヴァニア・魔王城,メイン・イベント,魔王城ガルヴァニア F7,DARK_CASTLE_CLEAR,システム,"ルーナが前を向く。アルスはその横顔を見て、ほんの少しだけ口元を緩めた。
何かを言いかけてやめ、ただ隣に立つ。",,52/54,dark_castle_clear / dark_castle_truth_phase8c_revisit,"event=dark_castle_clear; actions=CONV:DARK_CASTLE_CLEAR -> ALLY(value=306) -> STORY_EXP -> WORLD_STATE(value=3,key=lunaMemoryStage) -> SET_EXP_MULTIPLIER -> FLAG(key=prismBlessingsComplete) -> FLAG(key=secondIntegrationStarted) -> FLAG(key=darkCastleTruthPhase8CSeen) -> FLAG(key=darkCastleCleared) -> STEP(value=9) -> SUB(value=0) -> LOG(value=第二次統合が始まった。奈落への洞窟を越え、統合の祭壇へ急ごう。) || event=dark_castle_truth_phase8c_revisit; actions=CONV:DARK_CASTLE_CLEAR -> ALLY(value=306) -> STORY_EXP -> WORLD_STATE(value=3,key=lunaMemoryStage) -> SET_EXP_MULTIPLIER -> FLAG(key=prismBlessingsComplete) -> FLAG(key=secondIntegrationStarted) -> FLAG(key=darkCastleTruthPhase8CSeen); 魔王城ガルヴァニア F7 / ゼノンと話す",現行参照,story.js:4505,,
1233,第8段階 ガルヴァニア・魔王城,メイン・イベント,魔王城ガルヴァニア F7,DARK_CASTLE_CLEAR,魔王ゼノン,"行け。余の城で学んだことを信じる必要はない。
奈落で、自分の目で確かめろ。",402,53/54,dark_castle_clear / dark_castle_truth_phase8c_revisit,"event=dark_castle_clear; actions=CONV:DARK_CASTLE_CLEAR -> ALLY(value=306) -> STORY_EXP -> WORLD_STATE(value=3,key=lunaMemoryStage) -> SET_EXP_MULTIPLIER -> FLAG(key=prismBlessingsComplete) -> FLAG(key=secondIntegrationStarted) -> FLAG(key=darkCastleTruthPhase8CSeen) -> FLAG(key=darkCastleCleared) -> STEP(value=9) -> SUB(value=0) -> LOG(value=第二次統合が始まった。奈落への洞窟を越え、統合の祭壇へ急ごう。) || event=dark_castle_truth_phase8c_revisit; actions=CONV:DARK_CASTLE_CLEAR -> ALLY(value=306) -> STORY_EXP -> WORLD_STATE(value=3,key=lunaMemoryStage) -> SET_EXP_MULTIPLIER -> FLAG(key=prismBlessingsComplete) -> FLAG(key=secondIntegrationStarted) -> FLAG(key=darkCastleTruthPhase8CSeen); 魔王城ガルヴァニア F7 / ゼノンと話す",現行参照,story.js:4505,,
1234,第8段階 ガルヴァニア・魔王城,メイン・イベント,魔王城ガルヴァニア F7,DARK_CASTLE_CLEAR,システム,[N:306]が仲間に加わった！,,54/54,dark_castle_clear / dark_castle_truth_phase8c_revisit,"event=dark_castle_clear; actions=CONV:DARK_CASTLE_CLEAR -> ALLY(value=306) -> STORY_EXP -> WORLD_STATE(value=3,key=lunaMemoryStage) -> SET_EXP_MULTIPLIER -> FLAG(key=prismBlessingsComplete) -> FLAG(key=secondIntegrationStarted) -> FLAG(key=darkCastleTruthPhase8CSeen) -> FLAG(key=darkCastleCleared) -> STEP(value=9) -> SUB(value=0) -> LOG(value=第二次統合が始まった。奈落への洞窟を越え、統合の祭壇へ急ごう。) || event=dark_castle_truth_phase8c_revisit; actions=CONV:DARK_CASTLE_CLEAR -> ALLY(value=306) -> STORY_EXP -> WORLD_STATE(value=3,key=lunaMemoryStage) -> SET_EXP_MULTIPLIER -> FLAG(key=prismBlessingsComplete) -> FLAG(key=secondIntegrationStarted) -> FLAG(key=darkCastleTruthPhase8CSeen); 魔王城ガルヴァニア F7 / ゼノンと話す",現行参照,story.js:4505,,
1235,第8段階 ガルヴァニア・魔王城,メイン・イベント,魔王城ガルヴァニア,POST_DARK_CASTLE_BASE_1,魔族兵,"城を開く日が来るとはな。
ゼノン様も無茶をなさる。門番の胃にも限界がある。",1002,1/3,post_dark_castle_base_1,event=post_dark_castle_base_1; actions=CONV:POST_DARK_CASTLE_BASE_1; 魔王城ガルヴァニア / 魔族兵と話す,現行参照,story.js:4562,,
1236,第8段階 ガルヴァニア・魔王城,メイン・イベント,魔王城ガルヴァニア,POST_DARK_CASTLE_BASE_1,魔族兵,"だが混沌を止めるなら、人も魔族も関係あるまい。
うちの鍋だって、蓋を押さえねば吹きこぼれる。",1002,2/3,post_dark_castle_base_1,event=post_dark_castle_base_1; actions=CONV:POST_DARK_CASTLE_BASE_1; 魔王城ガルヴァニア / 魔族兵と話す,現行参照,story.js:4562,,
1237,第8段階 ガルヴァニア・魔王城,メイン・イベント,魔王城ガルヴァニア,POST_DARK_CASTLE_BASE_1,魔族兵,"怖いか？　こちらも怖い。
怖い者同士なら、剣を抜く前に一拍置ける。",1002,3/3,post_dark_castle_base_1,event=post_dark_castle_base_1; actions=CONV:POST_DARK_CASTLE_BASE_1; 魔王城ガルヴァニア / 魔族兵と話す,現行参照,story.js:4562,,
1238,第9段階 奈落への洞窟・統合の祭壇,メイン・イベント,,LOCKED_INTEGRATION_ALTAR_ROUTE,ケイト,ここへ直接進むのは危険です。奈落への洞窟側から侵食路を確保して、祭壇へ入る道を作りましょう。,104,1/1,locked_integration_altar_route,event=locked_integration_altar_route; actions=CONV:LOCKED_INTEGRATION_ALTAR_ROUTE,現行参照,story.js:4255,,
1239,第9段階 奈落への洞窟・統合の祭壇,メイン・イベント,統合の祭壇 FMAP000032-00,INTEGRATION_ALTAR_DEFENSE_DIRECTION_PHASE8D,システム,"折れた固定杭は、祭壇の外周ではなく中央の亀裂へ向けて並べられている。
根元には、何度も交換した跡がある。",,1/1,integration_altar_defense_direction_phase8d,event=integration_altar_defense_direction_phase8d; actions=CONV:INTEGRATION_ALTAR_DEFENSE_DIRECTION_PHASE8D; 統合の祭壇 FMAP000032-00 / 折れた防衛設備を調べる,現行参照,story.js:4286,,
1240,第9段階 奈落への洞窟・統合の祭壇,メイン・イベント,統合の祭壇 FMAP000032-00,INTEGRATION_ALTAR_FRESH_TRACKS_PHASE8D,システム,"乾いた泥の上を、数人分の新しい足跡が横切っている。
迷った形跡はなく、祭壇中央へ続いている。",,1/1,integration_altar_fresh_tracks_phase8d,event=integration_altar_fresh_tracks_phase8d; actions=CONV:INTEGRATION_ALTAR_FRESH_TRACKS_PHASE8D; 統合の祭壇 FMAP000032-00 / 新しい足跡を調べる,現行参照,story.js:4287,,
1241,第9段階 奈落への洞窟・統合の祭壇,メイン・イベント,統合の祭壇 FMAP000032-00,INTEGRATION_ALTAR_OVERLAID_RITUAL_LINES_PHASE8D,システム,"古い導線の上へ、色の違う新しい術式線が刻まれている。
下の線は亀裂を囲み、上の線は亀裂へ集まっている。",,1/1,integration_altar_overlaid_ritual_lines_phase8d,event=integration_altar_overlaid_ritual_lines_phase8d; actions=CONV:INTEGRATION_ALTAR_OVERLAID_RITUAL_LINES_PHASE8D; 統合の祭壇 FMAP000032-00 / 重なった術式線を調べる,現行参照,story.js:4288,,
1242,第9段階 奈落への洞窟・統合の祭壇,深淵・追加ストーリー,統合の祭壇 FMAP000032-00,ABYSS_UNSEALED_FINAL,システム,"黒い亀裂が、息をしている。
石でも穴でもなく、世界そのものの傷口が開いていた。",,1/9,abyss_unsealed,event=abyss_unsealed; actions=CONV:ABYSS_UNSEALED_FINAL -> UNLOCK -> FLAG(key=abyssOuterReached) -> STEP(value=10) -> SUB(value=0) -> FLAG(key=abyssFirstEntered) -> START_FIXED_MAP(value=CARMENA); 統合の祭壇 FMAP000032-00 / 深淵の亀裂を調べる / storyStep>=9; storyStep<=9; 未フラグ:abyssOuterReached; 統合の祭壇 FMAP000032-00,現行参照,story.js:4678,,
1243,第9段階 奈落への洞窟・統合の祭壇,深淵・追加ストーリー,統合の祭壇 FMAP000032-00,ABYSS_UNSEALED_FINAL,ケイト,"水の流れがないのに、底から波の音がします。
……ここ、普通の穴じゃありません。",104,2/9,abyss_unsealed,event=abyss_unsealed; actions=CONV:ABYSS_UNSEALED_FINAL -> UNLOCK -> FLAG(key=abyssOuterReached) -> STEP(value=10) -> SUB(value=0) -> FLAG(key=abyssFirstEntered) -> START_FIXED_MAP(value=CARMENA); 統合の祭壇 FMAP000032-00 / 深淵の亀裂を調べる / storyStep>=9; storyStep<=9; 未フラグ:abyssOuterReached; 統合の祭壇 FMAP000032-00,現行参照,story.js:4678,,
1244,第9段階 奈落への洞窟・統合の祭壇,深淵・追加ストーリー,統合の祭壇 FMAP000032-00,ABYSS_UNSEALED_FINAL,レイラ,"祈りの言葉が、口の中でほどけます。
光がまっすぐ進めない場所なんて……。",204,3/9,abyss_unsealed,event=abyss_unsealed; actions=CONV:ABYSS_UNSEALED_FINAL -> UNLOCK -> FLAG(key=abyssOuterReached) -> STEP(value=10) -> SUB(value=0) -> FLAG(key=abyssFirstEntered) -> START_FIXED_MAP(value=CARMENA); 統合の祭壇 FMAP000032-00 / 深淵の亀裂を調べる / storyStep>=9; storyStep<=9; 未フラグ:abyssOuterReached; 統合の祭壇 FMAP000032-00,現行参照,story.js:4678,,
1245,第9段階 奈落への洞窟・統合の祭壇,深淵・追加ストーリー,統合の祭壇 FMAP000032-00,ABYSS_UNSEALED_FINAL,シャニー,"深淵は、ただの穴じゃない。
見すぎると、向こうもこちらを見る。",306,4/9,abyss_unsealed,event=abyss_unsealed; actions=CONV:ABYSS_UNSEALED_FINAL -> UNLOCK -> FLAG(key=abyssOuterReached) -> STEP(value=10) -> SUB(value=0) -> FLAG(key=abyssFirstEntered) -> START_FIXED_MAP(value=CARMENA); 統合の祭壇 FMAP000032-00 / 深淵の亀裂を調べる / storyStep>=9; storyStep<=9; 未フラグ:abyssOuterReached; 統合の祭壇 FMAP000032-00,現行参照,story.js:4678,,
1246,第9段階 奈落への洞窟・統合の祭壇,深淵・追加ストーリー,統合の祭壇 FMAP000032-00,ABYSS_UNSEALED_FINAL,ジョセフ,"脅かすなよ。
……いや、脅しじゃねえ顔だな。",101,5/9,abyss_unsealed,event=abyss_unsealed; actions=CONV:ABYSS_UNSEALED_FINAL -> UNLOCK -> FLAG(key=abyssOuterReached) -> STEP(value=10) -> SUB(value=0) -> FLAG(key=abyssFirstEntered) -> START_FIXED_MAP(value=CARMENA); 統合の祭壇 FMAP000032-00 / 深淵の亀裂を調べる / storyStep>=9; storyStep<=9; 未フラグ:abyssOuterReached; 統合の祭壇 FMAP000032-00,現行参照,story.js:4678,,
1247,第9段階 奈落への洞窟・統合の祭壇,深淵・追加ストーリー,統合の祭壇 FMAP000032-00,ABYSS_UNSEALED_FINAL,シャニー,"私が見張る。
呑まれそうになったら、名前を呼ぶ。",306,6/9,abyss_unsealed,event=abyss_unsealed; actions=CONV:ABYSS_UNSEALED_FINAL -> UNLOCK -> FLAG(key=abyssOuterReached) -> STEP(value=10) -> SUB(value=0) -> FLAG(key=abyssFirstEntered) -> START_FIXED_MAP(value=CARMENA); 統合の祭壇 FMAP000032-00 / 深淵の亀裂を調べる / storyStep>=9; storyStep<=9; 未フラグ:abyssOuterReached; 統合の祭壇 FMAP000032-00,現行参照,story.js:4678,,
1248,第9段階 奈落への洞窟・統合の祭壇,深淵・追加ストーリー,統合の祭壇 FMAP000032-00,ABYSS_UNSEALED_FINAL,シャオ,……勝手に消えたら、今度こそ怒るから。,105,7/9,abyss_unsealed,event=abyss_unsealed; actions=CONV:ABYSS_UNSEALED_FINAL -> UNLOCK -> FLAG(key=abyssOuterReached) -> STEP(value=10) -> SUB(value=0) -> FLAG(key=abyssFirstEntered) -> START_FIXED_MAP(value=CARMENA); 統合の祭壇 FMAP000032-00 / 深淵の亀裂を調べる / storyStep>=9; storyStep<=9; 未フラグ:abyssOuterReached; 統合の祭壇 FMAP000032-00,現行参照,story.js:4678,,
1249,第9段階 奈落への洞窟・統合の祭壇,深淵・追加ストーリー,統合の祭壇 FMAP000032-00,ABYSS_UNSEALED_FINAL,シャニー,うん。,306,8/9,abyss_unsealed,event=abyss_unsealed; actions=CONV:ABYSS_UNSEALED_FINAL -> UNLOCK -> FLAG(key=abyssOuterReached) -> STEP(value=10) -> SUB(value=0) -> FLAG(key=abyssFirstEntered) -> START_FIXED_MAP(value=CARMENA); 統合の祭壇 FMAP000032-00 / 深淵の亀裂を調べる / storyStep>=9; storyStep<=9; 未フラグ:abyssOuterReached; 統合の祭壇 FMAP000032-00,現行参照,story.js:4678,,
1250,第9段階 奈落への洞窟・統合の祭壇,深淵・追加ストーリー,統合の祭壇 FMAP000032-00,ABYSS_UNSEALED_FINAL,システム,深淵への道が開いた。,,9/9,abyss_unsealed,event=abyss_unsealed; actions=CONV:ABYSS_UNSEALED_FINAL -> UNLOCK -> FLAG(key=abyssOuterReached) -> STEP(value=10) -> SUB(value=0) -> FLAG(key=abyssFirstEntered) -> START_FIXED_MAP(value=CARMENA); 統合の祭壇 FMAP000032-00 / 深淵の亀裂を調べる / storyStep>=9; storyStep<=9; 未フラグ:abyssOuterReached; 統合の祭壇 FMAP000032-00,現行参照,story.js:4678,,
1251,第10段階以降 深淵,深淵・追加ストーリー,,ABYSS_FLOOR_100_EPILOGUE,システム,"世界の中心の亀裂の縁。
深淵の風は弱まり、遠くの草が、久しぶりに朝の匂いを運んでいた。",,1/11,abyss_floor_100_epilogue,event=abyss_floor_100_epilogue; actions=CONV:ABYSS_FLOOR_100_EPILOGUE -> FLAG(key=abyssFloor100EpilogueCleared) -> STEP(value=10) -> SUB(value=2) -> LOG(value=終焉の祭壇へ至る道を探し、深淵王の影を断とう。),現行参照,story.js:4900,,
1252,第10段階以降 深淵,深淵・追加ストーリー,,ABYSS_FLOOR_100_EPILOGUE,サラ,"……戻ってこられたんですね。
足の裏が地面を覚えていて、少しだけ安心しました。",110,2/11,abyss_floor_100_epilogue,event=abyss_floor_100_epilogue; actions=CONV:ABYSS_FLOOR_100_EPILOGUE -> FLAG(key=abyssFloor100EpilogueCleared) -> STEP(value=10) -> SUB(value=2) -> LOG(value=終焉の祭壇へ至る道を探し、深淵王の影を断とう。),現行参照,story.js:4900,,
1253,第10段階以降 深淵,深淵・追加ストーリー,,ABYSS_FLOOR_100_EPILOGUE,ガイル,"腹も減ったし、腕も重い。
生きて帰ったって感じがするな。……それでも、終わりじゃねえんだろ。",109,3/11,abyss_floor_100_epilogue,event=abyss_floor_100_epilogue; actions=CONV:ABYSS_FLOOR_100_EPILOGUE -> FLAG(key=abyssFloor100EpilogueCleared) -> STEP(value=10) -> SUB(value=2) -> LOG(value=終焉の祭壇へ至る道を探し、深淵王の影を断とう。),現行参照,story.js:4900,,
1254,第10段階以降 深淵,深淵・追加ストーリー,,ABYSS_FLOOR_100_EPILOGUE,シャオ,"炉の火が戻っても、灰は掃かなきゃ残る。
深淵も同じだ。奥に残った火種を、放っておけない。",105,4/11,abyss_floor_100_epilogue,event=abyss_floor_100_epilogue; actions=CONV:ABYSS_FLOOR_100_EPILOGUE -> FLAG(key=abyssFloor100EpilogueCleared) -> STEP(value=10) -> SUB(value=2) -> LOG(value=終焉の祭壇へ至る道を探し、深淵王の影を断とう。),現行参照,story.js:4900,,
1255,第10段階以降 深淵,深淵・追加ストーリー,,ABYSS_FLOOR_100_EPILOGUE,エリーゼ,"風が、下を指しています。
でも今度は、引きずり込む風じゃない。背中を押す風です。",106,5/11,abyss_floor_100_epilogue,event=abyss_floor_100_epilogue; actions=CONV:ABYSS_FLOOR_100_EPILOGUE -> FLAG(key=abyssFloor100EpilogueCleared) -> STEP(value=10) -> SUB(value=2) -> LOG(value=終焉の祭壇へ至る道を探し、深淵王の影を断とう。),現行参照,story.js:4900,,
1256,第10段階以降 深淵,深淵・追加ストーリー,,ABYSS_FLOOR_100_EPILOGUE,ケイト,"水路は澄み始めています。
けれど底の濁りは、まだ沈んだままです。見に行かなきゃ。",104,6/11,abyss_floor_100_epilogue,event=abyss_floor_100_epilogue; actions=CONV:ABYSS_FLOOR_100_EPILOGUE -> FLAG(key=abyssFloor100EpilogueCleared) -> STEP(value=10) -> SUB(value=2) -> LOG(value=終焉の祭壇へ至る道を探し、深淵王の影を断とう。),現行参照,story.js:4900,,
1257,第10段階以降 深淵,深淵・追加ストーリー,,ABYSS_FLOOR_100_EPILOGUE,ジョセフ,"休むなら今のうちだ。
次に潜る時は、きっと引き返す理由の方が少なくなる。",101,7/11,abyss_floor_100_epilogue,event=abyss_floor_100_epilogue; actions=CONV:ABYSS_FLOOR_100_EPILOGUE -> FLAG(key=abyssFloor100EpilogueCleared) -> STEP(value=10) -> SUB(value=2) -> LOG(value=終焉の祭壇へ至る道を探し、深淵王の影を断とう。),現行参照,story.js:4900,,
1258,第10段階以降 深淵,深淵・追加ストーリー,,ABYSS_FLOOR_100_EPILOGUE,レイラ,"父の剣は、ここにあります。
悲しみを置いていくためではなく、連れて進むために。",204,8/11,abyss_floor_100_epilogue,event=abyss_floor_100_epilogue; actions=CONV:ABYSS_FLOOR_100_EPILOGUE -> FLAG(key=abyssFloor100EpilogueCleared) -> STEP(value=10) -> SUB(value=2) -> LOG(value=終焉の祭壇へ至る道を探し、深淵王の影を断とう。),現行参照,story.js:4900,,
1259,第10段階以降 深淵,深淵・追加ストーリー,,ABYSS_FLOOR_100_EPILOGUE,シャニー,"闇も、まだ震えてる。
守り抜かれたものの奥で、別の何かが口を開けている。",306,9/11,abyss_floor_100_epilogue,event=abyss_floor_100_epilogue; actions=CONV:ABYSS_FLOOR_100_EPILOGUE -> FLAG(key=abyssFloor100EpilogueCleared) -> STEP(value=10) -> SUB(value=2) -> LOG(value=終焉の祭壇へ至る道を探し、深淵王の影を断とう。),現行参照,story.js:4900,,
1260,第10段階以降 深淵,深淵・追加ストーリー,,ABYSS_FLOOR_100_EPILOGUE,リュシオン,"今は地上で息を整えなさい。
終焉の祭壇に残る王の影を断った時、次の道を越える光を託しましょう。",501,10/11,abyss_floor_100_epilogue,event=abyss_floor_100_epilogue; actions=CONV:ABYSS_FLOOR_100_EPILOGUE -> FLAG(key=abyssFloor100EpilogueCleared) -> STEP(value=10) -> SUB(value=2) -> LOG(value=終焉の祭壇へ至る道を探し、深淵王の影を断とう。),現行参照,story.js:4900,,
1261,第10段階以降 深淵,深淵・追加ストーリー,,ABYSS_FLOOR_100_EPILOGUE,システム,"深淵の奥に残る気配は消えていない。
一行は、終焉の祭壇へ至る道を探すことにした。",,11/11,abyss_floor_100_epilogue,event=abyss_floor_100_epilogue; actions=CONV:ABYSS_FLOOR_100_EPILOGUE -> FLAG(key=abyssFloor100EpilogueCleared) -> STEP(value=10) -> SUB(value=2) -> LOG(value=終焉の祭壇へ至る道を探し、深淵王の影を断とう。),現行参照,story.js:4900,,
1262,第10段階以降 深淵,深淵・追加ストーリー,,ABYSS_CARMENA_ARRIVAL_WARNING,システム,"プリズムの加護も届かない場所まで来てしまったようだ……。
今、攻撃を受ければ大きな傷を負うかもしれない……。",,1/1,abyss_carmena_arrival_warning,event=abyss_carmena_arrival_warning; actions=CONV:ABYSS_CARMENA_ARRIVAL_WARNING -> FLAG(key=abyssCarmenaArrivalWarningSeen),現行参照,story.js:,,
1263,第10段階以降 深淵,深淵・追加ストーリー,,ABYSS_CARMENA_GATE,システム,"北門の前で、二人の将軍が同時に武器を構えた。
黒い空気が鎧の隙間から流れ、町を覆う淀みと結びついている。",,1/6,abyss_carmena_gate_battle,"event=abyss_carmena_gate_battle; actions=CONV:ABYSS_CARMENA_GATE -> BOSS(value=[302001, 302000])",現行参照,story.js:,,
1264,第10段階以降 深淵,深淵・追加ストーリー,,ABYSS_CARMENA_GATE,グレン将軍,"ここより先は、深淵王の領域。
地上の者を一歩たりとも通すわけにはいかぬ。",,2/6,abyss_carmena_gate_battle,"event=abyss_carmena_gate_battle; actions=CONV:ABYSS_CARMENA_GATE -> BOSS(value=[302001, 302000])",現行参照,story.js:,,
1265,第10段階以降 深淵,深淵・追加ストーリー,,ABYSS_CARMENA_GATE,ガレオン将軍,"退け。これは二将に下された最後の命令だ。
我らの命が尽きぬ限り、北門は開かない。",,3/6,abyss_carmena_gate_battle,"event=abyss_carmena_gate_battle; actions=CONV:ABYSS_CARMENA_GATE -> BOSS(value=[302001, 302000])",現行参照,story.js:,,
1266,第10段階以降 深淵,深淵・追加ストーリー,,ABYSS_CARMENA_GATE,ジョセフ,"町の連中まで巻き込んで守る門に、何の意味がある。
その命令ごと、ここで止める。",101,4/6,abyss_carmena_gate_battle,"event=abyss_carmena_gate_battle; actions=CONV:ABYSS_CARMENA_GATE -> BOSS(value=[302001, 302000])",現行参照,story.js:,,
1267,第10段階以降 深淵,深淵・追加ストーリー,,ABYSS_CARMENA_GATE,シャニー,"二人を縛る力が、カルメナの汚染を支えている。
ここで断てば、みんなの体も元に戻る。",306,5/6,abyss_carmena_gate_battle,"event=abyss_carmena_gate_battle; actions=CONV:ABYSS_CARMENA_GATE -> BOSS(value=[302001, 302000])",現行参照,story.js:,,
1268,第10段階以降 深淵,深淵・追加ストーリー,,ABYSS_CARMENA_GATE,魔王ゼノン,"ならば二将まとめて引導を渡す。
門を開けろ。深淵の王へ至る道を、我らが切り拓く。",402,6/6,abyss_carmena_gate_battle,"event=abyss_carmena_gate_battle; actions=CONV:ABYSS_CARMENA_GATE -> BOSS(value=[302001, 302000])",現行参照,story.js:,,
1269,第10段階以降 深淵,深淵・追加ストーリー,,ABYSS_CARMENA_GATE_CLEAR,システム,"二将の鎧から黒い霧が抜け、北門を塞いでいた力が砕けた。
町を覆っていた息苦しさも、潮が引くように薄れていく。",,1/5,abyss_carmena_gate_clear,event=abyss_carmena_gate_clear; actions=IF_KILL_COUNTS,現行参照,story.js:,,
1270,第10段階以降 深淵,深淵・追加ストーリー,,ABYSS_CARMENA_GATE_CLEAR,グレン将軍,……守るべき巣は、とうに失われていたか。,,2/5,abyss_carmena_gate_clear,event=abyss_carmena_gate_clear; actions=IF_KILL_COUNTS,現行参照,story.js:,,
1271,第10段階以降 深淵,深淵・追加ストーリー,,ABYSS_CARMENA_GATE_CLEAR,ガレオン将軍,それでも門に立ち続けた。命令だけを、最後の名として。,,3/5,abyss_carmena_gate_clear,event=abyss_carmena_gate_clear; actions=IF_KILL_COUNTS,現行参照,story.js:,,
1272,第10段階以降 深淵,深淵・追加ストーリー,,ABYSS_CARMENA_GATE_CLEAR,ジョセフ,もう休め。門の先は、生きてる俺たちが引き受ける。,101,4/5,abyss_carmena_gate_clear,event=abyss_carmena_gate_clear; actions=IF_KILL_COUNTS,現行参照,story.js:,,
1273,第10段階以降 深淵,深淵・追加ストーリー,,ABYSS_CARMENA_GATE_CLEAR,システム,"全身を蝕んでいた深淵の汚染が消え、仲間たちの属性耐性が元に戻った。
カルメナの北門が開いた。",,5/5,abyss_carmena_gate_clear,event=abyss_carmena_gate_clear; actions=IF_KILL_COUNTS,現行参照,story.js:,,
1274,第10段階以降 深淵,深淵・追加ストーリー,,ABYSS_ELICIA,システム,"風が同じ向きに吹き続ける。
迷いも声も、不要な荷物のように押し流されていく。",,1/6,abyss_elicia_battle,event=abyss_elicia_battle; actions=CONV:ABYSS_ELICIA -> LB_ADD_PARTY -> BOSS(value=302020),現行参照,story.js:,,
1275,第10段階以降 深淵,深淵・追加ストーリー,,ABYSS_ELICIA,死風のエリシア,"風は国のために吹く。
福音を運び、従わぬ火を消し、逆らう息を奪う神の息吹。",,2/6,abyss_elicia_battle,event=abyss_elicia_battle; actions=CONV:ABYSS_ELICIA -> LB_ADD_PARTY -> BOSS(value=302020),現行参照,story.js:,,
1276,第10段階以降 深淵,深淵・追加ストーリー,,ABYSS_ELICIA,エリーゼ,"違う。風は、人の背中を押すものだ。
洗濯物を乾かして、子どもの凧を持ち上げて、帰る道を知らせるものだ！",106,3/6,abyss_elicia_battle,event=abyss_elicia_battle; actions=CONV:ABYSS_ELICIA -> LB_ADD_PARTY -> BOSS(value=302020),現行参照,story.js:,,
1277,第10段階以降 深淵,深淵・追加ストーリー,,ABYSS_ELICIA,死風のエリシア,"小さな暮らしは、国の風下に置くもの。
旗が立つ限り、いくつかの家が潰れても国は残る。",,4/6,abyss_elicia_battle,event=abyss_elicia_battle; actions=CONV:ABYSS_ELICIA -> LB_ADD_PARTY -> BOSS(value=302020),現行参照,story.js:,,
1278,第10段階以降 深淵,深淵・追加ストーリー,,ABYSS_ELICIA,エリーゼ,"家の灯りを知らない国なんて、ただの大きな箱です！
人の暮らしを運ばない風を、私は福音なんて呼ばない！",106,5/6,abyss_elicia_battle,event=abyss_elicia_battle; actions=CONV:ABYSS_ELICIA -> LB_ADD_PARTY -> BOSS(value=302020),現行参照,story.js:,,
1279,第10段階以降 深淵,深淵・追加ストーリー,,ABYSS_ELICIA,死風のエリシア,"ならば吹いてみなさい。
あなたの弱い息で、国のために荒れる私の風を裂いてみせなさい。",,6/6,abyss_elicia_battle,event=abyss_elicia_battle; actions=CONV:ABYSS_ELICIA -> LB_ADD_PARTY -> BOSS(value=302020),現行参照,story.js:,,
1280,第10段階以降 深淵,深淵・追加ストーリー,,ABYSS_ELICIA_CLEAR,システム,押し流すだけだった風がほどけ、誰かの窓辺を撫でるような弱い風になった。,,1/2,abyss_elicia_clear,event=abyss_elicia_clear; actions=CONV:ABYSS_ELICIA_CLEAR -> FLAG(key=abyssEliciaDefeated) -> IF_FLAG,現行参照,story.js:,,
1281,第10段階以降 深淵,深淵・追加ストーリー,,ABYSS_ELICIA_CLEAR,エリーゼ,"弱い息でも、火を消すためだけにあるんじゃない。
……帰り道を教える風に、いつか戻れますように。",106,2/2,abyss_elicia_clear,event=abyss_elicia_clear; actions=CONV:ABYSS_ELICIA_CLEAR -> FLAG(key=abyssEliciaDefeated) -> IF_FLAG,現行参照,story.js:,,
1282,第10段階以降 深淵,深淵・追加ストーリー,,ABYSS_FIRST_BARRIER_CLEAR,システム,"雷と風、二つの結界核が失われた。
深淵都市ビスタを覆っていた第一層の結界が砕け、南西門への道が開いた。",,1/2,abyss_leonard_clear / abyss_elicia_clear,event=abyss_leonard_clear; actions=CONV:ABYSS_LEONARD_CLEAR -> FLAG(key=abyssLeonardDefeated) -> IF_FLAG || event=abyss_elicia_clear; actions=CONV:ABYSS_ELICIA_CLEAR -> FLAG(key=abyssEliciaDefeated) -> IF_FLAG,現行参照,story.js:,,
1283,第10段階以降 深淵,深淵・追加ストーリー,,ABYSS_FIRST_BARRIER_CLEAR,シャニー,"ビスタの向こうへ進める。
でも、さらに北には別の結界が残っている。",306,2/2,abyss_leonard_clear / abyss_elicia_clear,event=abyss_leonard_clear; actions=CONV:ABYSS_LEONARD_CLEAR -> FLAG(key=abyssLeonardDefeated) -> IF_FLAG || event=abyss_elicia_clear; actions=CONV:ABYSS_ELICIA_CLEAR -> FLAG(key=abyssEliciaDefeated) -> IF_FLAG,現行参照,story.js:,,
1284,第10段階以降 深淵,深淵・追加ストーリー,,ABYSS_SYRIS,システム,"息が白く落ちる。床で凍ったその息は、
踏み出すたびに、薄い悲鳴のような音を立てた。",,1/9,abyss_syris_battle,event=abyss_syris_battle; actions=CONV:ABYSS_SYRIS -> LB_ADD_PARTY -> BOSS(value=302030),現行参照,story.js:,,
1285,第10段階以降 深淵,深淵・追加ストーリー,,ABYSS_SYRIS,極零のシーリス,"水は始まり。水は終わり。
万物は水から立ち上がり、最後には水底へ還る。",,2/9,abyss_syris_battle,event=abyss_syris_battle; actions=CONV:ABYSS_SYRIS -> LB_ADD_PARTY -> BOSS(value=302030),現行参照,story.js:,,
1286,第10段階以降 深淵,深淵・追加ストーリー,,ABYSS_SYRIS,極零のシーリス,"失敗した世界なら、沈めればいい。
底で静かに冷やし、濁りを沈ませ、また生み直せばいい。",,3/9,abyss_syris_battle,event=abyss_syris_battle; actions=CONV:ABYSS_SYRIS -> LB_ADD_PARTY -> BOSS(value=302030),現行参照,story.js:,,
1287,第10段階以降 深淵,深淵・追加ストーリー,,ABYSS_SYRIS,ケイト,"……違います。水だけでは、命は育ちません。
凍った水底にあるのは、眠りであって未来じゃない。",104,4/9,abyss_syris_battle,event=abyss_syris_battle; actions=CONV:ABYSS_SYRIS -> LB_ADD_PARTY -> BOSS(value=302030),現行参照,story.js:,,
1288,第10段階以降 深淵,深淵・追加ストーリー,,ABYSS_SYRIS,極零のシーリス,"震えているわ。その手で、何を読み解くの？
机の上で水を測る子に、沈む世界が止められるのかしら。",,5/9,abyss_syris_battle,event=abyss_syris_battle; actions=CONV:ABYSS_SYRIS -> LB_ADD_PARTY -> BOSS(value=302030),現行参照,story.js:,,
1289,第10段階以降 深淵,深淵・追加ストーリー,,ABYSS_SYRIS,ケイト,"怖くないと言えば嘘になります。
でも、水だけの静けさより、火のある台所の方が僕は好きです。",104,6/9,abyss_syris_battle,event=abyss_syris_battle; actions=CONV:ABYSS_SYRIS -> LB_ADD_PARTY -> BOSS(value=302030),現行参照,story.js:,,
1290,第10段階以降 深淵,深淵・追加ストーリー,,ABYSS_SYRIS,ケイト,"風が窓を鳴らして、雷で目が覚めて、
闇に休んで、光で朝を知る。命は、そうやって巡るんです。",104,7/9,abyss_syris_battle,event=abyss_syris_battle; actions=CONV:ABYSS_SYRIS -> LB_ADD_PARTY -> BOSS(value=302030),現行参照,story.js:,,
1291,第10段階以降 深淵,深淵・追加ストーリー,,ABYSS_SYRIS,ケイト,"水だけで作る世界は、癒しではありません。
それは、誰の声も届かない冷たい混沌です。",104,8/9,abyss_syris_battle,event=abyss_syris_battle; actions=CONV:ABYSS_SYRIS -> LB_ADD_PARTY -> BOSS(value=302030),現行参照,story.js:,,
1292,第10段階以降 深淵,深淵・追加ストーリー,,ABYSS_SYRIS,極零のシーリス,"ならば示しなさい。
あなたの震える手が、私の氷より深く命へ届くのだと。",,9/9,abyss_syris_battle,event=abyss_syris_battle; actions=CONV:ABYSS_SYRIS -> LB_ADD_PARTY -> BOSS(value=302030),現行参照,story.js:,,
1293,第10段階以降 深淵,深淵・追加ストーリー,,ABYSS_SYRIS_CLEAR,システム,"凍った息が溶け、床に細い水筋を作った。
その水は、深淵の奥へは流れず、足元で静かに澄んだ。",,1/2,abyss_syris_clear,event=abyss_syris_clear; actions=CONV:ABYSS_SYRIS_CLEAR -> FLAG(key=abyssSyrisDefeated) -> IF_FLAG,現行参照,story.js:,,
1294,第10段階以降 深淵,深淵・追加ストーリー,,ABYSS_SYRIS_CLEAR,ケイト,"水は、全部を沈めるためのものじゃない。
手を洗って、喉を潤して、明日へ渡すためのものです。",104,2/2,abyss_syris_clear,event=abyss_syris_clear; actions=CONV:ABYSS_SYRIS_CLEAR -> FLAG(key=abyssSyrisDefeated) -> IF_FLAG,現行参照,story.js:,,
1295,第10段階以降 深淵,深淵・追加ストーリー,,ABYSS_GRAD,システム,"床の亀裂から火が噴いた。
石畳が赤く溶け、逃げ道が一つずつ炎に塗り潰される。",,1/8,abyss_grad_battle,event=abyss_grad_battle; actions=CONV:ABYSS_GRAD -> LB_ADD_PARTY -> BOSS(value=302040),現行参照,story.js:,,
1296,第10段階以降 深淵,深淵・追加ストーリー,,ABYSS_GRAD,焦熱のグラド,"火山の時とは違うぞ、小僧ども。
ここでは炎が、世界の骨まで食う。光も闇も、混沌すら灰だ。",,2/8,abyss_grad_battle,event=abyss_grad_battle; actions=CONV:ABYSS_GRAD -> LB_ADD_PARTY -> BOSS(value=302040),現行参照,story.js:,,
1297,第10段階以降 深淵,深淵・追加ストーリー,,ABYSS_GRAD,焦熱のグラド,"炎こそ最強だ。生み、壊し、灰まで支配する。
鍋の下で眠るだけの火に、本質などない。",,3/8,abyss_grad_battle,event=abyss_grad_battle; actions=CONV:ABYSS_GRAD -> LB_ADD_PARTY -> BOSS(value=302040),現行参照,story.js:,,
1298,第10段階以降 深淵,深淵・追加ストーリー,,ABYSS_GRAD,サラ,"違います。鍋の下の火が、どれだけ人を生かしてきたか。
凍えた手も、濡れた服も、帰りを待つ灯りも、火が守ってきました。",110,4/8,abyss_grad_battle,event=abyss_grad_battle; actions=CONV:ABYSS_GRAD -> LB_ADD_PARTY -> BOSS(value=302040),現行参照,story.js:,,
1299,第10段階以降 深淵,深淵・追加ストーリー,,ABYSS_GRAD,焦熱のグラド,"守る火だと？　甘い匂いがするな、小娘。
その甘さごと焦がしてやろう。",,5/8,abyss_grad_battle,event=abyss_grad_battle; actions=CONV:ABYSS_GRAD -> LB_ADD_PARTY -> BOSS(value=302040),現行参照,story.js:,,
1300,第10段階以降 深淵,深淵・追加ストーリー,,ABYSS_GRAD,ガイル,"火は支配するもんじゃねえ。
胸に宿して、信念を燃やして、誰かを守り抜くもんだ。",109,6/8,abyss_grad_battle,event=abyss_grad_battle; actions=CONV:ABYSS_GRAD -> LB_ADD_PARTY -> BOSS(value=302040),現行参照,story.js:,,
1301,第10段階以降 深淵,深淵・追加ストーリー,,ABYSS_GRAD,ガイル,"俺の炎は、俺のためじゃない。
大事な奴を焼かせないために、何度でも燃やす灯だ！",109,7/8,abyss_grad_battle,event=abyss_grad_battle; actions=CONV:ABYSS_GRAD -> LB_ADD_PARTY -> BOSS(value=302040),現行参照,story.js:,,
1302,第10段階以降 深淵,深淵・追加ストーリー,,ABYSS_GRAD,焦熱のグラド,"ならば証明してみせろ。
俺の豪火より、貴様らのちっぽけな灯こそが炎の神髄であるのだと！",,8/8,abyss_grad_battle,event=abyss_grad_battle; actions=CONV:ABYSS_GRAD -> LB_ADD_PARTY -> BOSS(value=302040),現行参照,story.js:,,
1303,第10段階以降 深淵,深淵・追加ストーリー,,ABYSS_GRAD_CLEAR,システム,"炎は消えなかった。
ただ、焼き尽くす赤から、手をかざせる橙へと色を戻した。",,1/3,abyss_grad_clear,event=abyss_grad_clear; actions=CONV:ABYSS_GRAD_CLEAR -> FLAG(key=abyssGradDefeated) -> IF_FLAG,現行参照,story.js:,,
1304,第10段階以降 深淵,深淵・追加ストーリー,,ABYSS_GRAD_CLEAR,サラ,"火は怖いです。でも、怖いからこそ、丁寧に扱うんです。
誰かの夕食を焦がさないように。",110,2/3,abyss_grad_clear,event=abyss_grad_clear; actions=CONV:ABYSS_GRAD_CLEAR -> FLAG(key=abyssGradDefeated) -> IF_FLAG,現行参照,story.js:,,
1305,第10段階以降 深淵,深淵・追加ストーリー,,ABYSS_GRAD_CLEAR,ガイル,"ああ。豪火より先に、守る灯を絶やさねえ。
それが俺たちの炎だ。",109,3/3,abyss_grad_clear,event=abyss_grad_clear; actions=CONV:ABYSS_GRAD_CLEAR -> FLAG(key=abyssGradDefeated) -> IF_FLAG,現行参照,story.js:,,
1306,第10段階以降 深淵,深淵・追加ストーリー,,ABYSS_SECOND_BARRIER_CLEAR,システム,"水と火、残る二つの結界核が消滅した。
混沌魔城レガシオンを閉ざしていた第二層の結界が崩れ去った。",,1/2,abyss_syris_clear / abyss_grad_clear,event=abyss_syris_clear; actions=CONV:ABYSS_SYRIS_CLEAR -> FLAG(key=abyssSyrisDefeated) -> IF_FLAG || event=abyss_grad_clear; actions=CONV:ABYSS_GRAD_CLEAR -> FLAG(key=abyssGradDefeated) -> IF_FLAG,現行参照,story.js:,,
1307,第10段階以降 深淵,深淵・追加ストーリー,,ABYSS_SECOND_BARRIER_CLEAR,魔王ゼノン,"これで魔城までの道は繋がった。
深淵王の喉元へ、ようやく刃が届く。",402,2/2,abyss_syris_clear / abyss_grad_clear,event=abyss_syris_clear; actions=CONV:ABYSS_SYRIS_CLEAR -> FLAG(key=abyssSyrisDefeated) -> IF_FLAG || event=abyss_grad_clear; actions=CONV:ABYSS_GRAD_CLEAR -> FLAG(key=abyssGradDefeated) -> IF_FLAG,現行参照,story.js:,,
1308,第10段階以降 深淵,深淵・追加ストーリー,,ABYSS_VELD,システム,"白い鎧が黒く脈打っている。
混沌の騎士は、祈る者の列を見下ろすように剣を構えた。",,1/11,abyss_veld_battle,event=abyss_veld_battle; actions=CONV:ABYSS_VELD -> LB_ADD_PARTY -> BOSS(value=302050),現行参照,story.js:,,
1309,第10段階以降 深淵,深淵・追加ストーリー,,ABYSS_VELD,昏迷の黒騎士ヴェルド,"遅い。あまりに遅い。
救いを名乗る足音は、いつも血の跡を踏んでから届く。",,2/11,abyss_veld_battle,event=abyss_veld_battle; actions=CONV:ABYSS_VELD -> LB_ADD_PARTY -> BOSS(value=302050),現行参照,story.js:,,
1310,第10段階以降 深淵,深淵・追加ストーリー,,ABYSS_VELD,レイラ,"ヴェルド様……。
その声で、そんなことを言わないでください。",204,3/11,abyss_veld_battle,event=abyss_veld_battle; actions=CONV:ABYSS_VELD -> LB_ADD_PARTY -> BOSS(value=302050),現行参照,story.js:,,
1311,第10段階以降 深淵,深淵・追加ストーリー,,ABYSS_VELD,昏迷の黒騎士ヴェルド,"城門を閉じろ。外の泣き声は、壁の厚みで消える。
救いとは、残す命と捧げる命を選ぶことだ。",,4/11,abyss_veld_battle,event=abyss_veld_battle; actions=CONV:ABYSS_VELD -> LB_ADD_PARTY -> BOSS(value=302050),現行参照,story.js:,,
1312,第10段階以降 深淵,深淵・追加ストーリー,,ABYSS_VELD,レイラ,"それは、あなたの言葉ではありません。
あなたは、門の外で泣く子にこそ毛布を掛ける人でした。",204,5/11,abyss_veld_battle,event=abyss_veld_battle; actions=CONV:ABYSS_VELD -> LB_ADD_PARTY -> BOSS(value=302050),現行参照,story.js:,,
1313,第10段階以降 深淵,深淵・追加ストーリー,,ABYSS_VELD,昏迷の黒騎士ヴェルド,"黙れ。名を呼ぶな。
光に選ばれた者も、光に縋る者も、等しく膝をつかせてやる。",,6/11,abyss_veld_battle,event=abyss_veld_battle; actions=CONV:ABYSS_VELD -> LB_ADD_PARTY -> BOSS(value=302050),現行参照,story.js:,,
1314,第10段階以降 深淵,深淵・追加ストーリー,,ABYSS_VELD,システム,"振り上げた剣の下で、首元のペンダントがかすかに揺れた。
黒い鎧の中で、その小さな光だけが消えていない。",,7/11,abyss_veld_battle,event=abyss_veld_battle; actions=CONV:ABYSS_VELD -> LB_ADD_PARTY -> BOSS(value=302050),現行参照,story.js:,,
1315,第10段階以降 深淵,深淵・追加ストーリー,,ABYSS_VELD,レイラ,"……まだ、持っていてくれた。
深淵が捨て忘れたのでもいい。そこに、呼びかけます。",204,8/11,abyss_veld_battle,event=abyss_veld_battle; actions=CONV:ABYSS_VELD -> LB_ADD_PARTY -> BOSS(value=302050),現行参照,story.js:,,
1316,第10段階以降 深淵,深淵・追加ストーリー,,ABYSS_VELD,レイラ,"聖騎士として、あなたの非道を止める。
娘として、その胸に残った灯を、最後まで信じる。",204,9/11,abyss_veld_battle,event=abyss_veld_battle; actions=CONV:ABYSS_VELD -> LB_ADD_PARTY -> BOSS(value=302050),現行参照,story.js:,,
1317,第10段階以降 深淵,深淵・追加ストーリー,,ABYSS_VELD,昏迷の黒騎士ヴェルド,"灯など、踏めば消える。
来い。希望ごと斬り伏せ、泣き声を深淵の底へ落としてやる。",,10/11,abyss_veld_battle,event=abyss_veld_battle; actions=CONV:ABYSS_VELD -> LB_ADD_PARTY -> BOSS(value=302050),現行参照,story.js:,,
1318,第10段階以降 深淵,深淵・追加ストーリー,,ABYSS_VELD,レイラ,"目を覚ませ、バカ親父。
今度は私が、あなたの頬を叩く番です。",204,11/11,abyss_veld_battle,event=abyss_veld_battle; actions=CONV:ABYSS_VELD -> LB_ADD_PARTY -> BOSS(value=302050),現行参照,story.js:,,
1319,第10段階以降 深淵,深淵・追加ストーリー,,ABYSS_VELD_CLEAR,システム,"黒い脈動が鎧から抜け落ちた。
ヴェルドの剣が床を打ち、レイラは自分の剣を放り捨てて駆け寄った。",,1/13,abyss_veld_clear,event=abyss_veld_clear; actions=CONV:ABYSS_VELD_CLEAR -> FLAG(key=abyssVeldDefeated),現行参照,story.js:,,
1320,第10段階以降 深淵,深淵・追加ストーリー,,ABYSS_VELD_CLEAR,レイラ,父さん……！,204,2/13,abyss_veld_clear,event=abyss_veld_clear; actions=CONV:ABYSS_VELD_CLEAR -> FLAG(key=abyssVeldDefeated),現行参照,story.js:,,
1321,第10段階以降 深淵,深淵・追加ストーリー,,ABYSS_VELD_CLEAR,昏迷の黒騎士ヴェルド,"泣き虫は……変わらんな、レイラ。
昔もそうだ。転んでは、私の袖を濡らした。",,3/13,abyss_veld_clear,event=abyss_veld_clear; actions=CONV:ABYSS_VELD_CLEAR -> FLAG(key=abyssVeldDefeated),現行参照,story.js:,,
1322,第10段階以降 深淵,深淵・追加ストーリー,,ABYSS_VELD_CLEAR,システム,"ヴェルドは震える手を伸ばし、
子どもをあやすように、レイラの涙を親指でぬぐった。",,4/13,abyss_veld_clear,event=abyss_veld_clear; actions=CONV:ABYSS_VELD_CLEAR -> FLAG(key=abyssVeldDefeated),現行参照,story.js:,,
1323,第10段階以降 深淵,深淵・追加ストーリー,,ABYSS_VELD_CLEAR,昏迷の黒騎士ヴェルド,"すまん、レイラ。怖かったろう。
守れと教えた手で、お前の世界を傷つけた。",,5/13,abyss_veld_clear,event=abyss_veld_clear; actions=CONV:ABYSS_VELD_CLEAR -> FLAG(key=abyssVeldDefeated),現行参照,story.js:,,
1324,第10段階以降 深淵,深淵・追加ストーリー,,ABYSS_VELD_CLEAR,レイラ,"……うん。怖かった。
でも、今はここにいる。父さんが、ここにいる。",204,6/13,abyss_veld_clear,event=abyss_veld_clear; actions=CONV:ABYSS_VELD_CLEAR -> FLAG(key=abyssVeldDefeated),現行参照,story.js:,,
1325,第10段階以降 深淵,深淵・追加ストーリー,,ABYSS_VELD_CLEAR,昏迷の黒騎士ヴェルド,"ああ……最後に、お前の声を聞けた。
泣くなとは言わん。涙のあとで、顔を上げろ。",,7/13,abyss_veld_clear,event=abyss_veld_clear; actions=CONV:ABYSS_VELD_CLEAR -> FLAG(key=abyssVeldDefeated),現行参照,story.js:,,
1326,第10段階以降 深淵,深淵・追加ストーリー,,ABYSS_VELD_CLEAR,レイラ,……はい。,204,8/13,abyss_veld_clear,event=abyss_veld_clear; actions=CONV:ABYSS_VELD_CLEAR -> FLAG(key=abyssVeldDefeated),現行参照,story.js:,,
1327,第10段階以降 深淵,深淵・追加ストーリー,,ABYSS_VELD_CLEAR,システム,"ヴェルドの瞳に、かすかな光が戻る。
彼はレイラの向こうに立つ者たちを、静かに見つめた。",,9/13,abyss_veld_clear,event=abyss_veld_clear; actions=CONV:ABYSS_VELD_CLEAR -> FLAG(key=abyssVeldDefeated),現行参照,story.js:,,
1328,第10段階以降 深淵,深淵・追加ストーリー,,ABYSS_VELD_CLEAR,昏迷の黒騎士ヴェルド,……世界を、守ってくれ。,,10/13,abyss_veld_clear,event=abyss_veld_clear; actions=CONV:ABYSS_VELD_CLEAR -> FLAG(key=abyssVeldDefeated),現行参照,story.js:,,
1329,第10段階以降 深淵,深淵・追加ストーリー,,ABYSS_VELD_CLEAR,昏迷の黒騎士ヴェルド,救世主たち。,,11/13,abyss_veld_clear,event=abyss_veld_clear; actions=CONV:ABYSS_VELD_CLEAR -> FLAG(key=abyssVeldDefeated),現行参照,story.js:,,
1330,第10段階以降 深淵,深淵・追加ストーリー,,ABYSS_VELD_CLEAR,システム,"ヴェルドはレイラの膝の中で、静かに息を吐いた。
床には輝く剣が、レイラの腕には古いペンダントが残された。",,12/13,abyss_veld_clear,event=abyss_veld_clear; actions=CONV:ABYSS_VELD_CLEAR -> FLAG(key=abyssVeldDefeated),現行参照,story.js:,,
1331,第10段階以降 深淵,深淵・追加ストーリー,,ABYSS_VELD_CLEAR,レイラ,"……行きます。
泣き止むのは、深淵を断ってからです。",204,13/13,abyss_veld_clear,event=abyss_veld_clear; actions=CONV:ABYSS_VELD_CLEAR -> FLAG(key=abyssVeldDefeated),現行参照,story.js:,,
1332,第10段階以降 深淵,深淵・追加ストーリー,,ABYSS_JASPER,システム,災禍の根の最深部。白い祭壇を中心に、黒ずんだ根が幾重にも絡み合っている。,,1/21,abyss_jasper_battle,event=abyss_jasper_battle; actions=CONV:ABYSS_JASPER -> IF_FLAG,現行参照,story.js:,,
1333,第10段階以降 深淵,深淵・追加ストーリー,,ABYSS_JASPER,妄執の神官ジャスパー,ようやく来たか。ここまで追ってくるとは、実験材料にしては随分としぶとい。,,2/21,abyss_jasper_battle,event=abyss_jasper_battle; actions=CONV:ABYSS_JASPER -> IF_FLAG,現行参照,story.js:,,
1334,第10段階以降 深淵,深淵・追加ストーリー,,ABYSS_JASPER,アルス,ジャスパー。ここで終わらせる。,301,3/21,abyss_jasper_battle,event=abyss_jasper_battle; actions=CONV:ABYSS_JASPER -> IF_FLAG,現行参照,story.js:,,
1335,第10段階以降 深淵,深淵・追加ストーリー,,ABYSS_JASPER,妄執の神官ジャスパー,終わらせる？　逆だ。お前たちは、ようやく最後の役目を果たすのだよ。,,4/21,abyss_jasper_battle,event=abyss_jasper_battle; actions=CONV:ABYSS_JASPER -> IF_FLAG,現行参照,story.js:,,
1336,第10段階以降 深淵,深淵・追加ストーリー,,ABYSS_JASPER,システム,足元の紋様が反転した。白と黒の光が根を伝い、一行の身体へ絡みつく。,,5/21,abyss_jasper_battle,event=abyss_jasper_battle; actions=CONV:ABYSS_JASPER -> IF_FLAG,現行参照,story.js:,,
1337,第10段階以降 深淵,深淵・追加ストーリー,,ABYSS_JASPER,ガイル,ぐっ……なんだ、これ……！　身体が、動かねえ……！,109,6/21,abyss_jasper_battle,event=abyss_jasper_battle; actions=CONV:ABYSS_JASPER -> IF_FLAG,現行参照,story.js:,,
1338,第10段階以降 深淵,深淵・追加ストーリー,,ABYSS_JASPER,ケイト,力が抜ける……。魔力まで、引きずられて……。,104,7/21,abyss_jasper_battle,event=abyss_jasper_battle; actions=CONV:ABYSS_JASPER -> IF_FLAG,現行参照,story.js:,,
1339,第10段階以降 深淵,深淵・追加ストーリー,,ABYSS_JASPER,妄執の神官ジャスパー,混沌呪縛。お前たちが私の研究を追い回すことくらい、とうに織り込み済みだ。,,8/21,abyss_jasper_battle,event=abyss_jasper_battle; actions=CONV:ABYSS_JASPER -> IF_FLAG,現行参照,story.js:,,
1340,第10段階以降 深淵,深淵・追加ストーリー,,ABYSS_JASPER,レイラ,……私たちに掛けた呪縛も、この術式の……。,204,9/21,abyss_jasper_battle,event=abyss_jasper_battle; actions=CONV:ABYSS_JASPER -> IF_FLAG,現行参照,story.js:,,
1341,第10段階以降 深淵,深淵・追加ストーリー,,ABYSS_JASPER,妄執の神官ジャスパー,あれは小さな試験に過ぎん。聖女も、騎士も、プリズムも――すべて、六つの属性を一つへ束ねるための材料だった。,,10/21,abyss_jasper_battle,event=abyss_jasper_battle; actions=CONV:ABYSS_JASPER -> IF_FLAG,現行参照,story.js:,,
1342,第10段階以降 深淵,深淵・追加ストーリー,,ABYSS_JASPER,妄執の神官ジャスパー,王国には救済の儀と信じ込ませた。異を唱える者は反逆者へ仕立てた。魔族と人間が互いを憎めば、深淵の裂け目はさらに育つ。実に扱いやすい連中だったよ。,,11/21,abyss_jasper_battle,event=abyss_jasper_battle; actions=CONV:ABYSS_JASPER -> IF_FLAG,現行参照,story.js:,,
1343,第10段階以降 深淵,深淵・追加ストーリー,,ABYSS_JASPER,シャオ,人が死んだのも、国が壊れたのも……全部、研究のつもりだったってのか。,105,12/21,abyss_jasper_battle,event=abyss_jasper_battle; actions=CONV:ABYSS_JASPER -> IF_FLAG,現行参照,story.js:,,
1344,第10段階以降 深淵,深淵・追加ストーリー,,ABYSS_JASPER,妄執の神官ジャスパー,研究に犠牲は付き物だ。おかげで、個体への統合も、プリズムへの干渉も、混沌の定着もここまで進んだ。,,13/21,abyss_jasper_battle,event=abyss_jasper_battle; actions=CONV:ABYSS_JASPER -> IF_FLAG,現行参照,story.js:,,
1345,第10段階以降 深淵,深淵・追加ストーリー,,ABYSS_JASPER,ルーナ,……私から、力を奪ったのも……。,401,14/21,abyss_jasper_battle,event=abyss_jasper_battle; actions=CONV:ABYSS_JASPER -> IF_FLAG,現行参照,story.js:,,
1346,第10段階以降 深淵,深淵・追加ストーリー,,ABYSS_JASPER,妄執の神官ジャスパー,ああ。聖女の器は素晴らしかった。壊れずにどこまで混ぜられるか、もっと時間があれば試したかったがね。,,15/21,abyss_jasper_battle,event=abyss_jasper_battle; actions=CONV:ABYSS_JASPER -> IF_FLAG,現行参照,story.js:,,
1347,第10段階以降 深淵,深淵・追加ストーリー,,ABYSS_JASPER,アルス,……黙れ。,301,16/21,abyss_jasper_battle,event=abyss_jasper_battle; actions=CONV:ABYSS_JASPER -> IF_FLAG,現行参照,story.js:,,
1348,第10段階以降 深淵,深淵・追加ストーリー,,ABYSS_JASPER,妄執の神官ジャスパー,なに、まだ続けられる。お前たちをここで亡き者にし、その亡骸を深淵王様へ捧げればよい。これだけの成果を示せば、私はまだ幹部として重用される。,,17/21,abyss_jasper_battle,event=abyss_jasper_battle; actions=CONV:ABYSS_JASPER -> IF_FLAG,現行参照,story.js:,,
1349,第10段階以降 深淵,深淵・追加ストーリー,,ABYSS_JASPER,妄執の神官ジャスパー,そして地上を私の管理下に置いていただいた暁には――人も、獣も、魔族も、草木も。すべての生命を使って研究を完成させる。,,18/21,abyss_jasper_battle,event=abyss_jasper_battle; actions=CONV:ABYSS_JASPER -> IF_FLAG,現行参照,story.js:,,
1350,第10段階以降 深淵,深淵・追加ストーリー,,ABYSS_JASPER,妄執の神官ジャスパー,六つに分かれたまま争うから世界は不完全なのだ。私が、ひとつの正しい形へ直してやる。,,19/21,abyss_jasper_battle,event=abyss_jasper_battle; actions=CONV:ABYSS_JASPER -> IF_FLAG,現行参照,story.js:,,
1351,第10段階以降 深淵,深淵・追加ストーリー,,ABYSS_JASPER,シャニー,違う。あなたは、壊して混ぜてるだけ。そこに誰がいたか、一度も見てない。,306,20/21,abyss_jasper_battle,event=abyss_jasper_battle; actions=CONV:ABYSS_JASPER -> IF_FLAG,現行参照,story.js:,,
1352,第10段階以降 深淵,深淵・追加ストーリー,,ABYSS_JASPER,妄執の神官ジャスパー,名前など要らん。完成した式だけが残れば、それでよい。,,21/21,abyss_jasper_battle,event=abyss_jasper_battle; actions=CONV:ABYSS_JASPER -> IF_FLAG,現行参照,story.js:,,
1353,第10段階以降 深淵,深淵・追加ストーリー,,ABYSS_JASPER_ALAN_ENTRY_PHASE8F,システム,その時、祭壇の外縁で影が揺れた。濁った光が一閃し、身体を縛る白黒の鎖へ食い込む。,,1/14,abyss_jasper_battle,event=abyss_jasper_battle; actions=CONV:ABYSS_JASPER -> IF_FLAG,現行参照,story.js:,,
1354,第10段階以降 深淵,深淵・追加ストーリー,,ABYSS_JASPER_ALAN_ENTRY_PHASE8F,妄執の神官ジャスパー,……その光。まさか。,,2/14,abyss_jasper_battle,event=abyss_jasper_battle; actions=CONV:ABYSS_JASPER -> IF_FLAG,現行参照,story.js:,,
1355,第10段階以降 深淵,深淵・追加ストーリー,,ABYSS_JASPER_ALAN_ENTRY_PHASE8F,アラン,ようやく見つけたぞ、ジャスパー。,201,3/14,abyss_jasper_battle,event=abyss_jasper_battle; actions=CONV:ABYSS_JASPER -> IF_FLAG,現行参照,story.js:,,
1356,第10段階以降 深淵,深淵・追加ストーリー,,ABYSS_JASPER_ALAN_ENTRY_PHASE8F,システム,混沌に染まった光が、混沌呪縛の術式へ逆流する。絡みついていた力がひび割れ、一行の身体からほどけていった。,,4/14,abyss_jasper_battle,event=abyss_jasper_battle; actions=CONV:ABYSS_JASPER -> IF_FLAG,現行参照,story.js:,,
1357,第10段階以降 深淵,深淵・追加ストーリー,,ABYSS_JASPER_ALAN_ENTRY_PHASE8F,ガイル,アラン……！　てめえ、今さら何しに来た！,109,5/14,abyss_jasper_battle,event=abyss_jasper_battle; actions=CONV:ABYSS_JASPER -> IF_FLAG,現行参照,story.js:,,
1358,第10段階以降 深淵,深淵・追加ストーリー,,ABYSS_JASPER_ALAN_ENTRY_PHASE8F,アラン,怒るのは後でいい。お前たちに怒られる理由なら、嫌になるほど分かってる。,201,6/14,abyss_jasper_battle,event=abyss_jasper_battle; actions=CONV:ABYSS_JASPER -> IF_FLAG,現行参照,story.js:,,
1359,第10段階以降 深淵,深淵・追加ストーリー,,ABYSS_JASPER_ALAN_ENTRY_PHASE8F,アラン,でも、今はこいつだ。全部聞いた。父のことも、俺を使った理由も、統合の儀も――黒幕の口から、この耳で聞いた。,201,7/14,abyss_jasper_battle,event=abyss_jasper_battle; actions=CONV:ABYSS_JASPER -> IF_FLAG,現行参照,story.js:,,
1360,第10段階以降 深淵,深淵・追加ストーリー,,ABYSS_JASPER_ALAN_ENTRY_PHASE8F,妄執の神官ジャスパー,愚かな。お前に与えた光を、恩人へ向けるというのか。,,8/14,abyss_jasper_battle,event=abyss_jasper_battle; actions=CONV:ABYSS_JASPER -> IF_FLAG,現行参照,story.js:,,
1361,第10段階以降 深淵,深淵・追加ストーリー,,ABYSS_JASPER_ALAN_ENTRY_PHASE8F,アラン,恩人だったと思ってたさ。だからこそ、自分の手で終わらせる。,201,9/14,abyss_jasper_battle,event=abyss_jasper_battle; actions=CONV:ABYSS_JASPER -> IF_FLAG,現行参照,story.js:,,
1362,第10段階以降 深淵,深淵・追加ストーリー,,ABYSS_JASPER_ALAN_ENTRY_PHASE8F,アラン,アルス。頼む。共に戦わせてくれ。,201,10/14,abyss_jasper_battle,event=abyss_jasper_battle; actions=CONV:ABYSS_JASPER -> IF_FLAG,現行参照,story.js:,,
1363,第10段階以降 深淵,深淵・追加ストーリー,,ABYSS_JASPER_ALAN_ENTRY_PHASE8F,ガイル,簡単に帳消しになると思うなよ。お前がやったことは、戦いが終わっても残るからな。,109,11/14,abyss_jasper_battle,event=abyss_jasper_battle; actions=CONV:ABYSS_JASPER -> IF_FLAG,現行参照,story.js:,,
1364,第10段階以降 深淵,深淵・追加ストーリー,,ABYSS_JASPER_ALAN_ENTRY_PHASE8F,アラン,分かってる。,201,12/14,abyss_jasper_battle,event=abyss_jasper_battle; actions=CONV:ABYSS_JASPER -> IF_FLAG,現行参照,story.js:,,
1365,第10段階以降 深淵,深淵・追加ストーリー,,ABYSS_JASPER_ALAN_ENTRY_PHASE8F,アルス,……今はジャスパーを止める。来い、アラン。,301,13/14,abyss_jasper_battle,event=abyss_jasper_battle; actions=CONV:ABYSS_JASPER -> IF_FLAG,現行参照,story.js:,,
1366,第10段階以降 深淵,深淵・追加ストーリー,,ABYSS_JASPER_ALAN_ENTRY_PHASE8F,アラン,ああ。,201,14/14,abyss_jasper_battle,event=abyss_jasper_battle; actions=CONV:ABYSS_JASPER -> IF_FLAG,現行参照,story.js:,,
1367,第10段階以降 深淵,深淵・追加ストーリー,,ABYSS_JASPER_CLEAR,妄執の神官ジャスパー,"王よ、力を。儂はまだ導ける！
式は残っている。民はまだ、儂の光を知らぬ！",,1/6,abyss_jasper_clear,"event=abyss_jasper_clear; actions=CONV:ABYSS_JASPER_CLEAR -> FLAG(key=abyssJasperDefeated) -> ITEM(id=701007,count=1) -> IF_FLAG",現行参照,story.js:,,
1368,第10段階以降 深淵,深淵・追加ストーリー,,ABYSS_JASPER_CLEAR,システム,"黒い腕が、ジャスパーの影を掴んだ。
影だけが先に怯え、体はそれに遅れて震え始めた。",,2/6,abyss_jasper_clear,"event=abyss_jasper_clear; actions=CONV:ABYSS_JASPER_CLEAR -> FLAG(key=abyssJasperDefeated) -> ITEM(id=701007,count=1) -> IF_FLAG",現行参照,story.js:,,
1369,第10段階以降 深淵,深淵・追加ストーリー,,ABYSS_JASPER_CLEAR,妄執の神官ジャスパー,"違う。儂は器ではない。
儂は選ばれた者だ。照らす側だ。王よ、儂の成果を、儂の……。",,3/6,abyss_jasper_clear,"event=abyss_jasper_clear; actions=CONV:ABYSS_JASPER_CLEAR -> FLAG(key=abyssJasperDefeated) -> ITEM(id=701007,count=1) -> IF_FLAG",現行参照,story.js:,,
1370,第10段階以降 深淵,深淵・追加ストーリー,,ABYSS_JASPER_CLEAR,システム,"最後の声は、祈りにも悲鳴にもならなかった。
研究成果も名も奪われ、選ばれたと信じた男だけが無残に消えた。",,4/6,abyss_jasper_clear,"event=abyss_jasper_clear; actions=CONV:ABYSS_JASPER_CLEAR -> FLAG(key=abyssJasperDefeated) -> ITEM(id=701007,count=1) -> IF_FLAG",現行参照,story.js:,,
1371,第10段階以降 深淵,深淵・追加ストーリー,,ABYSS_JASPER_CLEAR,シャニー,"……選ばれたんじゃない。
自分から、差し出しただけ。",306,5/6,abyss_jasper_clear,"event=abyss_jasper_clear; actions=CONV:ABYSS_JASPER_CLEAR -> FLAG(key=abyssJasperDefeated) -> ITEM(id=701007,count=1) -> IF_FLAG",現行参照,story.js:,,
1372,第10段階以降 深淵,深淵・追加ストーリー,,ABYSS_JASPER_CLEAR,システム,"ジャゴレアの根元に、濁った光を放つ結晶が残された。
混沌の結晶片を手に入れた。",,6/6,abyss_jasper_clear,"event=abyss_jasper_clear; actions=CONV:ABYSS_JASPER_CLEAR -> FLAG(key=abyssJasperDefeated) -> ITEM(id=701007,count=1) -> IF_FLAG",現行参照,story.js:,,
1373,第10段階以降 深淵,深淵・追加ストーリー,,ABYSS_JASPER_ALAN_POST_PHASE8F,アラン,……終わったな。,201,1/5,abyss_jasper_clear,"event=abyss_jasper_clear; actions=CONV:ABYSS_JASPER_CLEAR -> FLAG(key=abyssJasperDefeated) -> ITEM(id=701007,count=1) -> IF_FLAG",現行参照,story.js:,,
1374,第10段階以降 深淵,深淵・追加ストーリー,,ABYSS_JASPER_ALAN_POST_PHASE8F,アラン,お陰で、やっと真実をこの目で確認できた。決着をつけさせてくれて、感謝する。,201,2/5,abyss_jasper_clear,"event=abyss_jasper_clear; actions=CONV:ABYSS_JASPER_CLEAR -> FLAG(key=abyssJasperDefeated) -> ITEM(id=701007,count=1) -> IF_FLAG",現行参照,story.js:,,
1375,第10段階以降 深淵,深淵・追加ストーリー,,ABYSS_JASPER_ALAN_POST_PHASE8F,アラン,……大切な友人に嫉妬して、大好きだった父に失望して。挙げ句、差し出された言葉に縋って、こんな道を選んでしまった。,201,3/5,abyss_jasper_clear,"event=abyss_jasper_clear; actions=CONV:ABYSS_JASPER_CLEAR -> FLAG(key=abyssJasperDefeated) -> ITEM(id=701007,count=1) -> IF_FLAG",現行参照,story.js:,,
1376,第10段階以降 深淵,深淵・追加ストーリー,,ABYSS_JASPER_ALAN_POST_PHASE8F,アラン,許してくれとは言わない。許されるとも思ってない。,201,4/5,abyss_jasper_clear,"event=abyss_jasper_clear; actions=CONV:ABYSS_JASPER_CLEAR -> FLAG(key=abyssJasperDefeated) -> ITEM(id=701007,count=1) -> IF_FLAG",現行参照,story.js:,,
1377,第10段階以降 深淵,深淵・追加ストーリー,,ABYSS_JASPER_ALAN_POST_PHASE8F,アラン,だが……こんな俺でもよければ、共に戦わせてほしい。今度は、自分で選んだ側に立ちたい。,201,5/5,abyss_jasper_clear,"event=abyss_jasper_clear; actions=CONV:ABYSS_JASPER_CLEAR -> FLAG(key=abyssJasperDefeated) -> ITEM(id=701007,count=1) -> IF_FLAG",現行参照,story.js:,,
1378,第10段階以降 深淵,深淵・追加ストーリー,,ABYSS_JASPER_ALAN_JOIN_PHASE8F,アラン,……ありがとう。借りを返せるなんて言わない。そんな簡単なものじゃない。,201,1/2,abyss_jasper_clear,"event=abyss_jasper_clear; actions=CONV:ABYSS_JASPER_CLEAR -> FLAG(key=abyssJasperDefeated) -> ITEM(id=701007,count=1) -> IF_FLAG",現行参照,story.js:,,
1379,第10段階以降 深淵,深淵・追加ストーリー,,ABYSS_JASPER_ALAN_JOIN_PHASE8F,アラン,それでも、もう逃げない。最後まで一緒に行く。,201,2/2,abyss_jasper_clear,"event=abyss_jasper_clear; actions=CONV:ABYSS_JASPER_CLEAR -> FLAG(key=abyssJasperDefeated) -> ITEM(id=701007,count=1) -> IF_FLAG",現行参照,story.js:,,
1380,第10段階以降 深淵,深淵・追加ストーリー,,ABYSS_JASPER_ALAN_WAIT_PHASE8F,アラン,……分かった。無理にとは言わない。,201,1/2,abyss_jasper_clear,"event=abyss_jasper_clear; actions=CONV:ABYSS_JASPER_CLEAR -> FLAG(key=abyssJasperDefeated) -> ITEM(id=701007,count=1) -> IF_FLAG",現行参照,story.js:,,
1381,第10段階以降 深淵,深淵・追加ストーリー,,ABYSS_JASPER_ALAN_WAIT_PHASE8F,アラン,レガシオンに戻る。もし気が変わったら、その時もう一度声をかけてくれ。,201,2/2,abyss_jasper_clear,"event=abyss_jasper_clear; actions=CONV:ABYSS_JASPER_CLEAR -> FLAG(key=abyssJasperDefeated) -> ITEM(id=701007,count=1) -> IF_FLAG",現行参照,story.js:,,
1382,第10段階以降 深淵,深淵・追加ストーリー,,ABYSS_ILLUMINACIA,混沌姫イルミナシア,"ようやく来たのね。
この牢獄では、時間も祈りも、わたくしの指先で同じ色に溶ける。",,1/6,abyss_illuminacia_battle,event=abyss_illuminacia_battle; actions=CONV:ABYSS_ILLUMINACIA -> BOSS(value=302070),現行参照,story.js:,,
1383,第10段階以降 深淵,深淵・追加ストーリー,,ABYSS_ILLUMINACIA,シャオ,"旧い深淵で人を弄んでいた影と同じ匂いだ。
だが今度は、観察して笑うだけじゃ済ませない。",105,2/6,abyss_illuminacia_battle,event=abyss_illuminacia_battle; actions=CONV:ABYSS_ILLUMINACIA -> BOSS(value=302070),現行参照,story.js:,,
1384,第10段階以降 深淵,深淵・追加ストーリー,,ABYSS_ILLUMINACIA,混沌姫イルミナシア,"地上の光も、魔族の闇も、最後には混沌へ還る。
抗うほど美しく崩れるから、ここまで招いたのよ。",,3/6,abyss_illuminacia_battle,event=abyss_illuminacia_battle; actions=CONV:ABYSS_ILLUMINACIA -> BOSS(value=302070),現行参照,story.js:,,
1385,第10段階以降 深淵,深淵・追加ストーリー,,ABYSS_ILLUMINACIA,レイラ,"人の誇りを、壊れ方で数えるな。
この牢獄ごと、あなたの傲慢を断ちます。",204,4/6,abyss_illuminacia_battle,event=abyss_illuminacia_battle; actions=CONV:ABYSS_ILLUMINACIA -> BOSS(value=302070),現行参照,story.js:,,
1386,第10段階以降 深淵,深淵・追加ストーリー,,ABYSS_ILLUMINACIA,シャニー,"混ぜれば同じになると思っている。
でも、違いを抱えたまま手を取り合えることを、この人は知らない。",306,5/6,abyss_illuminacia_battle,event=abyss_illuminacia_battle; actions=CONV:ABYSS_ILLUMINACIA -> BOSS(value=302070),現行参照,story.js:,,
1387,第10段階以降 深淵,深淵・追加ストーリー,,ABYSS_ILLUMINACIA,混沌姫イルミナシア,"ならば見せて。
混沌にほどけない絆が、本当に存在するのかを。",,6/6,abyss_illuminacia_battle,event=abyss_illuminacia_battle; actions=CONV:ABYSS_ILLUMINACIA -> BOSS(value=302070),現行参照,story.js:,,
1388,第10段階以降 深淵,深淵・追加ストーリー,,ABYSS_ILLUMINACIA_CLEAR,システム,イルミナシアの影が崩れると、牢獄の奥で空間そのものが裂けた。,,1/3,abyss_illuminacia_clear,event=abyss_illuminacia_clear; actions=CONV:ABYSS_ILLUMINACIA_CLEAR -> FLAG(key=abyssIlluminaciaDefeated),現行参照,story.js:,,
1389,第10段階以降 深淵,深淵・追加ストーリー,,ABYSS_ILLUMINACIA_CLEAR,混沌姫イルミナシア,"……まだ、ひとつの色にならないのね。
ならば王の前で、最後まで足掻いてみせなさい。",,2/3,abyss_illuminacia_clear,event=abyss_illuminacia_clear; actions=CONV:ABYSS_ILLUMINACIA_CLEAR -> FLAG(key=abyssIlluminaciaDefeated),現行参照,story.js:,,
1390,第10段階以降 深淵,深淵・追加ストーリー,,ABYSS_ILLUMINACIA_CLEAR,シャニー,"亀裂の向こうに、深淵王の気配がある。
終わらせよう。ここまで落ちた全部を。",306,3/3,abyss_illuminacia_clear,event=abyss_illuminacia_clear; actions=CONV:ABYSS_ILLUMINACIA_CLEAR -> FLAG(key=abyssIlluminaciaDefeated),現行参照,story.js:,,
1391,第10段階以降 深淵,深淵・追加ストーリー,,ABYSS_VEGNASIS,システム,"五つの声が、一本の異形の柱から重なって響く。
雷、風、水、火、闇の魂が、深淵の肉へ縫い合わされていた。",,1/5,abyss_final_altar_encounter / abyss_vegnasis_battle,"event=abyss_final_altar_encounter; actions=IF_FLAG || event=abyss_vegnasis_battle; actions=CONV:ABYSS_VEGNASIS -> BOSS(value=[302080, 302081, 302082, 302083, 302084])",現行参照,story.js:,,
1392,第10段階以降 深淵,深淵・追加ストーリー,,ABYSS_VEGNASIS,死幻の魔柱ヴェグナシス,"個は弱い。絆は脆い。
ゆえに王は、五つを一つへ混ぜ、死なぬ柱とした。",,2/5,abyss_final_altar_encounter / abyss_vegnasis_battle,"event=abyss_final_altar_encounter; actions=IF_FLAG || event=abyss_vegnasis_battle; actions=CONV:ABYSS_VEGNASIS -> BOSS(value=[302080, 302081, 302082, 302083, 302084])",現行参照,story.js:,,
1393,第10段階以降 深淵,深淵・追加ストーリー,,ABYSS_VEGNASIS,ジョセフ,"一つにしたつもりか。
声が五つ聞こえる時点で、誰一人消せちゃいねえ。",101,3/5,abyss_final_altar_encounter / abyss_vegnasis_battle,"event=abyss_final_altar_encounter; actions=IF_FLAG || event=abyss_vegnasis_battle; actions=CONV:ABYSS_VEGNASIS -> BOSS(value=[302080, 302081, 302082, 302083, 302084])",現行参照,story.js:,,
1394,第10段階以降 深淵,深淵・追加ストーリー,,ABYSS_VEGNASIS,シャニー,"倒すたび、残った魂へ力が流れる。
それでも、一つずつ解き放つしかない。",306,4/5,abyss_final_altar_encounter / abyss_vegnasis_battle,"event=abyss_final_altar_encounter; actions=IF_FLAG || event=abyss_vegnasis_battle; actions=CONV:ABYSS_VEGNASIS -> BOSS(value=[302080, 302081, 302082, 302083, 302084])",現行参照,story.js:,,
1395,第10段階以降 深淵,深淵・追加ストーリー,,ABYSS_VEGNASIS,魔王ゼノン,"五つの怨念ごと斬り伏せる。
王の前座にしては、悪趣味が過ぎるぞ。",402,5/5,abyss_final_altar_encounter / abyss_vegnasis_battle,"event=abyss_final_altar_encounter; actions=IF_FLAG || event=abyss_vegnasis_battle; actions=CONV:ABYSS_VEGNASIS -> BOSS(value=[302080, 302081, 302082, 302083, 302084])",現行参照,story.js:,,
1396,第10段階以降 深淵,深淵・追加ストーリー,,ABYSS_VEGNASIS_CLEAR,システム,"最後の魂が解け、死幻の魔柱は音もなく崩れ落ちた。
祭壇の最奥で、深淵王がゆっくりと立ち上がる。",,1/2,abyss_vegnasis_clear,event=abyss_vegnasis_clear; actions=CONV:ABYSS_VEGNASIS_CLEAR -> FLAG(key=abyssVegnasisDefeated) -> CONV:ABYSS_CYCLE_CRYSTAL_FINAL_ARRAY_PHASE17 -> FLAG(key=abyssCycleCrystalFinalArrayCountered) -> CONV:ABYSS_AZELGARAG -> BOSS(value=302100),現行参照,story.js:,,
1397,第10段階以降 深淵,深淵・追加ストーリー,,ABYSS_VEGNASIS_CLEAR,シャニー,"休ませてはくれない。
でも、ここで止まれば、五人をまた深淵へ渡すことになる。",306,2/2,abyss_vegnasis_clear,event=abyss_vegnasis_clear; actions=CONV:ABYSS_VEGNASIS_CLEAR -> FLAG(key=abyssVegnasisDefeated) -> CONV:ABYSS_CYCLE_CRYSTAL_FINAL_ARRAY_PHASE17 -> FLAG(key=abyssCycleCrystalFinalArrayCountered) -> CONV:ABYSS_AZELGARAG -> BOSS(value=302100),現行参照,story.js:,,
1398,第10段階以降 深淵,深淵・追加ストーリー,,ABYSS_AZELGARAG,深淵王アゼルガラグ,"よくぞ我が世界を歩いた。
町を繋ぎ、楔を解き、捨てた魂へ名を返したか。",,1/5,abyss_final_altar_encounter / abyss_vegnasis_clear / abyss_azelgarag_battle,event=abyss_final_altar_encounter; actions=IF_FLAG || event=abyss_vegnasis_clear; actions=CONV:ABYSS_VEGNASIS_CLEAR -> FLAG(key=abyssVegnasisDefeated) -> CONV:ABYSS_CYCLE_CRYSTAL_FINAL_ARRAY_PHASE17 -> FLAG(key=abyssCycleCrystalFinalArrayCountered) -> CONV:ABYSS_AZELGARAG -> BOSS(value=302100) || event=abyss_azelgarag_battle; actions=CONV:ABYSS_AZELGARAG -> BOSS(value=302100),現行参照,story.js:,,
1399,第10段階以降 深淵,深淵・追加ストーリー,,ABYSS_AZELGARAG,魔王ゼノン,"世界を名乗るには狭量だな。
貴様の深淵は、奪ったものを混ぜて腐らせる穴にすぎぬ。",402,2/5,abyss_final_altar_encounter / abyss_vegnasis_clear / abyss_azelgarag_battle,event=abyss_final_altar_encounter; actions=IF_FLAG || event=abyss_vegnasis_clear; actions=CONV:ABYSS_VEGNASIS_CLEAR -> FLAG(key=abyssVegnasisDefeated) -> CONV:ABYSS_CYCLE_CRYSTAL_FINAL_ARRAY_PHASE17 -> FLAG(key=abyssCycleCrystalFinalArrayCountered) -> CONV:ABYSS_AZELGARAG -> BOSS(value=302100) || event=abyss_azelgarag_battle; actions=CONV:ABYSS_AZELGARAG -> BOSS(value=302100),現行参照,story.js:,,
1400,第10段階以降 深淵,深淵・追加ストーリー,,ABYSS_AZELGARAG,深淵王アゼルガラグ,"違いこそ争いの種。
すべてを混沌へ還せば、痛みも選別もない。",,3/5,abyss_final_altar_encounter / abyss_vegnasis_clear / abyss_azelgarag_battle,event=abyss_final_altar_encounter; actions=IF_FLAG || event=abyss_vegnasis_clear; actions=CONV:ABYSS_VEGNASIS_CLEAR -> FLAG(key=abyssVegnasisDefeated) -> CONV:ABYSS_CYCLE_CRYSTAL_FINAL_ARRAY_PHASE17 -> FLAG(key=abyssCycleCrystalFinalArrayCountered) -> CONV:ABYSS_AZELGARAG -> BOSS(value=302100) || event=abyss_azelgarag_battle; actions=CONV:ABYSS_AZELGARAG -> BOSS(value=302100),現行参照,story.js:,,
1401,第10段階以降 深淵,深淵・追加ストーリー,,ABYSS_AZELGARAG,シャニー,"痛みを消すために、痛みを感じる人まで消す。
そんな静けさを、救いとは呼ばない。",306,4/5,abyss_final_altar_encounter / abyss_vegnasis_clear / abyss_azelgarag_battle,event=abyss_final_altar_encounter; actions=IF_FLAG || event=abyss_vegnasis_clear; actions=CONV:ABYSS_VEGNASIS_CLEAR -> FLAG(key=abyssVegnasisDefeated) -> CONV:ABYSS_CYCLE_CRYSTAL_FINAL_ARRAY_PHASE17 -> FLAG(key=abyssCycleCrystalFinalArrayCountered) -> CONV:ABYSS_AZELGARAG -> BOSS(value=302100) || event=abyss_azelgarag_battle; actions=CONV:ABYSS_AZELGARAG -> BOSS(value=302100),現行参照,story.js:,,
1402,第10段階以降 深淵,深淵・追加ストーリー,,ABYSS_AZELGARAG,深淵王アゼルガラグ,"ならば証明せよ。
五柱を越え、なお残るその命で、深淵の終わりを語ってみせよ。",,5/5,abyss_final_altar_encounter / abyss_vegnasis_clear / abyss_azelgarag_battle,event=abyss_final_altar_encounter; actions=IF_FLAG || event=abyss_vegnasis_clear; actions=CONV:ABYSS_VEGNASIS_CLEAR -> FLAG(key=abyssVegnasisDefeated) -> CONV:ABYSS_CYCLE_CRYSTAL_FINAL_ARRAY_PHASE17 -> FLAG(key=abyssCycleCrystalFinalArrayCountered) -> CONV:ABYSS_AZELGARAG -> BOSS(value=302100) || event=abyss_azelgarag_battle; actions=CONV:ABYSS_AZELGARAG -> BOSS(value=302100),現行参照,story.js:,,
1403,第10段階以降 深淵,深淵・追加ストーリー,,ABYSS_AZELGARAG_CLEAR,システム,"終極の姿がほどけ、深淵を満たしていた圧力が消えていく。
遠く離れた町々の空へ、初めて淡い光が差した。",,1/8,abyss_azelgarag_clear,event=abyss_azelgarag_clear; actions=CONV:ABYSS_AZELGARAG_CLEAR -> FLAG(key=abyssAzelgaragDefeated) -> FLAG(key=abyssEpilogueSeen) -> IF_ITEM -> UNLOCK -> CREDITS -> STEP(value=10) -> SUB(value=2) -> LOG(value=終焉の祭壇には、なお深い亀裂が残っている・・・),現行参照,story.js:,,
1404,第10段階以降 深淵,深淵・追加ストーリー,,ABYSS_AZELGARAG_CLEAR,深淵王アゼルガラグ,"異なるまま……並び立つか。
それもまた、混沌とは違う一つの答え……。",,2/8,abyss_azelgarag_clear,event=abyss_azelgarag_clear; actions=CONV:ABYSS_AZELGARAG_CLEAR -> FLAG(key=abyssAzelgaragDefeated) -> FLAG(key=abyssEpilogueSeen) -> IF_ITEM -> UNLOCK -> CREDITS -> STEP(value=10) -> SUB(value=2) -> LOG(value=終焉の祭壇には、なお深い亀裂が残っている・・・),現行参照,story.js:,,
1405,第10段階以降 深淵,深淵・追加ストーリー,,ABYSS_AZELGARAG_CLEAR,シャニー,"答えは一つじゃない。
だから、誰かが全部を終わらせて決める必要もない。",306,3/8,abyss_azelgarag_clear,event=abyss_azelgarag_clear; actions=CONV:ABYSS_AZELGARAG_CLEAR -> FLAG(key=abyssAzelgaragDefeated) -> FLAG(key=abyssEpilogueSeen) -> IF_ITEM -> UNLOCK -> CREDITS -> STEP(value=10) -> SUB(value=2) -> LOG(value=終焉の祭壇には、なお深い亀裂が残っている・・・),現行参照,story.js:,,
1406,第10段階以降 深淵,深淵・追加ストーリー,,ABYSS_AZELGARAG_CLEAR,ジョセフ,"帰ろうぜ。
地上にも、ここにも、俺たちを待ってる奴がいる。",101,4/8,abyss_azelgarag_clear,event=abyss_azelgarag_clear; actions=CONV:ABYSS_AZELGARAG_CLEAR -> FLAG(key=abyssAzelgaragDefeated) -> FLAG(key=abyssEpilogueSeen) -> IF_ITEM -> UNLOCK -> CREDITS -> STEP(value=10) -> SUB(value=2) -> LOG(value=終焉の祭壇には、なお深い亀裂が残っている・・・),現行参照,story.js:,,
1407,第10段階以降 深淵,深淵・追加ストーリー,,ABYSS_AZELGARAG_CLEAR,リュシオン,"その前に、これを託しましょう。
空へ逃れるためではなく、自ら選んだ道を越えるための光です。",501,5/8,abyss_azelgarag_clear,event=abyss_azelgarag_clear; actions=CONV:ABYSS_AZELGARAG_CLEAR -> FLAG(key=abyssAzelgaragDefeated) -> FLAG(key=abyssEpilogueSeen) -> IF_ITEM -> UNLOCK -> CREDITS -> STEP(value=10) -> SUB(value=2) -> LOG(value=終焉の祭壇には、なお深い亀裂が残っている・・・),現行参照,story.js:,,
1408,第10段階以降 深淵,深淵・追加ストーリー,,ABYSS_AZELGARAG_CLEAR,システム,"光の神リュシオンの加護が、静かに背へ宿った。
光の翼を手に入れた！",,6/8,abyss_azelgarag_clear,event=abyss_azelgarag_clear; actions=CONV:ABYSS_AZELGARAG_CLEAR -> FLAG(key=abyssAzelgaragDefeated) -> FLAG(key=abyssEpilogueSeen) -> IF_ITEM -> UNLOCK -> CREDITS -> STEP(value=10) -> SUB(value=2) -> LOG(value=終焉の祭壇には、なお深い亀裂が残っている・・・),現行参照,story.js:,,
1409,第10段階以降 深淵,深淵・追加ストーリー,,ABYSS_AZELGARAG_CLEAR,リュシオン,"異なる光を抱いたまま、進みなさい。
あなたたちが帰る空も、これから選ぶ道も、その翼は拒みません。",501,7/8,abyss_azelgarag_clear,event=abyss_azelgarag_clear; actions=CONV:ABYSS_AZELGARAG_CLEAR -> FLAG(key=abyssAzelgaragDefeated) -> FLAG(key=abyssEpilogueSeen) -> IF_ITEM -> UNLOCK -> CREDITS -> STEP(value=10) -> SUB(value=2) -> LOG(value=終焉の祭壇には、なお深い亀裂が残っている・・・),現行参照,story.js:,,
1410,第10段階以降 深淵,深淵・追加ストーリー,,ABYSS_AZELGARAG_CLEAR,システム,"一行は光の道を通り、地上へ帰還した。
終焉の祭壇には、消え切らない小さな亀裂だけが残った。",,8/8,abyss_azelgarag_clear,event=abyss_azelgarag_clear; actions=CONV:ABYSS_AZELGARAG_CLEAR -> FLAG(key=abyssAzelgaragDefeated) -> FLAG(key=abyssEpilogueSeen) -> IF_ITEM -> UNLOCK -> CREDITS -> STEP(value=10) -> SUB(value=2) -> LOG(value=終焉の祭壇には、なお深い亀裂が残っている・・・),現行参照,story.js:,,
1411,第10段階以降 深淵,深淵・追加ストーリー,終焉の祭壇 FMAP000057-01,ABYSS_POSTGAME_CRACK,システム,終焉の祭壇を再び訪れると、最奥の亀裂が以前より深く口を開けていた。,,1/5,abyss_postgame_crack,event=abyss_postgame_crack; actions=CONV:ABYSS_POSTGAME_CRACK -> FLAG(key=abyssRandomUnlocked) -> FLAG(key=abyssDungeonMenuUnlocked) -> UNLOCK -> START_ABYSS_DUNGEON; 終焉の祭壇 FMAP000057-01 / さらに深い亀裂を調べる; 終焉の祭壇 FMAP000057-01 / さらに深い亀裂を調べる,現行参照,story.js:,,
1412,第10段階以降 深淵,深淵・追加ストーリー,終焉の祭壇 FMAP000057-01,ABYSS_POSTGAME_CRACK,シャニー,"物語を縛っていた深淵とは違う。
ここから先は、入るたびに形を変える底なしの迷宮。",306,2/5,abyss_postgame_crack,event=abyss_postgame_crack; actions=CONV:ABYSS_POSTGAME_CRACK -> FLAG(key=abyssRandomUnlocked) -> FLAG(key=abyssDungeonMenuUnlocked) -> UNLOCK -> START_ABYSS_DUNGEON; 終焉の祭壇 FMAP000057-01 / さらに深い亀裂を調べる; 終焉の祭壇 FMAP000057-01 / さらに深い亀裂を調べる,現行参照,story.js:,,
1413,第10段階以降 深淵,深淵・追加ストーリー,終焉の祭壇 FMAP000057-01,ABYSS_POSTGAME_CRACK,魔王ゼノン,"王を失ってなお力だけが残ったか。
よかろう。腕試しの穴として、何度でも踏破してやる。",402,3/5,abyss_postgame_crack,event=abyss_postgame_crack; actions=CONV:ABYSS_POSTGAME_CRACK -> FLAG(key=abyssRandomUnlocked) -> FLAG(key=abyssDungeonMenuUnlocked) -> UNLOCK -> START_ABYSS_DUNGEON; 終焉の祭壇 FMAP000057-01 / さらに深い亀裂を調べる; 終焉の祭壇 FMAP000057-01 / さらに深い亀裂を調べる,現行参照,story.js:,,
1414,第10段階以降 深淵,深淵・追加ストーリー,終焉の祭壇 FMAP000057-01,ABYSS_POSTGAME_CRACK,システム,さらなる深淵の奥深くへ挑戦できるようになった！,,4/5,abyss_postgame_crack,event=abyss_postgame_crack; actions=CONV:ABYSS_POSTGAME_CRACK -> FLAG(key=abyssRandomUnlocked) -> FLAG(key=abyssDungeonMenuUnlocked) -> UNLOCK -> START_ABYSS_DUNGEON; 終焉の祭壇 FMAP000057-01 / さらに深い亀裂を調べる; 終焉の祭壇 FMAP000057-01 / さらに深い亀裂を調べる,現行参照,story.js:,,
1415,第10段階以降 深淵,深淵・追加ストーリー,終焉の祭壇 FMAP000057-01,ABYSS_POSTGAME_CRACK,システム,【Tips】メニューや宿屋からも挑戦が可能になりました。,,5/5,abyss_postgame_crack,event=abyss_postgame_crack; actions=CONV:ABYSS_POSTGAME_CRACK -> FLAG(key=abyssRandomUnlocked) -> FLAG(key=abyssDungeonMenuUnlocked) -> UNLOCK -> START_ABYSS_DUNGEON; 終焉の祭壇 FMAP000057-01 / さらに深い亀裂を調べる; 終焉の祭壇 FMAP000057-01 / さらに深い亀裂を調べる,現行参照,story.js:,,
1416,第10段階以降 深淵,深淵・追加ストーリー,深淵都市ビスタ 地下通路 FMAP000061-00,ABYSS_VISTA_UNDERPASS_WORKER,地下道の補修工,"天井が鳴ったら、壁際へ寄れ。
走ると、上の町ごと落ちてくる。",,1/2,abyss_vista_underpass_worker,event=abyss_vista_underpass_worker; actions=CONV:ABYSS_VISTA_UNDERPASS_WORKER; 深淵都市ビスタ 地下通路 FMAP000061-00 / 補修工と話す,現行参照,story.js:,,
1417,第10段階以降 深淵,深淵・追加ストーリー,深淵都市ビスタ 地下通路 FMAP000061-00,ABYSS_VISTA_UNDERPASS_WORKER,地下道の補修工,"南と北が口を利かなくても、下水と崩落は待ってくれん。
だから俺たちは、両方の壁を直す。",,2/2,abyss_vista_underpass_worker,event=abyss_vista_underpass_worker; actions=CONV:ABYSS_VISTA_UNDERPASS_WORKER; 深淵都市ビスタ 地下通路 FMAP000061-00 / 補修工と話す,現行参照,story.js:,,
1418,第10段階以降 深淵,深淵・追加ストーリー,深淵都市ビスタ 地下通路 FMAP000061-00,ABYSS_VISTA_UNDERPASS_CHILDREN,地下道の子ども,"ここなら南区の子とも遊べるんだ。
大人は暗くて危ないって言うけど。",,1/2,abyss_vista_underpass_children,event=abyss_vista_underpass_children; actions=CONV:ABYSS_VISTA_UNDERPASS_CHILDREN; 深淵都市ビスタ 地下通路 FMAP000061-00 / 子どもと話す,現行参照,story.js:,,
1419,第10段階以降 深淵,深淵・追加ストーリー,深淵都市ビスタ 地下通路 FMAP000061-00,ABYSS_VISTA_UNDERPASS_CHILDREN,地下道の子ども,地上のほうが、みんな怖い顔してるよ。,,2/2,abyss_vista_underpass_children,event=abyss_vista_underpass_children; actions=CONV:ABYSS_VISTA_UNDERPASS_CHILDREN; 深淵都市ビスタ 地下通路 FMAP000061-00 / 子どもと話す,現行参照,story.js:,,
1420,第10段階以降 深淵,深淵・追加ストーリー,混沌魔城レガシオン 二階謁見の間 FMAP000060-00,ABYSS_LEGACION_AUDIENCE,深淵皇帝家の末裔,"二層の結界を越えた者よ。
我らの都へ、失われた道を繋いでくれたことに礼を言う。",,1/3,abyss_legacion_audience,event=abyss_legacion_audience; actions=CONV:ABYSS_LEGACION_AUDIENCE -> FLAG(key=abyssLegacionNorthGateOpen); 混沌魔城レガシオン 二階謁見の間 FMAP000060-00 / 皇帝家の末裔と話す,現行参照,story.js:,,
1421,第10段階以降 深淵,深淵・追加ストーリー,混沌魔城レガシオン 二階謁見の間 FMAP000060-00,ABYSS_LEGACION_AUDIENCE,深淵皇帝家の末裔,"北門の先に、夢幻回廊リドパルムがある。
深淵王へ至る者だけが通れるよう、いま門を開こう。",,2/3,abyss_legacion_audience,event=abyss_legacion_audience; actions=CONV:ABYSS_LEGACION_AUDIENCE -> FLAG(key=abyssLegacionNorthGateOpen); 混沌魔城レガシオン 二階謁見の間 FMAP000060-00 / 皇帝家の末裔と話す,現行参照,story.js:,,
1422,第10段階以降 深淵,深淵・追加ストーリー,混沌魔城レガシオン 二階謁見の間 FMAP000060-00,ABYSS_LEGACION_AUDIENCE,システム,レガシオンの北門が開いた。,,3/3,abyss_legacion_audience,event=abyss_legacion_audience; actions=CONV:ABYSS_LEGACION_AUDIENCE -> FLAG(key=abyssLegacionNorthGateOpen); 混沌魔城レガシオン 二階謁見の間 FMAP000060-00 / 皇帝家の末裔と話す,現行参照,story.js:,,
1423,第10段階以降 深淵,深淵・追加ストーリー,混沌魔城レガシオン 二階謁見の間 FMAP000060-00,ABYSS_LEGACION_PRIEST,レガシオンの神官,あなたたちには、強い属性の加護が幾重にも重なっているようですね。,,1/2,abyss_legacion_priest,event=abyss_legacion_priest; actions=CONV:ABYSS_LEGACION_PRIEST -> FLAG(key=abyssSpiritPrismKnown) -> IF_FLAG; 混沌魔城レガシオン 二階謁見の間 FMAP000060-00 / 神官と話す,現行参照,story.js:,,
1424,第10段階以降 深淵,深淵・追加ストーリー,混沌魔城レガシオン 二階謁見の間 FMAP000060-00,ABYSS_LEGACION_PRIEST,レガシオンの神官,"もしや、プリズムに宿る声も聞こえるのではありませんか。
地上で救った六属性のプリズムを訪ねれば、それぞれの大精霊が応えるかもしれません。",,2/2,abyss_legacion_priest,event=abyss_legacion_priest; actions=CONV:ABYSS_LEGACION_PRIEST -> FLAG(key=abyssSpiritPrismKnown) -> IF_FLAG; 混沌魔城レガシオン 二階謁見の間 FMAP000060-00 / 神官と話す,現行参照,story.js:,,
1425,第10段階以降 深淵,深淵・追加ストーリー,,ABYSS_SPIRIT_PILGRIMAGE_PROPOSAL_PHASE17,ミネルバ,……待って。今の話、もう一度頭の中で並べる。,,1/8,abyss_spirit_pilgrimage_proposal_phase17,event=abyss_spirit_pilgrimage_proposal_phase17; actions=CONV:ABYSS_SPIRIT_PILGRIMAGE_PROPOSAL_PHASE17 -> IF_ALLY -> IF_ALLY -> CONV:ABYSS_SPIRIT_PILGRIMAGE_CLOSE_PHASE17 -> FLAG(key=abyssSpiritPilgrimageStarted),現行参照,story.js:,,
1426,第10段階以降 深淵,深淵・追加ストーリー,,ABYSS_SPIRIT_PILGRIMAGE_PROPOSAL_PHASE17,ソフィア,その顔。何か思いついたのね。,,2/8,abyss_spirit_pilgrimage_proposal_phase17,event=abyss_spirit_pilgrimage_proposal_phase17; actions=CONV:ABYSS_SPIRIT_PILGRIMAGE_PROPOSAL_PHASE17 -> IF_ALLY -> IF_ALLY -> CONV:ABYSS_SPIRIT_PILGRIMAGE_CLOSE_PHASE17 -> FLAG(key=abyssSpiritPilgrimageStarted),現行参照,story.js:,,
1427,第10段階以降 深淵,深淵・追加ストーリー,,ABYSS_SPIRIT_PILGRIMAGE_PROPOSAL_PHASE17,ミネルバ,"ここじゃ火も水も風も、深淵の圧に押されて境目が曖昧になる。
混ざった場所で、無理にほどこうとしてた。",,3/8,abyss_spirit_pilgrimage_proposal_phase17,event=abyss_spirit_pilgrimage_proposal_phase17; actions=CONV:ABYSS_SPIRIT_PILGRIMAGE_PROPOSAL_PHASE17 -> IF_ALLY -> IF_ALLY -> CONV:ABYSS_SPIRIT_PILGRIMAGE_CLOSE_PHASE17 -> FLAG(key=abyssSpiritPilgrimageStarted),現行参照,story.js:,,
1428,第10段階以降 深淵,深淵・追加ストーリー,,ABYSS_SPIRIT_PILGRIMAGE_PROPOSAL_PHASE17,ソフィア,地上へ戻して観測する？,,4/8,abyss_spirit_pilgrimage_proposal_phase17,event=abyss_spirit_pilgrimage_proposal_phase17; actions=CONV:ABYSS_SPIRIT_PILGRIMAGE_PROPOSAL_PHASE17 -> IF_ALLY -> IF_ALLY -> CONV:ABYSS_SPIRIT_PILGRIMAGE_CLOSE_PHASE17 -> FLAG(key=abyssSpiritPilgrimageStarted),現行参照,story.js:,,
1429,第10段階以降 深淵,深淵・追加ストーリー,,ABYSS_SPIRIT_PILGRIMAGE_PROPOSAL_PHASE17,ミネルバ,ううん。戻すんじゃない。私たちが会いに行く。,,5/8,abyss_spirit_pilgrimage_proposal_phase17,event=abyss_spirit_pilgrimage_proposal_phase17; actions=CONV:ABYSS_SPIRIT_PILGRIMAGE_PROPOSAL_PHASE17 -> IF_ALLY -> IF_ALLY -> CONV:ABYSS_SPIRIT_PILGRIMAGE_CLOSE_PHASE17 -> FLAG(key=abyssSpiritPilgrimageStarted),現行参照,story.js:,,
1430,第10段階以降 深淵,深淵・追加ストーリー,,ABYSS_SPIRIT_PILGRIMAGE_PROPOSAL_PHASE17,ミネルバ,"六つのプリズム、それぞれの土地で。
精霊がまだ私たちを覚えてるなら、別々のまま力を借りられるかもしれない。",,6/8,abyss_spirit_pilgrimage_proposal_phase17,event=abyss_spirit_pilgrimage_proposal_phase17; actions=CONV:ABYSS_SPIRIT_PILGRIMAGE_PROPOSAL_PHASE17 -> IF_ALLY -> IF_ALLY -> CONV:ABYSS_SPIRIT_PILGRIMAGE_CLOSE_PHASE17 -> FLAG(key=abyssSpiritPilgrimageStarted),現行参照,story.js:,,
1431,第10段階以降 深淵,深淵・追加ストーリー,,ABYSS_SPIRIT_PILGRIMAGE_PROPOSAL_PHASE17,ソフィア,なるほど。ひとつにする方法じゃなくて、ひとつにしないまま運ぶ方法を探すのね。,,7/8,abyss_spirit_pilgrimage_proposal_phase17,event=abyss_spirit_pilgrimage_proposal_phase17; actions=CONV:ABYSS_SPIRIT_PILGRIMAGE_PROPOSAL_PHASE17 -> IF_ALLY -> IF_ALLY -> CONV:ABYSS_SPIRIT_PILGRIMAGE_CLOSE_PHASE17 -> FLAG(key=abyssSpiritPilgrimageStarted),現行参照,story.js:,,
1432,第10段階以降 深淵,深淵・追加ストーリー,,ABYSS_SPIRIT_PILGRIMAGE_PROPOSAL_PHASE17,ミネルバ,そう。答えはまだないけど、たぶんそっち。,,8/8,abyss_spirit_pilgrimage_proposal_phase17,event=abyss_spirit_pilgrimage_proposal_phase17; actions=CONV:ABYSS_SPIRIT_PILGRIMAGE_PROPOSAL_PHASE17 -> IF_ALLY -> IF_ALLY -> CONV:ABYSS_SPIRIT_PILGRIMAGE_CLOSE_PHASE17 -> FLAG(key=abyssSpiritPilgrimageStarted),現行参照,story.js:,,
1433,第10段階以降 深淵,深淵・追加ストーリー,,ABYSS_SPIRIT_PILGRIMAGE_LEESCIA_PHASE17,リーシア,"精霊は術式の正しさより、使う者の在り方を見る。
……少なくとも、私が知る頃から変わっていなければ。",,1/3,abyss_spirit_pilgrimage_proposal_phase17,event=abyss_spirit_pilgrimage_proposal_phase17; actions=CONV:ABYSS_SPIRIT_PILGRIMAGE_PROPOSAL_PHASE17 -> IF_ALLY -> IF_ALLY -> CONV:ABYSS_SPIRIT_PILGRIMAGE_CLOSE_PHASE17 -> FLAG(key=abyssSpiritPilgrimageStarted),現行参照,story.js:,,
1434,第10段階以降 深淵,深淵・追加ストーリー,,ABYSS_SPIRIT_PILGRIMAGE_LEESCIA_PHASE17,ソフィア,相変わらず、肝心なところだけ古老みたいに言うのね。,,2/3,abyss_spirit_pilgrimage_proposal_phase17,event=abyss_spirit_pilgrimage_proposal_phase17; actions=CONV:ABYSS_SPIRIT_PILGRIMAGE_PROPOSAL_PHASE17 -> IF_ALLY -> IF_ALLY -> CONV:ABYSS_SPIRIT_PILGRIMAGE_CLOSE_PHASE17 -> FLAG(key=abyssSpiritPilgrimageStarted),現行参照,story.js:,,
1435,第10段階以降 深淵,深淵・追加ストーリー,,ABYSS_SPIRIT_PILGRIMAGE_LEESCIA_PHASE17,リーシア,古いので。,,3/3,abyss_spirit_pilgrimage_proposal_phase17,event=abyss_spirit_pilgrimage_proposal_phase17; actions=CONV:ABYSS_SPIRIT_PILGRIMAGE_PROPOSAL_PHASE17 -> IF_ALLY -> IF_ALLY -> CONV:ABYSS_SPIRIT_PILGRIMAGE_CLOSE_PHASE17 -> FLAG(key=abyssSpiritPilgrimageStarted),現行参照,story.js:,,
1436,第10段階以降 深淵,深淵・追加ストーリー,,ABYSS_SPIRIT_PILGRIMAGE_CLOSE_PHASE17,ミネルバ,"決まり。火、水、風、雷、光、闇。順番は任せる。
地上の六つを、一つずつ確かめよう。",,1/3,abyss_spirit_pilgrimage_proposal_phase17,event=abyss_spirit_pilgrimage_proposal_phase17; actions=CONV:ABYSS_SPIRIT_PILGRIMAGE_PROPOSAL_PHASE17 -> IF_ALLY -> IF_ALLY -> CONV:ABYSS_SPIRIT_PILGRIMAGE_CLOSE_PHASE17 -> FLAG(key=abyssSpiritPilgrimageStarted),現行参照,story.js:,,
1437,第10段階以降 深淵,深淵・追加ストーリー,,ABYSS_SPIRIT_PILGRIMAGE_CLOSE_PHASE17,ソフィア,「決まり」って、まだ仮説でしょう。,,2/3,abyss_spirit_pilgrimage_proposal_phase17,event=abyss_spirit_pilgrimage_proposal_phase17; actions=CONV:ABYSS_SPIRIT_PILGRIMAGE_PROPOSAL_PHASE17 -> IF_ALLY -> IF_ALLY -> CONV:ABYSS_SPIRIT_PILGRIMAGE_CLOSE_PHASE17 -> FLAG(key=abyssSpiritPilgrimageStarted),現行参照,story.js:,,
1438,第10段階以降 深淵,深淵・追加ストーリー,,ABYSS_SPIRIT_PILGRIMAGE_CLOSE_PHASE17,ミネルバ,仮説だから、歩いて確かめるんだよ。,,3/3,abyss_spirit_pilgrimage_proposal_phase17,event=abyss_spirit_pilgrimage_proposal_phase17; actions=CONV:ABYSS_SPIRIT_PILGRIMAGE_PROPOSAL_PHASE17 -> IF_ALLY -> IF_ALLY -> CONV:ABYSS_SPIRIT_PILGRIMAGE_CLOSE_PHASE17 -> FLAG(key=abyssSpiritPilgrimageStarted),現行参照,story.js:,,
1439,第10段階以降 深淵,深淵・追加ストーリー,,ABYSS_SPIRIT_TRIAL_DARK_PARTY_INTRO_PHASE17,シャニー,闇を怖がるな、なんて簡単には言わない。怖いものは怖い。,,1/3,abyss_spirit_trial_dark_intro,event=abyss_spirit_trial_dark_intro; actions=CONV:ABYSS_SPIRIT_TRIAL_DARK_INTRO -> IF_ALLY -> CHOICE,現行参照,story.js:,,
1440,第10段階以降 深淵,深淵・追加ストーリー,,ABYSS_SPIRIT_TRIAL_DARK_PARTY_INTRO_PHASE17,シャニー,でも、闇を理由に誰かを化け物って決めつけるのは、もう嫌。,,2/3,abyss_spirit_trial_dark_intro,event=abyss_spirit_trial_dark_intro; actions=CONV:ABYSS_SPIRIT_TRIAL_DARK_INTRO -> IF_ALLY -> CHOICE,現行参照,story.js:,,
1441,第10段階以降 深淵,深淵・追加ストーリー,,ABYSS_SPIRIT_TRIAL_DARK_PARTY_INTRO_PHASE17,シャニー,私は、私の影を連れていく。,,3/3,abyss_spirit_trial_dark_intro,event=abyss_spirit_trial_dark_intro; actions=CONV:ABYSS_SPIRIT_TRIAL_DARK_INTRO -> IF_ALLY -> CHOICE,現行参照,story.js:,,
1442,第10段階以降 深淵,深淵・追加ストーリー,,ABYSS_SPIRIT_TRIAL_DARK_PARTY_VICTORY_PHASE17,シャニー,暗いままでいい。闇の中じゃないと見えないものも、ちゃんとあるから。,,1/1,abyss_spirit_trial_dark_victory,event=abyss_spirit_trial_dark_victory; actions=CONV:ABYSS_SPIRIT_TRIAL_DARK_VICTORY -> IF_ALLY -> ABYSS_SPIRIT_TRIAL_COMPLETE -> EVENT,現行参照,story.js:,,
1443,第10段階以降 深淵,深淵・追加ストーリー,混沌魔城レガシオン 地下牢 FMAP000058-00,ABYSS_LEGACION_PRISON,システム,"地下牢には壊れた鎖と空の檻だけが残っている。
奥の壁から、地下神殿へ続く重い魔力が伝わってくる。",,1/1,abyss_legacion_prison,event=abyss_legacion_prison; actions=CONV:ABYSS_LEGACION_PRISON; 混沌魔城レガシオン 地下牢 FMAP000058-00 / 囚人と話す; 混沌魔城レガシオン 地下牢 FMAP000058-00 / 牢内の囚人へ声をかける,現行参照,story.js:,,
1444,第10段階以降 深淵,深淵・追加ストーリー,混沌魔城レガシオン 地下牢 FMAP000058-00,ABYSS_LEGACION_PRISON_MOTHER,牢前に座る母,"息子は罪人じゃない。
城壁の外に朝があると言っただけ。",,1/2,abyss_legacion_prison_mother,event=abyss_legacion_prison_mother; actions=CONV:ABYSS_LEGACION_PRISON_MOTHER; 混沌魔城レガシオン 地下牢 FMAP000058-00 / 牢前の母と話す; 混沌魔城レガシオン 地下牢 FMAP000058-00 / 牢越しに母親へ声をかける,現行参照,story.js:,,
1445,第10段階以降 深淵,深淵・追加ストーリー,混沌魔城レガシオン 地下牢 FMAP000058-00,ABYSS_LEGACION_PRISON_MOTHER,牢前に座る母,"檻は空なのに、あの子は帰らない。
だから私だけでも、ここで待つ。",,2/2,abyss_legacion_prison_mother,event=abyss_legacion_prison_mother; actions=CONV:ABYSS_LEGACION_PRISON_MOTHER; 混沌魔城レガシオン 地下牢 FMAP000058-00 / 牢前の母と話す; 混沌魔城レガシオン 地下牢 FMAP000058-00 / 牢越しに母親へ声をかける,現行参照,story.js:,,
1446,第10段階以降 深淵,深淵・追加ストーリー,混沌魔城レガシオン 地下牢 FMAP000058-00,ABYSS_LEGACION_PRISON_GUARD,老いた牢番,"鍵はもう掛けていない。
だが、開いた扉を怖がって出ない者もいた。",,1/2,abyss_legacion_prison_guard,event=abyss_legacion_prison_guard; actions=CONV:ABYSS_LEGACION_PRISON_GUARD; 混沌魔城レガシオン 地下牢 FMAP000058-00 / 牢番と話す,現行参照,story.js:,,
1447,第10段階以降 深淵,深淵・追加ストーリー,混沌魔城レガシオン 地下牢 FMAP000058-00,ABYSS_LEGACION_PRISON_GUARD,老いた牢番,"牢は鉄で作るとは限らん。
長く務めて、ようやく知った。",,2/2,abyss_legacion_prison_guard,event=abyss_legacion_prison_guard; actions=CONV:ABYSS_LEGACION_PRISON_GUARD; 混沌魔城レガシオン 地下牢 FMAP000058-00 / 牢番と話す,現行参照,story.js:,,
1448,第10段階以降 深淵,深淵・追加ストーリー,混沌魔城レガシオン 地下神殿 FMAP000059-00,ABYSS_LEGACION_TEMPLE_ACOLYTE,地下神殿の侍祭,"祈りは上へ届くものだと思っていました。
ここでは、唱えるほど下から返事が来る。",,1/2,abyss_legacion_temple_acolyte,event=abyss_legacion_temple_acolyte; actions=CONV:ABYSS_LEGACION_TEMPLE_ACOLYTE; 混沌魔城レガシオン 地下神殿 FMAP000059-00 / 侍祭と話す,現行参照,story.js:,,
1449,第10段階以降 深淵,深淵・追加ストーリー,混沌魔城レガシオン 地下神殿 FMAP000059-00,ABYSS_LEGACION_TEMPLE_ACOLYTE,地下神殿の侍祭,だから声にせず、灯だけを供えています。,,2/2,abyss_legacion_temple_acolyte,event=abyss_legacion_temple_acolyte; actions=CONV:ABYSS_LEGACION_TEMPLE_ACOLYTE; 混沌魔城レガシオン 地下神殿 FMAP000059-00 / 侍祭と話す,現行参照,story.js:,,
1450,第10段階以降 深淵,深淵・追加ストーリー,混沌魔城レガシオン 上層回廊 FMAP000062-00,ABYSS_LEGACION_GALLERY_PAGE,上層回廊の小姓,西塔の鐘は過去を、東塔の鏡は未来を見るそうです。,,1/2,abyss_legacion_gallery_page,event=abyss_legacion_gallery_page; actions=CONV:ABYSS_LEGACION_GALLERY_PAGE; 混沌魔城レガシオン 上層回廊 FMAP000062-00 / 小姓と話す,現行参照,story.js:,,
1451,第10段階以降 深淵,深淵・追加ストーリー,混沌魔城レガシオン 上層回廊 FMAP000062-00,ABYSS_LEGACION_GALLERY_PAGE,上層回廊の小姓,今を見張る者がいないので、僕がここに立っています。,,2/2,abyss_legacion_gallery_page,event=abyss_legacion_gallery_page; actions=CONV:ABYSS_LEGACION_GALLERY_PAGE; 混沌魔城レガシオン 上層回廊 FMAP000062-00 / 小姓と話す,現行参照,story.js:,,
1452,第10段階以降 深淵,深淵・追加ストーリー,混沌魔城レガシオン 上層回廊 FMAP000062-00,ABYSS_LEGACION_ARCHIVIST,城の記録官,"プリズム崩壊の夜、王国は消えたのではない。
土地も人も、儀式の影へ落ちた。",,1/2,abyss_legacion_archivist,event=abyss_legacion_archivist; actions=CONV:ABYSS_LEGACION_ARCHIVIST; 混沌魔城レガシオン 上層回廊 FMAP000062-00 / 記録官と話す,現行参照,story.js:,,
1453,第10段階以降 深淵,深淵・追加ストーリー,混沌魔城レガシオン 上層回廊 FMAP000062-00,ABYSS_LEGACION_ARCHIVIST,城の記録官,その記録を禁書にした者たちも、いまは同じ影の中だ。,,2/2,abyss_legacion_archivist,event=abyss_legacion_archivist; actions=CONV:ABYSS_LEGACION_ARCHIVIST; 混沌魔城レガシオン 上層回廊 FMAP000062-00 / 記録官と話す,現行参照,story.js:,,
1454,第10段階以降 深淵,深淵・追加ストーリー,混沌魔城レガシオン 西塔 FMAP000063-00,ABYSS_LEGACION_WEST_SENTRY,西塔の衛兵,"氷の森が青く光る夜は、城壁まで冷える。
毛布を二枚、見張り台へ持ち込むんだ。",,1/2,abyss_legacion_west_sentry,event=abyss_legacion_west_sentry; actions=CONV:ABYSS_LEGACION_WEST_SENTRY; 混沌魔城レガシオン 西塔 FMAP000063-00 / 衛兵と話す,現行参照,story.js:,,
1455,第10段階以降 深淵,深淵・追加ストーリー,混沌魔城レガシオン 西塔 FMAP000063-00,ABYSS_LEGACION_WEST_SENTRY,西塔の衛兵,"規則では一枚だ。
二枚目は、帰らない相棒の分ということにしている。",,2/2,abyss_legacion_west_sentry,event=abyss_legacion_west_sentry; actions=CONV:ABYSS_LEGACION_WEST_SENTRY; 混沌魔城レガシオン 西塔 FMAP000063-00 / 衛兵と話す,現行参照,story.js:,,
1456,第10段階以降 深淵,深淵・追加ストーリー,混沌魔城レガシオン 東塔 FMAP000064-00,ABYSS_LEGACION_EAST_OBSERVER,東塔の観測士,"煉獄山脈の火は、星の代わりになる。
揺れ方で、明日の風向きも分かる。",,1/2,abyss_legacion_east_observer,event=abyss_legacion_east_observer; actions=CONV:ABYSS_LEGACION_EAST_OBSERVER; 混沌魔城レガシオン 東塔 FMAP000064-00 / 観測士と話す,現行参照,story.js:,,
1457,第10段階以降 深淵,深淵・追加ストーリー,混沌魔城レガシオン 東塔 FMAP000064-00,ABYSS_LEGACION_EAST_OBSERVER,東塔の観測士,"本物の星か。
一度でいいから、動かない光を見てみたい。",,2/2,abyss_legacion_east_observer,event=abyss_legacion_east_observer; actions=CONV:ABYSS_LEGACION_EAST_OBSERVER; 混沌魔城レガシオン 東塔 FMAP000064-00 / 観測士と話す,現行参照,story.js:,,
1458,第10段階以降 深淵,深淵・追加ストーリー,,ABYSS_SPIRIT_TRIAL_DARK_INTRO,闇の大精霊,"闇を恐れる者ほど、都合の悪い心を底へ捨てる。
自分の影を連れたまま戦えるか、確かめよう。",,1/2,abyss_spirit_trial_dark_intro,event=abyss_spirit_trial_dark_intro; actions=CONV:ABYSS_SPIRIT_TRIAL_DARK_INTRO -> IF_ALLY -> CHOICE,現行参照,story.js:,,
1459,第10段階以降 深淵,深淵・追加ストーリー,,ABYSS_SPIRIT_TRIAL_DARK_INTRO,システム,闇のプリズムの奥で、六つの影が揺らめいた。,,2/2,abyss_spirit_trial_dark_intro,event=abyss_spirit_trial_dark_intro; actions=CONV:ABYSS_SPIRIT_TRIAL_DARK_INTRO -> IF_ALLY -> CHOICE,現行参照,story.js:,,
1460,第10段階以降 深淵,深淵・追加ストーリー,,ABYSS_SPIRIT_TRIAL_DARK_RETRY,闇の大精霊,"負けた記憶まで捨てて戻ったのではあるまいな。
その傷ごと抱えて来たなら、また相手をしよう。",,1/1,abyss_spirit_trial_dark_retry,event=abyss_spirit_trial_dark_retry; actions=CONV:ABYSS_SPIRIT_TRIAL_DARK_RETRY -> CHOICE,現行参照,story.js:,,
1461,第10段階以降 深淵,深淵・追加ストーリー,,ABYSS_SPIRIT_TRIAL_DARK_VICTORY,闇の大精霊,"弱さを否定せず、それに支配もされなかった。
ならば闇もまた、お前たちの歩みを支えよう。",,1/1,abyss_spirit_trial_dark_victory,event=abyss_spirit_trial_dark_victory; actions=CONV:ABYSS_SPIRIT_TRIAL_DARK_VICTORY -> IF_ALLY -> ABYSS_SPIRIT_TRIAL_COMPLETE -> EVENT,現行参照,story.js:,,
1462,第10段階以降 深淵,深淵・追加ストーリー,,ABYSS_SPIRIT_TRIAL_ALL_COMPLETE,システム,"六つ目の結晶片が、小さく澄んだ音を立てた。
荷の中で、離れているはずの五つも順番に応える。",,1/3,abyss_spirit_trials_octaprism_grant,event=abyss_spirit_trials_octaprism_grant; actions=IF_FLAG,現行参照,story.js:,,
1463,第10段階以降 深淵,深淵・追加ストーリー,,ABYSS_SPIRIT_TRIAL_ALL_COMPLETE,ルーナ,"……重なろうとしてるんじゃない。
ひとつが鳴ると、次が返してる。呼び合ってるみたい。",401,2/3,abyss_spirit_trials_octaprism_grant,event=abyss_spirit_trials_octaprism_grant; actions=IF_FLAG,現行参照,story.js:,,
1464,第10段階以降 深淵,深淵・追加ストーリー,,ABYSS_SPIRIT_TRIAL_ALL_COMPLETE,システム,六つの結晶片を持ち、結晶樹の秘跡へ戻ることにした。,,3/3,abyss_spirit_trials_octaprism_grant,event=abyss_spirit_trials_octaprism_grant; actions=IF_FLAG,現行参照,story.js:,,
1465,第10段階以降 深淵,深淵・追加ストーリー,最果ての地カルメナ FMAP000054-00,ABYSS_CARMENA_RESIDENT_LIGHTHOUSE,地上から落ちた男,……地上にいた頃、大灯台の北に流れ着いたことがあったんだ。,,1/3,abyss_carmena_resident_lighthouse,event=abyss_carmena_resident_lighthouse; actions=CONV:ABYSS_CARMENA_RESIDENT_LIGHTHOUSE; 最果ての地カルメナ FMAP000054-00 / 地上から落ちた男と話す,現行参照,story.js:,,
1466,第10段階以降 深淵,深淵・追加ストーリー,最果ての地カルメナ FMAP000054-00,ABYSS_CARMENA_RESIDENT_LIGHTHOUSE,地上から落ちた男,"あそこには、人が入るべきじゃねえ魔境があった。
今思えば、ここと似た雰囲気だったな。",,2/3,abyss_carmena_resident_lighthouse,event=abyss_carmena_resident_lighthouse; actions=CONV:ABYSS_CARMENA_RESIDENT_LIGHTHOUSE; 最果ての地カルメナ FMAP000054-00 / 地上から落ちた男と話す,現行参照,story.js:,,
1467,第10段階以降 深淵,深淵・追加ストーリー,最果ての地カルメナ FMAP000054-00,ABYSS_CARMENA_RESIDENT_LIGHTHOUSE,地上から落ちた男,"あんたらくらい強ければ、良い訓練になるのかね。
俺は無理だ、怖くてもうどこにもいけねえよ。",,3/3,abyss_carmena_resident_lighthouse,event=abyss_carmena_resident_lighthouse; actions=CONV:ABYSS_CARMENA_RESIDENT_LIGHTHOUSE; 最果ての地カルメナ FMAP000054-00 / 地上から落ちた男と話す,現行参照,story.js:,,
1468,第10段階以降 深淵,深淵・追加ストーリー,最果ての地カルメナ FMAP000054-00,ABYSS_CARMENA_RESIDENT_SPRING,泉辺の男,"その水面を、あまり長く見るな。
帰りたい場所の匂いがする。",,1/3,abyss_carmena_resident_spring,event=abyss_carmena_resident_spring; actions=CONV:ABYSS_CARMENA_RESIDENT_SPRING; 最果ての地カルメナ FMAP000054-00 / 泉辺の男と話す,現行参照,story.js:,,
1469,第10段階以降 深淵,深淵・追加ストーリー,最果ての地カルメナ FMAP000054-00,ABYSS_CARMENA_RESIDENT_SPRING,泉辺の男,"俺には麦を焼く匂いだった。
飛び込んだよ。三度もな。",,2/3,abyss_carmena_resident_spring,event=abyss_carmena_resident_spring; actions=CONV:ABYSS_CARMENA_RESIDENT_SPRING; 最果ての地カルメナ FMAP000054-00 / 泉辺の男と話す,現行参照,story.js:,,
1470,第10段階以降 深淵,深淵・追加ストーリー,最果ての地カルメナ FMAP000054-00,ABYSS_CARMENA_RESIDENT_SPRING,泉辺の男,戻ってきた時には、靴の泥だけ増えていた。,,3/3,abyss_carmena_resident_spring,event=abyss_carmena_resident_spring; actions=CONV:ABYSS_CARMENA_RESIDENT_SPRING; 最果ての地カルメナ FMAP000054-00 / 泉辺の男と話す,現行参照,story.js:,,
1471,第10段階以降 深淵,深淵・追加ストーリー,最果ての地カルメナ FMAP000054-00,ABYSS_CARMENA_RESIDENT_RATIONS,宿の手伝い,四人分。……違う、三人分でいい。,,1/3,abyss_carmena_resident_rations,event=abyss_carmena_resident_rations; actions=CONV:ABYSS_CARMENA_RESIDENT_RATIONS; 最果ての地カルメナ FMAP000054-00 / 宿の手伝いと話す,現行参照,story.js:,,
1472,第10段階以降 深淵,深淵・追加ストーリー,最果ての地カルメナ FMAP000054-00,ABYSS_CARMENA_RESIDENT_RATIONS,宿の手伝い,"北門へ連れていかれた人の皿まで並べると、
宿の主人が怒るんだ。",,2/3,abyss_carmena_resident_rations,event=abyss_carmena_resident_rations; actions=CONV:ABYSS_CARMENA_RESIDENT_RATIONS; 最果ての地カルメナ FMAP000054-00 / 宿の手伝いと話す,現行参照,story.js:,,
1473,第10段階以降 深淵,深淵・追加ストーリー,最果ての地カルメナ FMAP000054-00,ABYSS_CARMENA_RESIDENT_RATIONS,宿の手伝い,片づけるのは、もう少し後にする。,,3/3,abyss_carmena_resident_rations,event=abyss_carmena_resident_rations; actions=CONV:ABYSS_CARMENA_RESIDENT_RATIONS; 最果ての地カルメナ FMAP000054-00 / 宿の手伝いと話す,現行参照,story.js:,,
1474,第10段階以降 深淵,深淵・追加ストーリー,最果ての地カルメナ FMAP000054-00,ABYSS_CARMENA_RESIDENT_OLD_KINGDOM,古い外套の老人,"王都の鐘が、昼なのに七つ鳴った。
そこから先は、ここだ。",,1/3,abyss_carmena_resident_old_kingdom,event=abyss_carmena_resident_old_kingdom; actions=CONV:ABYSS_CARMENA_RESIDENT_OLD_KINGDOM; 最果ての地カルメナ FMAP000054-00 / 老人と話す,現行参照,story.js:,,
1475,第10段階以降 深淵,深淵・追加ストーリー,最果ての地カルメナ FMAP000054-00,ABYSS_CARMENA_RESIDENT_OLD_KINGDOM,古い外套の老人,国の名か。……お前さんの地図には無いだろうよ。,,2/3,abyss_carmena_resident_old_kingdom,event=abyss_carmena_resident_old_kingdom; actions=CONV:ABYSS_CARMENA_RESIDENT_OLD_KINGDOM; 最果ての地カルメナ FMAP000054-00 / 老人と話す,現行参照,story.js:,,
1476,第10段階以降 深淵,深淵・追加ストーリー,最果ての地カルメナ FMAP000054-00,ABYSS_CARMENA_RESIDENT_OLD_KINGDOM,古い外套の老人,"若い連中は、わしが作った昔話だと言う。
あいつらの祖父より、わしのほうが後から来たのにな。",,3/3,abyss_carmena_resident_old_kingdom,event=abyss_carmena_resident_old_kingdom; actions=CONV:ABYSS_CARMENA_RESIDENT_OLD_KINGDOM; 最果ての地カルメナ FMAP000054-00 / 老人と話す,現行参照,story.js:,,
1477,第10段階以降 深淵,深淵・追加ストーリー,最果ての地カルメナ FMAP000054-00,ABYSS_CARMENA_RESIDENT_GATE_CHILD,門を見張る子,鎧の人が、今日は二回こっちを見た。,,1/3,abyss_carmena_resident_gate_child,event=abyss_carmena_resident_gate_child; actions=CONV:ABYSS_CARMENA_RESIDENT_GATE_CHILD; 最果ての地カルメナ FMAP000054-00 / 子どもと話す,現行参照,story.js:,,
1478,第10段階以降 深淵,深淵・追加ストーリー,最果ての地カルメナ FMAP000054-00,ABYSS_CARMENA_RESIDENT_GATE_CHILD,門を見張る子,"三回見た日は、誰かいなくなる。
だから、数えてる。",,2/3,abyss_carmena_resident_gate_child,event=abyss_carmena_resident_gate_child; actions=CONV:ABYSS_CARMENA_RESIDENT_GATE_CHILD; 最果ての地カルメナ FMAP000054-00 / 子どもと話す,現行参照,story.js:,,
1479,第10段階以降 深淵,深淵・追加ストーリー,最果ての地カルメナ FMAP000054-00,ABYSS_CARMENA_RESIDENT_GATE_CHILD,門を見張る子,……いま、二回だよ。,,3/3,abyss_carmena_resident_gate_child,event=abyss_carmena_resident_gate_child; actions=CONV:ABYSS_CARMENA_RESIDENT_GATE_CHILD; 最果ての地カルメナ FMAP000054-00 / 子どもと話す,現行参照,story.js:,,
1480,第10段階以降 深淵,深淵・追加ストーリー,深淵都市ビスタ FMAP000055-00,ABYSS_VISTA_RECRUITMENT,ビスタの魔物使い,深淵の魔物でも、まれに地上から差す光へ触れて、憎しみを手放すことがある。,,1/2,abyss_vista_recruitment_guide,event=abyss_vista_recruitment_guide; actions=CONV:ABYSS_VISTA_RECRUITMENT; 深淵都市ビスタ FMAP000055-00 / 魔物使いと話す,現行参照,story.js:,,
1481,第10段階以降 深淵,深淵・追加ストーリー,深淵都市ビスタ FMAP000055-00,ABYSS_VISTA_RECRUITMENT,ビスタの魔物使い,"そうなった魔物は、倒した者の強さではなく心を見て、旅へ加わることがある。
期待しすぎるほど多くはないが、決して零ではない。",,2/2,abyss_vista_recruitment_guide,event=abyss_vista_recruitment_guide; actions=CONV:ABYSS_VISTA_RECRUITMENT; 深淵都市ビスタ FMAP000055-00 / 魔物使いと話す,現行参照,story.js:,,
1482,第10段階以降 深淵,深淵・追加ストーリー,深淵都市ビスタ FMAP000055-00,ABYSS_VISTA_SCAVENGER,南区の拾い屋,"墓地の風が止んだ朝は、鉄くずを拾いに行く。
止まらない朝は、戸を板で塞ぐ。",,1/2,abyss_vista_scavenger,event=abyss_vista_scavenger; actions=CONV:ABYSS_VISTA_SCAVENGER; 深淵都市ビスタ FMAP000055-00 / 拾い屋と話す,現行参照,story.js:,,
1483,第10段階以降 深淵,深淵・追加ストーリー,深淵都市ビスタ FMAP000055-00,ABYSS_VISTA_SCAVENGER,南区の拾い屋,"暦なんて要らない。
生き残るには、それで十分だった。",,2/2,abyss_vista_scavenger,event=abyss_vista_scavenger; actions=CONV:ABYSS_VISTA_SCAVENGER; 深淵都市ビスタ FMAP000055-00 / 拾い屋と話す,現行参照,story.js:,,
1484,第10段階以降 深淵,深淵・追加ストーリー,深淵都市ビスタ FMAP000055-00,ABYSS_VISTA_WIDOW,石段の女,"地下道の壁に、夫の名を刻んである。
北へ働きに出たきり、戻らなかったから。",,1/2,abyss_vista_widow,event=abyss_vista_widow; actions=CONV:ABYSS_VISTA_WIDOW; 深淵都市ビスタ FMAP000055-00 / 石段の女と話す,現行参照,story.js:,,
1485,第10段階以降 深淵,深淵・追加ストーリー,深淵都市ビスタ FMAP000055-00,ABYSS_VISTA_WIDOW,石段の女,"道が繋がれば帰ってくるなんて、もう思ってない。
でも、名前まで塞がれるのは嫌なの。",,2/2,abyss_vista_widow,event=abyss_vista_widow; actions=CONV:ABYSS_VISTA_WIDOW; 深淵都市ビスタ FMAP000055-00 / 石段の女と話す,現行参照,story.js:,,
1486,第10段階以降 深淵,深淵・追加ストーリー,深淵都市ビスタ FMAP000055-00,ABYSS_VISTA_TOLL_KEEPER,北区の門番,"昔は地下道を通るたび、パンを一切れ納めた。
町を割った連中への通行税さ。",,1/2,abyss_vista_toll_keeper,event=abyss_vista_toll_keeper; actions=CONV:ABYSS_VISTA_TOLL_KEEPER; 深淵都市ビスタ FMAP000055-00 / 北区の門番と話す,現行参照,story.js:,,
1487,第10段階以降 深淵,深淵・追加ストーリー,深淵都市ビスタ FMAP000055-00,ABYSS_VISTA_TOLL_KEEPER,北区の門番,"今は取らん。
南の子どもが、痩せすぎた。",,2/2,abyss_vista_toll_keeper,event=abyss_vista_toll_keeper; actions=CONV:ABYSS_VISTA_TOLL_KEEPER; 深淵都市ビスタ FMAP000055-00 / 北区の門番と話す,現行参照,story.js:,,
1488,第10段階以降 深淵,深淵・追加ストーリー,深淵都市ビスタ FMAP000055-00,ABYSS_VISTA_LAMPLIGHTER,灯守,"この灯は消すなと言われて、親父から継いだ。
誰が帰るための灯かは、親父も知らなかった。",,1/2,abyss_vista_lamplighter,event=abyss_vista_lamplighter; actions=CONV:ABYSS_VISTA_LAMPLIGHTER; 深淵都市ビスタ FMAP000055-00 / 灯守と話す,現行参照,story.js:,,
1489,第10段階以降 深淵,深淵・追加ストーリー,深淵都市ビスタ FMAP000055-00,ABYSS_VISTA_LAMPLIGHTER,灯守,"最近、炎が北へ傾く。
レガシオンの結界が弱っているのかもしれん。",,2/2,abyss_vista_lamplighter,event=abyss_vista_lamplighter; actions=CONV:ABYSS_VISTA_LAMPLIGHTER; 深淵都市ビスタ FMAP000055-00 / 灯守と話す,現行参照,story.js:,,
1490,第10段階以降 深淵,深淵・追加ストーリー,混沌魔城レガシオン FMAP000056-00,ABYSS_JASPER_ALAN_AWAKENING_PHASE8F,システム,光の加護が真にアランの心身と重なり合い、アランは光魔剣士として覚醒した！,,1/1,abyss_jasper_clear / abyss_legacion_alan_rejoin_phase8f,"event=abyss_jasper_clear; actions=CONV:ABYSS_JASPER_CLEAR -> FLAG(key=abyssJasperDefeated) -> ITEM(id=701007,count=1) -> IF_FLAG || event=abyss_legacion_alan_rejoin_phase8f; actions=CONV:ABYSS_LEGACION_ALAN_WAITING_PHASE8F -> CHOICE; 混沌魔城レガシオン FMAP000056-00 / アランと話す",現行参照,story.js:,,
1491,第10段階以降 深淵,深淵・追加ストーリー,混沌魔城レガシオン FMAP000056-00,ABYSS_LEGACION_ALAN_WAITING_PHASE8F,アラン,……来たか。,201,1/2,abyss_legacion_alan_rejoin_phase8f,event=abyss_legacion_alan_rejoin_phase8f; actions=CONV:ABYSS_LEGACION_ALAN_WAITING_PHASE8F -> CHOICE; 混沌魔城レガシオン FMAP000056-00 / アランと話す,現行参照,story.js:,,
1492,第10段階以降 深淵,深淵・追加ストーリー,混沌魔城レガシオン FMAP000056-00,ABYSS_LEGACION_ALAN_WAITING_PHASE8F,アラン,答えを急かすつもりはない。ただ、まだ俺に戦う場所があるなら――今度こそ、最後まで付き合いたい。,201,2/2,abyss_legacion_alan_rejoin_phase8f,event=abyss_legacion_alan_rejoin_phase8f; actions=CONV:ABYSS_LEGACION_ALAN_WAITING_PHASE8F -> CHOICE; 混沌魔城レガシオン FMAP000056-00 / アランと話す,現行参照,story.js:,,
1493,第10段階以降 深淵,深淵・追加ストーリー,混沌魔城レガシオン FMAP000056-00,ABYSS_LEGACION_ALAN_REJOIN_PHASE8F,アラン,分かった。……ありがとう。,201,1/2,abyss_legacion_alan_rejoin_phase8f,event=abyss_legacion_alan_rejoin_phase8f; actions=CONV:ABYSS_LEGACION_ALAN_WAITING_PHASE8F -> CHOICE; 混沌魔城レガシオン FMAP000056-00 / アランと話す,現行参照,story.js:,,
1494,第10段階以降 深淵,深淵・追加ストーリー,混沌魔城レガシオン FMAP000056-00,ABYSS_LEGACION_ALAN_REJOIN_PHASE8F,アラン,行こう、アルス。今度は同じ側で、最後まで。,201,2/2,abyss_legacion_alan_rejoin_phase8f,event=abyss_legacion_alan_rejoin_phase8f; actions=CONV:ABYSS_LEGACION_ALAN_WAITING_PHASE8F -> CHOICE; 混沌魔城レガシオン FMAP000056-00 / アランと話す,現行参照,story.js:,,
1495,第10段階以降 深淵,深淵・追加ストーリー,混沌魔城レガシオン FMAP000056-00,ABYSS_LEGACION_ARENA,格闘場の係員,"ここはモンスター格闘場だ。
いまは闘技場の整備中だが、門と観客席はいつでも使えるよう保っている。",,1/1,abyss_legacion_arena_notice,event=abyss_legacion_arena_notice; actions=CONV:ABYSS_LEGACION_ARENA; 混沌魔城レガシオン FMAP000056-00 / 格闘場を見る,現行参照,story.js:,,
1496,第10段階以降 深淵,深淵・追加ストーリー,混沌魔城レガシオン FMAP000056-00,ABYSS_LEGACION_SMITH_APPRENTICE,鍛冶場の徒弟,"親方は、深淵の鉄は泣き声で硬さが分かると言う。
俺には全部、同じ悲鳴に聞こえる。",,1/2,abyss_legacion_smith_apprentice,event=abyss_legacion_smith_apprentice; actions=CONV:ABYSS_LEGACION_SMITH_APPRENTICE; 混沌魔城レガシオン FMAP000056-00 / 鍛冶場の徒弟と話す,現行参照,story.js:,,
1497,第10段階以降 深淵,深淵・追加ストーリー,混沌魔城レガシオン FMAP000056-00,ABYSS_LEGACION_SMITH_APPRENTICE,鍛冶場の徒弟,"だから毎朝、一本ずつ打つ。
いつか違いが分かるまで。",,2/2,abyss_legacion_smith_apprentice,event=abyss_legacion_smith_apprentice; actions=CONV:ABYSS_LEGACION_SMITH_APPRENTICE; 混沌魔城レガシオン FMAP000056-00 / 鍛冶場の徒弟と話す,現行参照,story.js:,,
1498,第10段階以降 深淵,深淵・追加ストーリー,混沌魔城レガシオン FMAP000056-00,ABYSS_LEGACION_GUILD_CLERK,ギルドの記録係,"依頼書は三冊ある。
未帰還、捜索打切り、名前不明。",,1/2,abyss_legacion_guild_clerk,event=abyss_legacion_guild_clerk; actions=CONV:ABYSS_LEGACION_GUILD_CLERK; 混沌魔城レガシオン FMAP000056-00 / 記録係と話す,現行参照,story.js:,,
1499,第10段階以降 深淵,深淵・追加ストーリー,混沌魔城レガシオン FMAP000056-00,ABYSS_LEGACION_GUILD_CLERK,ギルドの記録係,"達成済みの帳面は薄い。
それでも捨てない。戻った者が、自分の名を探すから。",,2/2,abyss_legacion_guild_clerk,event=abyss_legacion_guild_clerk; actions=CONV:ABYSS_LEGACION_GUILD_CLERK; 混沌魔城レガシオン FMAP000056-00 / 記録係と話す,現行参照,story.js:,,
1500,第10段階以降 深淵,深淵・追加ストーリー,混沌魔城レガシオン FMAP000056-00,ABYSS_LEGACION_CASTLE_SERVANT,城勤めの女,"皇帝家が滅びたあとも、食卓には八枚の皿を置く。
城の決まりは、主より長生きするものよ。",,1/2,abyss_legacion_castle_servant,event=abyss_legacion_castle_servant; actions=CONV:ABYSS_LEGACION_CASTLE_SERVANT; 混沌魔城レガシオン FMAP000056-00 / 城勤めの女と話す,現行参照,story.js:,,
1501,第10段階以降 深淵,深淵・追加ストーリー,混沌魔城レガシオン FMAP000056-00,ABYSS_LEGACION_CASTLE_SERVANT,城勤めの女,"末裔様は一枚でよいと仰る。
だから七枚は、空のまま磨いている。",,2/2,abyss_legacion_castle_servant,event=abyss_legacion_castle_servant; actions=CONV:ABYSS_LEGACION_CASTLE_SERVANT; 混沌魔城レガシオン FMAP000056-00 / 城勤めの女と話す,現行参照,story.js:,,
1502,第10段階以降 深淵,深淵・追加ストーリー,混沌魔城レガシオン FMAP000056-00,ABYSS_LEGACION_WALL_VENDOR,城壁下の商人,"北門が開けば客が増える。
増えるのが客だけなら、ありがたいんだがね。",,1/2,abyss_legacion_wall_vendor,event=abyss_legacion_wall_vendor; actions=CONV:ABYSS_LEGACION_WALL_VENDOR; 混沌魔城レガシオン FMAP000056-00 / 商人と話す,現行参照,story.js:,,
1503,第10段階以降 深淵,深淵・追加ストーリー,混沌魔城レガシオン FMAP000056-00,ABYSS_LEGACION_WALL_VENDOR,城壁下の商人,"夢幻回廊から戻る連中は、影の数が合わない。
勘定は日が差す場所でやることにしてる。",,2/2,abyss_legacion_wall_vendor,event=abyss_legacion_wall_vendor; actions=CONV:ABYSS_LEGACION_WALL_VENDOR; 混沌魔城レガシオン FMAP000056-00 / 商人と話す,現行参照,story.js:,,
1504,時期未確定・休眠/補助,メイン・イベント,,LOCKED_BIG_TOWER,ジョセフ,"灯台の上から嫌な匂いがする。
ただ、今はまだ何を壊せばいいか分からねえ。",101,1/2,locked_big_tower,event=locked_big_tower; actions=CONV:LOCKED_BIG_TOWER,現行参照,story.js:2794,,
1505,時期未確定・休眠/補助,メイン・イベント,,LOCKED_BIG_TOWER,ジョセフ,先に雷の要塞だ。あそこで何が起きているか掴めば、大灯台の意味も見えてくるはずだ。,101,2/2,locked_big_tower,event=locked_big_tower; actions=CONV:LOCKED_BIG_TOWER,現行参照,story.js:2794,,
1506,時期未確定・休眠/補助,クエスト,結界の奥のリーシア [licia_crena_depths],QUEST_LICIA_START,リーシア,この先の小部屋は、結界で閉ざされているわ。,,1/2,quest_licia_start,event=quest_licia_start; actions=CONV:QUEST_LICIA_START,現行参照,story.js:4579,,
1507,時期未確定・休眠/補助,クエスト,結界の奥のリーシア [licia_crena_depths],QUEST_LICIA_START,リーシア,"私が結界を解く。
離れずについてきて。",,2/2,quest_licia_start,event=quest_licia_start; actions=CONV:QUEST_LICIA_START,現行参照,story.js:4579,,
1508,時期未確定・休眠/補助,クエスト,,QUEST_LICIA_ENCOUNTER,リーシア,"待って。あの結界、壁じゃない。
中で何かを飼ってる。",,1/2,quest_licia_encounter,"event=quest_licia_encounter; actions=CONV:QUEST_LICIA_ENCOUNTER -> BOSS(value=[851, 902, 851])",現行参照,story.js:4589,,
1509,時期未確定・休眠/補助,クエスト,,QUEST_LICIA_ENCOUNTER,リーシア,"核を壊せば解ける。
来るわ。",,2/2,quest_licia_encounter,"event=quest_licia_encounter; actions=CONV:QUEST_LICIA_ENCOUNTER -> BOSS(value=[851, 902, 851])",現行参照,story.js:4589,,
1510,時期未確定・休眠/補助,クエスト,,QUEST_LICIA_CLEAR,リーシア,"結界は解けた。
けれど、壁の裏にまだ誰かの指跡が残っている。",,1/3,quest_licia_clear,event=quest_licia_clear; actions=CONV:QUEST_LICIA_CLEAR -> QUEST_COMPLETE,現行参照,story.js:4599,,
1511,時期未確定・休眠/補助,クエスト,,QUEST_LICIA_CLEAR,リーシア,"気になるのよ。
鍵穴を覗いたまま、扉を閉めるなんてできない性分でね。",,2/3,quest_licia_clear,event=quest_licia_clear; actions=CONV:QUEST_LICIA_CLEAR -> QUEST_COMPLETE,現行参照,story.js:4599,,
1512,時期未確定・休眠/補助,クエスト,,QUEST_LICIA_CLEAR,リーシア,"同行するわ。
見逃したものを、あとで悔やむ方がずっと面倒だもの。",,3/3,quest_licia_clear,event=quest_licia_clear; actions=CONV:QUEST_LICIA_CLEAR -> QUEST_COMPLETE,現行参照,story.js:4599,,
1513,時期未確定・休眠/補助,メイン・イベント,,LOCKED_ABYSS_FIELD,ケイト,魔力汚染がひどすぎます…入ったら、正気ではいられない。,104,1/2,locked_abyss_field,event=locked_abyss_field; actions=CONV:LOCKED_ABYSS_FIELD,現行参照,story.js:4666,,
1514,時期未確定・休眠/補助,メイン・イベント,,LOCKED_ABYSS_FIELD,ケイト,入る方法を探すしかなさそうです,104,2/2,locked_abyss_field,event=locked_abyss_field; actions=CONV:LOCKED_ABYSS_FIELD,現行参照,story.js:4666,,
1515,時期未確定・休眠/補助,クエスト,残された名 [arel_kagetora_appeal],AREL_QUEST_START_PHASE8E,ゼリード,……なあ、アルス。アランの親父が処刑されたのが十年前って話は、知ってるよな。,103,1/9,arel_kagetora_quest_start_phase8e,event=arel_kagetora_quest_start_phase8e; actions=CONV:AREL_QUEST_START_PHASE8E,現行参照,story.js:4914,,
1516,時期未確定・休眠/補助,クエスト,残された名 [arel_kagetora_appeal],AREL_QUEST_START_PHASE8E,アルス,ああ。アレル＝レクスノート侯爵。,301,2/9,arel_kagetora_quest_start_phase8e,event=arel_kagetora_quest_start_phase8e; actions=CONV:AREL_QUEST_START_PHASE8E,現行参照,story.js:4914,,
1517,時期未確定・休眠/補助,クエスト,残された名 [arel_kagetora_appeal],AREL_QUEST_START_PHASE8E,ゼリード,汚職、反逆、魔道研究の私物化。当時は、そういうことになった。,103,3/9,arel_kagetora_quest_start_phase8e,event=arel_kagetora_quest_start_phase8e; actions=CONV:AREL_QUEST_START_PHASE8E,現行参照,story.js:4914,,
1518,時期未確定・休眠/補助,クエスト,残された名 [arel_kagetora_appeal],AREL_QUEST_START_PHASE8E,シャオ,……『なった』？,105,4/9,arel_kagetora_quest_start_phase8e,event=arel_kagetora_quest_start_phase8e; actions=CONV:AREL_QUEST_START_PHASE8E,現行参照,story.js:4914,,
1519,時期未確定・休眠/補助,クエスト,残された名 [arel_kagetora_appeal],AREL_QUEST_START_PHASE8E,ゼリード,嫌なところ拾うな、お前。,103,5/9,arel_kagetora_quest_start_phase8e,event=arel_kagetora_quest_start_phase8e; actions=CONV:AREL_QUEST_START_PHASE8E,現行参照,story.js:4914,,
1520,時期未確定・休眠/補助,クエスト,残された名 [arel_kagetora_appeal],AREL_QUEST_START_PHASE8E,ゼリード,王国暗部は、侯爵が残した紙を片っ端から消した。俺も、その仕事にいた。,103,6/9,arel_kagetora_quest_start_phase8e,event=arel_kagetora_quest_start_phase8e; actions=CONV:AREL_QUEST_START_PHASE8E,現行参照,story.js:4914,,
1521,時期未確定・休眠/補助,クエスト,残された名 [arel_kagetora_appeal],AREL_QUEST_START_PHASE8E,ゼリード,だが一枚だけ……処分記録の端切れを、どうしても捨てられなかった。宛先は王。差出人はアレル。本文はもうない。,103,7/9,arel_kagetora_quest_start_phase8e,event=arel_kagetora_quest_start_phase8e; actions=CONV:AREL_QUEST_START_PHASE8E,現行参照,story.js:4914,,
1522,時期未確定・休眠/補助,クエスト,残された名 [arel_kagetora_appeal],AREL_QUEST_START_PHASE8E,ルーナ,それを、調べたいんですね。,401,8/9,arel_kagetora_quest_start_phase8e,event=arel_kagetora_quest_start_phase8e; actions=CONV:AREL_QUEST_START_PHASE8E,現行参照,story.js:4914,,
1523,時期未確定・休眠/補助,クエスト,残された名 [arel_kagetora_appeal],AREL_QUEST_START_PHASE8E,ゼリード,……いや。調べなきゃならねえんだろうな。水上都市の旧行政記録から当たる。,103,9/9,arel_kagetora_quest_start_phase8e,event=arel_kagetora_quest_start_phase8e; actions=CONV:AREL_QUEST_START_PHASE8E,現行参照,story.js:4914,,
1524,時期未確定・休眠/補助,メイン・イベント,統合の祭壇 FMAP000032-00,ALAN_ALTAR_OPENING_PHASE8E,システム,祭壇中央。古い抑制術式の上に、新しい光の術式が重なっている。その前に、アランが一人で立っていた。,,1/28,integration_altar_alan_phase8e,event=integration_altar_alan_phase8e; actions=CONV:ALAN_ALTAR_OPENING_PHASE8E -> IF_ITEM; 統合の祭壇 FMAP000032-00 / アランと対峙する,現行参照,story.js:4984,,
1525,時期未確定・休眠/補助,メイン・イベント,統合の祭壇 FMAP000032-00,ALAN_ALTAR_OPENING_PHASE8E,アルス,……アラン。,301,2/28,integration_altar_alan_phase8e,event=integration_altar_alan_phase8e; actions=CONV:ALAN_ALTAR_OPENING_PHASE8E -> IF_ITEM; 統合の祭壇 FMAP000032-00 / アランと対峙する,現行参照,story.js:4984,,
1526,時期未確定・休眠/補助,メイン・イベント,統合の祭壇 FMAP000032-00,ALAN_ALTAR_OPENING_PHASE8E,アラン,遅かったな。,201,3/28,integration_altar_alan_phase8e,event=integration_altar_alan_phase8e; actions=CONV:ALAN_ALTAR_OPENING_PHASE8E -> IF_ITEM; 統合の祭壇 FMAP000032-00 / アランと対峙する,現行参照,story.js:4984,,
1527,時期未確定・休眠/補助,メイン・イベント,統合の祭壇 FMAP000032-00,ALAN_ALTAR_OPENING_PHASE8E,クロード,ジャスパーとヴェルドは。,304,4/28,integration_altar_alan_phase8e,event=integration_altar_alan_phase8e; actions=CONV:ALAN_ALTAR_OPENING_PHASE8E -> IF_ITEM; 統合の祭壇 FMAP000032-00 / アランと対峙する,現行参照,story.js:4984,,
1528,時期未確定・休眠/補助,メイン・イベント,統合の祭壇 FMAP000032-00,ALAN_ALTAR_OPENING_PHASE8E,アラン,もう下だ。俺はここで、お前たちを止める。,201,5/28,integration_altar_alan_phase8e,event=integration_altar_alan_phase8e; actions=CONV:ALAN_ALTAR_OPENING_PHASE8E -> IF_ITEM; 統合の祭壇 FMAP000032-00 / アランと対峙する,現行参照,story.js:4984,,
1529,時期未確定・休眠/補助,メイン・イベント,統合の祭壇 FMAP000032-00,ALAN_ALTAR_OPENING_PHASE8E,アルス,その前に聞け。お前の父さんのことを調べた。,301,6/28,integration_altar_alan_phase8e,event=integration_altar_alan_phase8e; actions=CONV:ALAN_ALTAR_OPENING_PHASE8E -> IF_ITEM; 統合の祭壇 FMAP000032-00 / アランと対峙する,現行参照,story.js:4984,,
1530,時期未確定・休眠/補助,メイン・イベント,統合の祭壇 FMAP000032-00,ALAN_ALTAR_OPENING_PHASE8E,アラン,……今さら何を。,201,7/28,integration_altar_alan_phase8e,event=integration_altar_alan_phase8e; actions=CONV:ALAN_ALTAR_OPENING_PHASE8E -> IF_ITEM; 統合の祭壇 FMAP000032-00 / アランと対峙する,現行参照,story.js:4984,,
1531,時期未確定・休眠/補助,メイン・イベント,統合の祭壇 FMAP000032-00,ALAN_ALTAR_OPENING_PHASE8E,アルス,アレル＝レクスノートは、統合に反対してた。危険だって、止めようとしてた。,301,8/28,integration_altar_alan_phase8e,event=integration_altar_alan_phase8e; actions=CONV:ALAN_ALTAR_OPENING_PHASE8E -> IF_ITEM; 統合の祭壇 FMAP000032-00 / アランと対峙する,現行参照,story.js:4984,,
1532,時期未確定・休眠/補助,メイン・イベント,統合の祭壇 FMAP000032-00,ALAN_ALTAR_OPENING_PHASE8E,アラン,だから？,201,9/28,integration_altar_alan_phase8e,event=integration_altar_alan_phase8e; actions=CONV:ALAN_ALTAR_OPENING_PHASE8E -> IF_ITEM; 統合の祭壇 FMAP000032-00 / アランと対峙する,現行参照,story.js:4984,,
1533,時期未確定・休眠/補助,メイン・イベント,統合の祭壇 FMAP000032-00,ALAN_ALTAR_OPENING_PHASE8E,アルス,反逆者じゃなかった。,301,10/28,integration_altar_alan_phase8e,event=integration_altar_alan_phase8e; actions=CONV:ALAN_ALTAR_OPENING_PHASE8E -> IF_ITEM; 統合の祭壇 FMAP000032-00 / アランと対峙する,現行参照,story.js:4984,,
1534,時期未確定・休眠/補助,メイン・イベント,統合の祭壇 FMAP000032-00,ALAN_ALTAR_OPENING_PHASE8E,アラン,今さら父が正しかったと言われて、俺にどうしろっていうんだ。十年だぞ。,201,11/28,integration_altar_alan_phase8e,event=integration_altar_alan_phase8e; actions=CONV:ALAN_ALTAR_OPENING_PHASE8E -> IF_ITEM; 統合の祭壇 FMAP000032-00 / アランと対峙する,現行参照,story.js:4984,,
1535,時期未確定・休眠/補助,メイン・イベント,統合の祭壇 FMAP000032-00,ALAN_ALTAR_OPENING_PHASE8E,アラン,十年、俺は反逆者の息子だった。家名を出せば笑われる。隠せば逃げたみたいで腹が立つ。親父を恨めば楽だった。,201,12/28,integration_altar_alan_phase8e,event=integration_altar_alan_phase8e; actions=CONV:ALAN_ALTAR_OPENING_PHASE8E -> IF_ITEM; 統合の祭壇 FMAP000032-00 / アランと対峙する,現行参照,story.js:4984,,
1536,時期未確定・休眠/補助,メイン・イベント,統合の祭壇 FMAP000032-00,ALAN_ALTAR_OPENING_PHASE8E,クロード,……俺たちに言えよ。腹が立ってたなら、そう言えってんだ。,304,13/28,integration_altar_alan_phase8e,event=integration_altar_alan_phase8e; actions=CONV:ALAN_ALTAR_OPENING_PHASE8E -> IF_ITEM; 統合の祭壇 FMAP000032-00 / アランと対峙する,現行参照,story.js:4984,,
1537,時期未確定・休眠/補助,メイン・イベント,統合の祭壇 FMAP000032-00,ALAN_ALTAR_OPENING_PHASE8E,アラン,言ってどうなる。お前は何でもできた。剣を持てば褒められる。前へ出れば人がついてくる。,201,14/28,integration_altar_alan_phase8e,event=integration_altar_alan_phase8e; actions=CONV:ALAN_ALTAR_OPENING_PHASE8E -> IF_ITEM; 統合の祭壇 FMAP000032-00 / アランと対峙する,現行参照,story.js:4984,,
1538,時期未確定・休眠/補助,メイン・イベント,統合の祭壇 FMAP000032-00,ALAN_ALTAR_OPENING_PHASE8E,レオン,俺まで一緒にするな。お前が消えてから、何度探したと思ってる。,305,15/28,integration_altar_alan_phase8e,event=integration_altar_alan_phase8e; actions=CONV:ALAN_ALTAR_OPENING_PHASE8E -> IF_ITEM; 統合の祭壇 FMAP000032-00 / アランと対峙する,現行参照,story.js:4984,,
1539,時期未確定・休眠/補助,メイン・イベント,統合の祭壇 FMAP000032-00,ALAN_ALTAR_OPENING_PHASE8E,アラン,探してほしいなんて頼んでない。,201,16/28,integration_altar_alan_phase8e,event=integration_altar_alan_phase8e; actions=CONV:ALAN_ALTAR_OPENING_PHASE8E -> IF_ITEM; 統合の祭壇 FMAP000032-00 / アランと対峙する,現行参照,story.js:4984,,
1540,時期未確定・休眠/補助,メイン・イベント,統合の祭壇 FMAP000032-00,ALAN_ALTAR_OPENING_PHASE8E,アラン,それで次はお前だ、アルス。何も持ってなかった年下の平民が、気づけば救世主だ。聖女まで隣にいる。,201,17/28,integration_altar_alan_phase8e,event=integration_altar_alan_phase8e; actions=CONV:ALAN_ALTAR_OPENING_PHASE8E -> IF_ITEM; 統合の祭壇 FMAP000032-00 / アランと対峙する,現行参照,story.js:4984,,
1541,時期未確定・休眠/補助,メイン・イベント,統合の祭壇 FMAP000032-00,ALAN_ALTAR_OPENING_PHASE8E,アラン,俺は家も名前も力も守ろうとして、全部なくした。お前は何も持ってなかったくせに、全部拾っていく。,201,18/28,integration_altar_alan_phase8e,event=integration_altar_alan_phase8e; actions=CONV:ALAN_ALTAR_OPENING_PHASE8E -> IF_ITEM; 統合の祭壇 FMAP000032-00 / アランと対峙する,現行参照,story.js:4984,,
1542,時期未確定・休眠/補助,メイン・イベント,統合の祭壇 FMAP000032-00,ALAN_ALTAR_OPENING_PHASE8E,アルス,……そう思ってたんだな。,301,19/28,integration_altar_alan_phase8e,event=integration_altar_alan_phase8e; actions=CONV:ALAN_ALTAR_OPENING_PHASE8E -> IF_ITEM; 統合の祭壇 FMAP000032-00 / アランと対峙する,現行参照,story.js:4984,,
1543,時期未確定・休眠/補助,メイン・イベント,統合の祭壇 FMAP000032-00,ALAN_ALTAR_OPENING_PHASE8E,アラン,怒れよ。,201,20/28,integration_altar_alan_phase8e,event=integration_altar_alan_phase8e; actions=CONV:ALAN_ALTAR_OPENING_PHASE8E -> IF_ITEM; 統合の祭壇 FMAP000032-00 / アランと対峙する,現行参照,story.js:4984,,
1544,時期未確定・休眠/補助,メイン・イベント,統合の祭壇 FMAP000032-00,ALAN_ALTAR_OPENING_PHASE8E,アルス,怒ってる。裏切ったことは、まだ怒ってる。でも、お前がそう思ってたことまで嘘にはならない。,301,21/28,integration_altar_alan_phase8e,event=integration_altar_alan_phase8e; actions=CONV:ALAN_ALTAR_OPENING_PHASE8E -> IF_ITEM; 統合の祭壇 FMAP000032-00 / アランと対峙する,現行参照,story.js:4984,,
1545,時期未確定・休眠/補助,メイン・イベント,統合の祭壇 FMAP000032-00,ALAN_ALTAR_OPENING_PHASE8E,アラン,お前もだ、ルーナ。何も覚えてなくても聖女だ。皆が守る。皆が待つ。,201,22/28,integration_altar_alan_phase8e,event=integration_altar_alan_phase8e; actions=CONV:ALAN_ALTAR_OPENING_PHASE8E -> IF_ITEM; 統合の祭壇 FMAP000032-00 / アランと対峙する,現行参照,story.js:4984,,
1546,時期未確定・休眠/補助,メイン・イベント,統合の祭壇 FMAP000032-00,ALAN_ALTAR_OPENING_PHASE8E,ルーナ,……私は、それが怖かったです。聖女だから正しいと言われて、私はそれを信じて間違えました。,401,23/28,integration_altar_alan_phase8e,event=integration_altar_alan_phase8e; actions=CONV:ALAN_ALTAR_OPENING_PHASE8E -> IF_ITEM; 統合の祭壇 FMAP000032-00 / アランと対峙する,現行参照,story.js:4984,,
1547,時期未確定・休眠/補助,メイン・イベント,統合の祭壇 FMAP000032-00,ALAN_ALTAR_OPENING_PHASE8E,ルーナ,でも、あなたに『分かります』とは言いません。あなたが失った十年は、あなたのものだから。,401,24/28,integration_altar_alan_phase8e,event=integration_altar_alan_phase8e; actions=CONV:ALAN_ALTAR_OPENING_PHASE8E -> IF_ITEM; 統合の祭壇 FMAP000032-00 / アランと対峙する,現行参照,story.js:4984,,
1548,時期未確定・休眠/補助,メイン・イベント,統合の祭壇 FMAP000032-00,ALAN_ALTAR_OPENING_PHASE8E,アラン,ジャスパー様だけだった。家名でも、親父でも、クロードの隣でもない。俺の力を見て『使える』と言った。,201,25/28,integration_altar_alan_phase8e,event=integration_altar_alan_phase8e; actions=CONV:ALAN_ALTAR_OPENING_PHASE8E -> IF_ITEM; 統合の祭壇 FMAP000032-00 / アランと対峙する,現行参照,story.js:4984,,
1549,時期未確定・休眠/補助,メイン・イベント,統合の祭壇 FMAP000032-00,ALAN_ALTAR_OPENING_PHASE8E,ゼリード,使える、か。俺もその言葉が欲しかった時期がある。だから余計に気に食わねえ。,103,26/28,integration_altar_alan_phase8e,event=integration_altar_alan_phase8e; actions=CONV:ALAN_ALTAR_OPENING_PHASE8E -> IF_ITEM; 統合の祭壇 FMAP000032-00 / アランと対峙する,現行参照,story.js:4984,,
1550,時期未確定・休眠/補助,メイン・イベント,統合の祭壇 FMAP000032-00,ALAN_ALTAR_OPENING_PHASE8E,アラン,話は終わりだ。俺が選んだ。ジャスパー様の力を受けて、ここに立つと。,201,27/28,integration_altar_alan_phase8e,event=integration_altar_alan_phase8e; actions=CONV:ALAN_ALTAR_OPENING_PHASE8E -> IF_ITEM; 統合の祭壇 FMAP000032-00 / アランと対峙する,現行参照,story.js:4984,,
1551,時期未確定・休眠/補助,メイン・イベント,統合の祭壇 FMAP000032-00,ALAN_ALTAR_OPENING_PHASE8E,アラン,ここから先へ行きたいなら――俺を越えろ。,201,28/28,integration_altar_alan_phase8e,event=integration_altar_alan_phase8e; actions=CONV:ALAN_ALTAR_OPENING_PHASE8E -> IF_ITEM; 統合の祭壇 FMAP000032-00 / アランと対峙する,現行参照,story.js:4984,,
1552,時期未確定・休眠/補助,メイン・イベント,統合の祭壇 FMAP000032-00,ALAN_ALTAR_NO_APPEAL_WARNING_PHASE8E,ジョセフ,待て、アルス。剣を抜く前に考えろ。俺は十年前も『国がそう言うなら』って考えるのをやめた。同じことを今度はお前にさせたくない。,101,1/8,integration_altar_alan_phase8e,event=integration_altar_alan_phase8e; actions=CONV:ALAN_ALTAR_OPENING_PHASE8E -> IF_ITEM; 統合の祭壇 FMAP000032-00 / アランと対峙する,現行参照,story.js:5014,,
1553,時期未確定・休眠/補助,メイン・イベント,統合の祭壇 FMAP000032-00,ALAN_ALTAR_NO_APPEAL_WARNING_PHASE8E,レオン,俺はあいつと戦える。だが、倒したあとに取り返せないなら……知らなかったでは済ませたくない。,305,2/8,integration_altar_alan_phase8e,event=integration_altar_alan_phase8e; actions=CONV:ALAN_ALTAR_OPENING_PHASE8E -> IF_ITEM; 統合の祭壇 FMAP000032-00 / アランと対峙する,現行参照,story.js:5014,,
1554,時期未確定・休眠/補助,メイン・イベント,統合の祭壇 FMAP000032-00,ALAN_ALTAR_NO_APPEAL_WARNING_PHASE8E,クロード,殴ってでも連れ戻すつもりだった。……死ぬって話なら、同じじゃねえ。,304,3/8,integration_altar_alan_phase8e,event=integration_altar_alan_phase8e; actions=CONV:ALAN_ALTAR_OPENING_PHASE8E -> IF_ITEM; 統合の祭壇 FMAP000032-00 / アランと対峙する,現行参照,story.js:5014,,
1555,時期未確定・休眠/補助,メイン・イベント,統合の祭壇 FMAP000032-00,ALAN_ALTAR_NO_APPEAL_WARNING_PHASE8E,レイラ,急ぐ必要があるのは分かっています。それでも、急ぐことと、選ばないことは違います。,204,4/8,integration_altar_alan_phase8e,event=integration_altar_alan_phase8e; actions=CONV:ALAN_ALTAR_OPENING_PHASE8E -> IF_ITEM; 統合の祭壇 FMAP000032-00 / アランと対峙する,現行参照,story.js:5014,,
1556,時期未確定・休眠/補助,メイン・イベント,統合の祭壇 FMAP000032-00,ALAN_ALTAR_NO_APPEAL_WARNING_PHASE8E,ゼリード,アレルの件は、まだ終わってねえ。証拠を拾える場所が残ってる。ここで進んだら、本人に届ける機会はたぶんもうねえ。,103,5/8,integration_altar_alan_phase8e,event=integration_altar_alan_phase8e; actions=CONV:ALAN_ALTAR_OPENING_PHASE8E -> IF_ITEM; 統合の祭壇 FMAP000032-00 / アランと対峙する,現行参照,story.js:5014,,
1557,時期未確定・休眠/補助,メイン・イベント,統合の祭壇 FMAP000032-00,ALAN_ALTAR_NO_APPEAL_WARNING_PHASE8E,ガイル,……アラン、仲間だったじゃんか。裏切ったからって、それまで全部なくなるのか？,109,6/8,integration_altar_alan_phase8e,event=integration_altar_alan_phase8e; actions=CONV:ALAN_ALTAR_OPENING_PHASE8E -> IF_ITEM; 統合の祭壇 FMAP000032-00 / アランと対峙する,現行参照,story.js:5014,,
1558,時期未確定・休眠/補助,メイン・イベント,統合の祭壇 FMAP000032-00,ALAN_ALTAR_NO_APPEAL_WARNING_PHASE8E,サラ,嫌いになった人なら、死んでもいいってことにはならないでしょ。,110,7/8,integration_altar_alan_phase8e,event=integration_altar_alan_phase8e; actions=CONV:ALAN_ALTAR_OPENING_PHASE8E -> IF_ITEM; 統合の祭壇 FMAP000032-00 / アランと対峙する,現行参照,story.js:5014,,
1559,時期未確定・休眠/補助,メイン・イベント,統合の祭壇 FMAP000032-00,ALAN_ALTAR_NO_APPEAL_WARNING_PHASE8E,システム,ここで戦えば、もうアランを連れ戻す道は残らないかもしれない。,,8/8,integration_altar_alan_phase8e,event=integration_altar_alan_phase8e; actions=CONV:ALAN_ALTAR_OPENING_PHASE8E -> IF_ITEM; 統合の祭壇 FMAP000032-00 / アランと対峙する,現行参照,story.js:5014,,
1560,時期未確定・休眠/補助,メイン・イベント,統合の祭壇 FMAP000032-00,ALAN_ALTAR_RETREAT_PHASE8E,アラン,……好きにしろ。次に来た時は、迷うな。,201,1/1,integration_altar_alan_phase8e,event=integration_altar_alan_phase8e; actions=CONV:ALAN_ALTAR_OPENING_PHASE8E -> IF_ITEM; 統合の祭壇 FMAP000032-00 / アランと対峙する,現行参照,story.js:5024,,
1561,時期未確定・休眠/補助,メイン・イベント,統合の祭壇 FMAP000032-00,ALAN_ALTAR_WITH_APPEAL_PHASE8E,ハヤテ,アラン。,203,1/9,integration_altar_alan_phase8e,event=integration_altar_alan_phase8e; actions=CONV:ALAN_ALTAR_OPENING_PHASE8E -> IF_ITEM; 統合の祭壇 FMAP000032-00 / アランと対峙する,現行参照,story.js:5027,,
1562,時期未確定・休眠/補助,メイン・イベント,統合の祭壇 FMAP000032-00,ALAN_ALTAR_WITH_APPEAL_PHASE8E,アラン,……まだ俺を追ってたのか。,201,2/9,integration_altar_alan_phase8e,event=integration_altar_alan_phase8e; actions=CONV:ALAN_ALTAR_OPENING_PHASE8E -> IF_ITEM; 統合の祭壇 FMAP000032-00 / アランと対峙する,現行参照,story.js:5027,,
1563,時期未確定・休眠/補助,メイン・イベント,統合の祭壇 FMAP000032-00,ALAN_ALTAR_WITH_APPEAL_PHASE8E,ハヤテ,俺が追ってたのは、お前じゃない。父さんが死んだ理由だ。,203,3/9,integration_altar_alan_phase8e,event=integration_altar_alan_phase8e; actions=CONV:ALAN_ALTAR_OPENING_PHASE8E -> IF_ITEM; 統合の祭壇 FMAP000032-00 / アランと対峙する,現行参照,story.js:5027,,
1564,時期未確定・休眠/補助,メイン・イベント,統合の祭壇 FMAP000032-00,ALAN_ALTAR_WITH_APPEAL_PHASE8E,アルス,これを見つけた。『王への上申書』。お前の父さんが、十年前に国王へ出そうとしてた原本だ。,301,4/9,integration_altar_alan_phase8e,event=integration_altar_alan_phase8e; actions=CONV:ALAN_ALTAR_OPENING_PHASE8E -> IF_ITEM; 統合の祭壇 FMAP000032-00 / アランと対峙する,現行参照,story.js:5027,,
1565,時期未確定・休眠/補助,メイン・イベント,統合の祭壇 FMAP000032-00,ALAN_ALTAR_WITH_APPEAL_PHASE8E,アラン,……紙切れ一枚で、十年が戻るのか？,201,5/9,integration_altar_alan_phase8e,event=integration_altar_alan_phase8e; actions=CONV:ALAN_ALTAR_OPENING_PHASE8E -> IF_ITEM; 統合の祭壇 FMAP000032-00 / アランと対峙する,現行参照,story.js:5027,,
1566,時期未確定・休眠/補助,メイン・イベント,統合の祭壇 FMAP000032-00,ALAN_ALTAR_WITH_APPEAL_PHASE8E,ハヤテ,戻らない。俺の父さんも戻らない。だから、これは許すための紙じゃない。,203,6/9,integration_altar_alan_phase8e,event=integration_altar_alan_phase8e; actions=CONV:ALAN_ALTAR_OPENING_PHASE8E -> IF_ITEM; 統合の祭壇 FMAP000032-00 / アランと対峙する,現行参照,story.js:5027,,
1567,時期未確定・休眠/補助,メイン・イベント,統合の祭壇 FMAP000032-00,ALAN_ALTAR_WITH_APPEAL_PHASE8E,ハヤテ,消されたものが、本当にあったって証拠だ。あとは、お前が自分で読め。,203,7/9,integration_altar_alan_phase8e,event=integration_altar_alan_phase8e; actions=CONV:ALAN_ALTAR_OPENING_PHASE8E -> IF_ITEM; 統合の祭壇 FMAP000032-00 / アランと対峙する,現行参照,story.js:5027,,
1568,時期未確定・休眠/補助,メイン・イベント,統合の祭壇 FMAP000032-00,ALAN_ALTAR_WITH_APPEAL_PHASE8E,アラン,……なら、持ってろ。俺はもう、親父の名誉のためにここにいるんじゃない。,201,8/9,integration_altar_alan_phase8e,event=integration_altar_alan_phase8e; actions=CONV:ALAN_ALTAR_OPENING_PHASE8E -> IF_ITEM; 統合の祭壇 FMAP000032-00 / アランと対峙する,現行参照,story.js:5027,,
1569,時期未確定・休眠/補助,メイン・イベント,統合の祭壇 FMAP000032-00,ALAN_ALTAR_WITH_APPEAL_PHASE8E,アラン,俺が選んだ。ここに立つと。,201,9/9,integration_altar_alan_phase8e,event=integration_altar_alan_phase8e; actions=CONV:ALAN_ALTAR_OPENING_PHASE8E -> IF_ITEM; 統合の祭壇 FMAP000032-00 / アランと対峙する,現行参照,story.js:5027,,
1570,時期未確定・休眠/補助,メイン・イベント,,ALAN_ALTAR_DEATH_PHASE8E,システム,アランが膝をつく。剣を包んでいた光が、細い粒になって消えていく。,,1/9,integration_altar_alan_clear_phase8e,event=integration_altar_alan_clear_phase8e; actions=FLAG(key=alanAltarBattleCleared) -> IF_ITEM,現行参照,story.js:5038,,
1571,時期未確定・休眠/補助,メイン・イベント,,ALAN_ALTAR_DEATH_PHASE8E,アラン,……来るな。,201,2/9,integration_altar_alan_clear_phase8e,event=integration_altar_alan_clear_phase8e; actions=FLAG(key=alanAltarBattleCleared) -> IF_ITEM,現行参照,story.js:5038,,
1572,時期未確定・休眠/補助,メイン・イベント,,ALAN_ALTAR_DEATH_PHASE8E,アルス,アラン。,301,3/9,integration_altar_alan_clear_phase8e,event=integration_altar_alan_clear_phase8e; actions=FLAG(key=alanAltarBattleCleared) -> IF_ITEM,現行参照,story.js:5038,,
1573,時期未確定・休眠/補助,メイン・イベント,,ALAN_ALTAR_DEATH_PHASE8E,アラン,勝ったんだろ。,201,4/9,integration_altar_alan_clear_phase8e,event=integration_altar_alan_clear_phase8e; actions=FLAG(key=alanAltarBattleCleared) -> IF_ITEM,現行参照,story.js:5038,,
1574,時期未確定・休眠/補助,メイン・イベント,,ALAN_ALTAR_DEATH_PHASE8E,クロード,こんなの……勝ちじゃねえだろ。,304,5/9,integration_altar_alan_clear_phase8e,event=integration_altar_alan_clear_phase8e; actions=FLAG(key=alanAltarBattleCleared) -> IF_ITEM,現行参照,story.js:5038,,
1575,時期未確定・休眠/補助,メイン・イベント,,ALAN_ALTAR_DEATH_PHASE8E,アラン,昔から、お前は勝っても文句が多いな。,201,6/9,integration_altar_alan_clear_phase8e,event=integration_altar_alan_clear_phase8e; actions=FLAG(key=alanAltarBattleCleared) -> IF_ITEM,現行参照,story.js:5038,,
1576,時期未確定・休眠/補助,メイン・イベント,,ALAN_ALTAR_DEATH_PHASE8E,アラン,行け。俺が止められなかったなら……あの二人は、もう先へ行ってる。,201,7/9,integration_altar_alan_clear_phase8e,event=integration_altar_alan_clear_phase8e; actions=FLAG(key=alanAltarBattleCleared) -> IF_ITEM,現行参照,story.js:5038,,
1577,時期未確定・休眠/補助,メイン・イベント,,ALAN_ALTAR_DEATH_PHASE8E,アラン,救世主。……最後までやれよ。,201,8/9,integration_altar_alan_clear_phase8e,event=integration_altar_alan_clear_phase8e; actions=FLAG(key=alanAltarBattleCleared) -> IF_ITEM,現行参照,story.js:5038,,
1578,時期未確定・休眠/補助,メイン・イベント,,ALAN_ALTAR_DEATH_PHASE8E,システム,それきり、アランは動かなかった。,,9/9,integration_altar_alan_clear_phase8e,event=integration_altar_alan_clear_phase8e; actions=FLAG(key=alanAltarBattleCleared) -> IF_ITEM,現行参照,story.js:5038,,
1579,時期未確定・休眠/補助,メイン・イベント,,ALAN_ALTAR_POST_BATTLE_APPEAL_PHASE8E,システム,アランが膝をつく。戦いの最中に落ちた上申書が、光の消えた床に残っている。,,1/4,integration_altar_alan_clear_phase8e,event=integration_altar_alan_clear_phase8e; actions=FLAG(key=alanAltarBattleCleared) -> IF_ITEM,現行参照,story.js:5049,,
1580,時期未確定・休眠/補助,メイン・イベント,,ALAN_ALTAR_POST_BATTLE_APPEAL_PHASE8E,アラン,……くだらない。今さら……。,201,2/4,integration_altar_alan_clear_phase8e,event=integration_altar_alan_clear_phase8e; actions=FLAG(key=alanAltarBattleCleared) -> IF_ITEM,現行参照,story.js:5049,,
1581,時期未確定・休眠/補助,メイン・イベント,,ALAN_ALTAR_POST_BATTLE_APPEAL_PHASE8E,ハヤテ,今さらだよ。だから、ここから先をどうするかは、生きてる奴が決めるしかない。,203,3/4,integration_altar_alan_clear_phase8e,event=integration_altar_alan_clear_phase8e; actions=FLAG(key=alanAltarBattleCleared) -> IF_ITEM,現行参照,story.js:5049,,
1582,時期未確定・休眠/補助,メイン・イベント,,ALAN_ALTAR_POST_BATTLE_APPEAL_PHASE8E,システム,アルスは、倒れたアランへ手を伸ばした。,,4/4,integration_altar_alan_clear_phase8e,event=integration_altar_alan_clear_phase8e; actions=FLAG(key=alanAltarBattleCleared) -> IF_ITEM,現行参照,story.js:5049,,
1583,時期未確定・休眠/補助,メイン・イベント,,ALAN_ALTAR_SAVED_PHASE8E,アルス,アラン。父さんのためじゃない。俺たちのためでもない。お前が自分で選び直すために――生きろ。,301,1/8,integration_altar_alan_clear_phase8e,event=integration_altar_alan_clear_phase8e; actions=FLAG(key=alanAltarBattleCleared) -> IF_ITEM,現行参照,story.js:5055,,
1584,時期未確定・休眠/補助,メイン・イベント,,ALAN_ALTAR_SAVED_PHASE8E,アラン,……簡単に言うな。,201,2/8,integration_altar_alan_clear_phase8e,event=integration_altar_alan_clear_phase8e; actions=FLAG(key=alanAltarBattleCleared) -> IF_ITEM,現行参照,story.js:5055,,
1585,時期未確定・休眠/補助,メイン・イベント,,ALAN_ALTAR_SAVED_PHASE8E,アルス,簡単じゃないから言ってる。,301,3/8,integration_altar_alan_clear_phase8e,event=integration_altar_alan_clear_phase8e; actions=FLAG(key=alanAltarBattleCleared) -> IF_ITEM,現行参照,story.js:5055,,
1586,時期未確定・休眠/補助,メイン・イベント,,ALAN_ALTAR_SAVED_PHASE8E,システム,長い沈黙のあと、アランは手を取らなかった。けれど、もう振り払おうともしなかった。,,4/8,integration_altar_alan_clear_phase8e,event=integration_altar_alan_clear_phase8e; actions=FLAG(key=alanAltarBattleCleared) -> IF_ITEM,現行参照,story.js:5055,,
1587,時期未確定・休眠/補助,メイン・イベント,,ALAN_ALTAR_SAVED_PHASE8E,クロード,利子つけて返せ。,304,5/8,integration_altar_alan_clear_phase8e,event=integration_altar_alan_clear_phase8e; actions=FLAG(key=alanAltarBattleCleared) -> IF_ITEM,現行参照,story.js:5055,,
1588,時期未確定・休眠/補助,メイン・イベント,,ALAN_ALTAR_SAVED_PHASE8E,レオン,十年分な。,305,6/8,integration_altar_alan_clear_phase8e,event=integration_altar_alan_clear_phase8e; actions=FLAG(key=alanAltarBattleCleared) -> IF_ITEM,現行参照,story.js:5055,,
1589,時期未確定・休眠/補助,メイン・イベント,,ALAN_ALTAR_SAVED_PHASE8E,アラン,……最悪だ。一番、借りを作りたくない連中に。,201,7/8,integration_altar_alan_clear_phase8e,event=integration_altar_alan_clear_phase8e; actions=FLAG(key=alanAltarBattleCleared) -> IF_ITEM,現行参照,story.js:5055,,
1590,時期未確定・休眠/補助,メイン・イベント,,ALAN_ALTAR_SAVED_PHASE8E,システム,アランは戦線を離れた。今はまだ、仲間として戻る時ではない。,,8/8,integration_altar_alan_clear_phase8e,event=integration_altar_alan_clear_phase8e; actions=FLAG(key=alanAltarBattleCleared) -> IF_ITEM,現行参照,story.js:5055,,
1591,時期未確定・休眠/補助,メイン・イベント,,ALAN_ALTAR_DEATH_WITH_APPEAL_PHASE8E,アラン,……そうか。,201,1/2,integration_altar_alan_clear_phase8e,event=integration_altar_alan_clear_phase8e; actions=FLAG(key=alanAltarBattleCleared) -> IF_ITEM,現行参照,story.js:5065,,
1592,時期未確定・休眠/補助,メイン・イベント,,ALAN_ALTAR_DEATH_WITH_APPEAL_PHASE8E,システム,アランは床の上申書を一度だけ見た。やがて、光は完全に消えた。,,2/2,integration_altar_alan_clear_phase8e,event=integration_altar_alan_clear_phase8e; actions=FLAG(key=alanAltarBattleCleared) -> IF_ITEM,現行参照,story.js:5065,,
1593,時期未確定・休眠/補助,メイン・イベント,,RANDOM_DUNGEON_HUNTER_WARNING,システム,あたりの雰囲気が変わった気がする…,,1/1,random_dungeon_hunter_warning,event=random_dungeon_hunter_warning; actions=CONV:RANDOM_DUNGEON_HUNTER_WARNING,現行参照,story.js:5069,,
1594,第1段階 リュミナ村～北東の洞穴,メイン・イベント,,GAME_START_1,システム,"……夜明け前。
村には、不吉な気配が満ちていた。",,1/4,,,未参照/直接呼出要確認,story.js:75,,
1595,第1段階 リュミナ村～北東の洞穴,メイン・イベント,,GAME_START_1,システム,（嫌な予感がする……）,,2/4,,,未参照/直接呼出要確認,story.js:75,,
1596,第1段階 リュミナ村～北東の洞穴,メイン・イベント,,GAME_START_1,村人,きゃあああっ！！,1003,3/4,,,未参照/直接呼出要確認,story.js:75,,
1597,第1段階 リュミナ村～北東の洞穴,メイン・イベント,,GAME_START_1,システム,子供が魔物に襲われている！,,4/4,,,未参照/直接呼出要確認,story.js:75,,
1598,第2段階 炎の里・イグナ火山,メイン・イベント,,FIRE_VOLCANO_GLAD_HP_END,グラド,くっ……ここまでコントロールできんとは……。,,1/1,,,未参照/直接呼出要確認,story.js:684,,
1599,第7段階 光の宮殿・結晶樹,メイン・イベント,,LIGHT_PALACE_FINAL_ENCOUNTER,システム,光の神殿最奥。光のプリズムは黒く濁り、不吉な光を周囲に放っている。,,1/11,,,未参照/直接呼出要確認,story.js:4022,,
1600,第7段階 光の宮殿・結晶樹,メイン・イベント,,LIGHT_PALACE_FINAL_ENCOUNTER,ジョセフ,間に合ったか！？,101,2/11,,,未参照/直接呼出要確認,story.js:4022,,
1601,第7段階 光の宮殿・結晶樹,メイン・イベント,,LIGHT_PALACE_FINAL_ENCOUNTER,ケイト,"息が、うまく吸えません……。
光って、こんなに冷たいものでしたか……。",104,3/11,,,未参照/直接呼出要確認,story.js:4022,,
1602,第7段階 光の宮殿・結晶樹,メイン・イベント,,LIGHT_PALACE_FINAL_ENCOUNTER,ケイト,"水底で感じた濁りより、ずっと奥が黒い。
でも、表だけは白く光ってる……。",104,4/11,,,未参照/直接呼出要確認,story.js:4022,,
1603,第7段階 光の宮殿・結晶樹,メイン・イベント,,LIGHT_PALACE_FINAL_ENCOUNTER,聖騎士ヴェルド,…お前たちはあの時消し飛んだはず…跡形もなく、だ。,,5/11,,,未参照/直接呼出要確認,story.js:4022,,
1604,第7段階 光の宮殿・結晶樹,メイン・イベント,,LIGHT_PALACE_FINAL_ENCOUNTER,魔道神官ジャスパー,"よもや、結界まで破るとは。
失態じゃな、ヴェルド。",,6/11,,,未参照/直接呼出要確認,story.js:4022,,
1605,第7段階 光の宮殿・結晶樹,メイン・イベント,,LIGHT_PALACE_FINAL_ENCOUNTER,魔道神官ジャスパー,"だが遅い。
祝福の儀は、もう誰の祈りでも止まらぬ。",,7/11,,,未参照/直接呼出要確認,story.js:4022,,
1606,第7段階 光の宮殿・結晶樹,メイン・イベント,,LIGHT_PALACE_FINAL_ENCOUNTER,聖騎士ヴェルド,……まぁいい。ここが旅の終着点だ。,,8/11,,,未参照/直接呼出要確認,story.js:4022,,
1607,第7段階 光の宮殿・結晶樹,メイン・イベント,,LIGHT_PALACE_FINAL_ENCOUNTER,聖騎士ヴェルド,"混沌の光はすでに我らへ降りた。
小さき反逆者どもに、触れられる領域ではない。",,9/11,,,未参照/直接呼出要確認,story.js:4022,,
1608,第7段階 光の宮殿・結晶樹,メイン・イベント,,LIGHT_PALACE_FINAL_ENCOUNTER,聖騎士ヴェルド,光の消えた瞳で、この世界の再誕を見届けるがよい。,,10/11,,,未参照/直接呼出要確認,story.js:4022,,
1609,第7段階 光の宮殿・結晶樹,メイン・イベント,,LIGHT_PALACE_FINAL_ENCOUNTER,システム,ジャスパーとヴェルドの全身から、濁った白光が噴き上がる…！,,11/11,,,未参照/直接呼出要確認,story.js:4022,,
1610,第7段階 光の宮殿・結晶樹,深淵・追加ストーリー,,ABYSS_FLOOR_010_LEON_GUARDIAN,システム,"割れた軍旗が床に刺さっている。
布だけが、ありもしない風を受けて、まだ命令を待っていた。",,1/7,,,未参照/直接呼出要確認,story.js:4723,,
1611,第7段階 光の宮殿・結晶樹,深淵・追加ストーリー,,ABYSS_FLOOR_010_LEON_GUARDIAN,ガレオン将軍,"ここより先、兵を通すな。
帰った兵も、死んだ兵も、名簿から消えた兵も関係ない。",,2/7,,,未参照/直接呼出要確認,story.js:4723,,
1612,第7段階 光の宮殿・結晶樹,深淵・追加ストーリー,,ABYSS_FLOOR_010_LEON_GUARDIAN,ジョセフ,"……声まで似せやがる。
深淵ってのは、墓荒らしの手つきだけは丁寧だな。",101,3/7,,,未参照/直接呼出要確認,story.js:4723,,
1613,第7段階 光の宮殿・結晶樹,深淵・追加ストーリー,,ABYSS_FLOOR_010_LEON_GUARDIAN,ガレオン将軍,"盾を掲げる者よ、何を守る。
国か。民か。あるいは、守れなかった名だけか。",,4/7,,,未参照/直接呼出要確認,story.js:4723,,
1614,第7段階 光の宮殿・結晶樹,深淵・追加ストーリー,,ABYSS_FLOOR_010_LEON_GUARDIAN,ジョセフ,"全部だ。欲張りだって笑えよ。
守れなかった名を背負って、まだ生きてる奴らを守る。",101,5/7,,,未参照/直接呼出要確認,story.js:4723,,
1615,第7段階 光の宮殿・結晶樹,深淵・追加ストーリー,,ABYSS_FLOOR_010_LEON_GUARDIAN,ガレオン将軍,"ならば来い。
命令の残骸を越え、次の戦場へ進む足を見せろ。",,6/7,,,未参照/直接呼出要確認,story.js:4723,,
1616,第7段階 光の宮殿・結晶樹,深淵・追加ストーリー,,ABYSS_FLOOR_010_LEON_GUARDIAN,ジョセフ,"来い、亡霊の将軍。
その古い号令ごと、俺の盾で止めてやる。",101,7/7,,,未参照/直接呼出要確認,story.js:4723,,
1617,第10段階以降 深淵,深淵・追加ストーリー,,ABYSS_FLOOR_010_CLEAR,システム,"割れた軍旗が、音もなく灰になった。
号令だけで立っていた影は、もう誰も呼ばない。",,1/2,,,未参照/直接呼出要確認,story.js:4732,,
1618,第10段階以降 深淵,深淵・追加ストーリー,,ABYSS_FLOOR_010_CLEAR,ジョセフ,"名簿から消えた奴にも、帰る場所はあったはずだ。
……行くぞ。ここで足を止めたら、あいつらに怒られる。",101,2/2,,,未参照/直接呼出要確認,story.js:4732,,
1619,第10段階以降 深淵,深淵・追加ストーリー,,ABYSS_FLOOR_020_GLEN_GUARDIAN,システム,"爪痕だらけの盾が落ちている。
裏には、拙い字で子どもの名が彫られていた。",,1/6,,,未参照/直接呼出要確認,story.js:4736,,
1620,第10段階以降 深淵,深淵・追加ストーリー,,ABYSS_FLOOR_020_GLEN_GUARDIAN,グレン将軍,"退け、人の子。ここは敗者の牙を納める場所だ。
勝者の旗も、王の印も、腹の足しにはならぬ。",,2/6,,,未参照/直接呼出要確認,story.js:4736,,
1621,第10段階以降 深淵,深淵・追加ストーリー,,ABYSS_FLOOR_020_GLEN_GUARDIAN,シャオ,"獣人の将軍……？
王国軍じゃない。けど、この人も、何かを守って倒れたんだ。",105,3/6,,,未参照/直接呼出要確認,story.js:4736,,
1622,第10段階以降 深淵,深淵・追加ストーリー,,ABYSS_FLOOR_020_GLEN_GUARDIAN,グレン将軍,"守った巣だけが、名を覚える。
奪った者の名など、冬が来れば骨から消える。",,4/6,,,未参照/直接呼出要確認,story.js:4736,,
1623,第10段階以降 深淵,深淵・追加ストーリー,,ABYSS_FLOOR_020_GLEN_GUARDIAN,魔王ゼノン,"深淵め。誇りまで番犬にするか。
だが牙を折らねば、奥へは進めぬ。",402,5/6,,,未参照/直接呼出要確認,story.js:4736,,
1624,第10段階以降 深淵,深淵・追加ストーリー,,ABYSS_FLOOR_020_GLEN_GUARDIAN,グレン将軍,"ならば来い。お前たちの名が、
守る者の名か、奪う者の名か、牙で確かめる。",,6/6,,,未参照/直接呼出要確認,story.js:4736,,
1625,第10段階以降 深淵,深淵・追加ストーリー,,ABYSS_FLOOR_020_CLEAR,システム,"盾の裏に刻まれた小さな名だけが残った。
誰かの巣を守った牙は、ようやく眠りについた。",,1/2,,,未参照/直接呼出要確認,story.js:4744,,
1626,第10段階以降 深淵,深淵・追加ストーリー,,ABYSS_FLOOR_020_CLEAR,魔王ゼノン,"敵味方の旗で、死者の誇りまで分けられるものか。
進むぞ。深淵に、これ以上の墓守を作らせるな。",402,2/2,,,未参照/直接呼出要確認,story.js:4744,,
1627,第7段階 光の宮殿・結晶樹,深淵・追加ストーリー,,ABYSS_FLOOR_030_LEONARD,システム,"雷が鳴らない。黒い雲もない。
ただ、床に突き立つ剣だけが、歯を食いしばるように震えていた。",,1/8,,,未参照/直接呼出要確認,story.js:4748,,
1628,第7段階 光の宮殿・結晶樹,深淵・追加ストーリー,,ABYSS_FLOOR_030_LEONARD,雷楔のレナード,"来たか。……来てしまったか、ジョセフ。
この瞳で、お前の顔を見られるうちでよかった。",,2/8,,,未参照/直接呼出要確認,story.js:4748,,
1629,第7段階 光の宮殿・結晶樹,深淵・追加ストーリー,,ABYSS_FLOOR_030_LEONARD,ジョセフ,"レナード。お前、目が戻ってるな。
だったら剣を下ろせ。まだ間に合うって、俺に言わせろ。",101,3/8,,,未参照/直接呼出要確認,story.js:4748,,
1630,第7段階 光の宮殿・結晶樹,深淵・追加ストーリー,,ABYSS_FLOOR_030_LEONARD,雷楔のレナード,"間に合わぬ。体はもう深淵のものだ。
だが悔いる心だけは、まだ奪われずに残っている。",,4/8,,,未参照/直接呼出要確認,story.js:4748,,
1631,第7段階 光の宮殿・結晶樹,深淵・追加ストーリー,,ABYSS_FLOOR_030_LEONARD,雷楔のレナード,"私は斬った。守るためだと、自分に言い聞かせて。
斬った者の顔を、勝利の陰へ埋めて歩いた。",,5/8,,,未参照/直接呼出要確認,story.js:4748,,
1632,第7段階 光の宮殿・結晶樹,深淵・追加ストーリー,,ABYSS_FLOOR_030_LEONARD,ジョセフ,"言い訳を聞きに来たんじゃねえ。
お前を責めに来たんでもねえ。止めに来たんだ。",101,6/8,,,未参照/直接呼出要確認,story.js:4748,,
1633,第7段階 光の宮殿・結晶樹,深淵・追加ストーリー,,ABYSS_FLOOR_030_LEONARD,雷楔のレナード,"ならば頼む、盾よ。
かつて最強の剣と呼ばれた男の、最後の狂いを受け止めてくれ。",,7/8,,,未参照/直接呼出要確認,story.js:4748,,
1634,第7段階 光の宮殿・結晶樹,深淵・追加ストーリー,,ABYSS_FLOOR_030_LEONARD,ジョセフ,"ああ。最強の盾は、まだ折れてねえ。
友の剣くらい、泣きながらでも止めてやる。",101,8/8,,,未参照/直接呼出要確認,story.js:4748,,
1635,第10段階以降 深淵,深淵・追加ストーリー,,ABYSS_FLOOR_030_CLEAR,システム,"剣の震えが止まった。
雷の残滓は、ジョセフの盾に触れて、小さな火花を一つだけ散らした。",,1/3,,,未参照/直接呼出要確認,story.js:4758,,
1636,第10段階以降 深淵,深淵・追加ストーリー,,ABYSS_FLOOR_030_CLEAR,雷楔のレナード,……すまなかった。,,2/3,,,未参照/直接呼出要確認,story.js:4758,,
1637,第10段階以降 深淵,深淵・追加ストーリー,,ABYSS_FLOOR_030_CLEAR,ジョセフ,"謝る相手は山ほどいる。
俺が全部、覚えておく。だから今は、休め。",101,3/3,,,未参照/直接呼出要確認,story.js:4758,,
1638,第10段階以降 深淵,深淵・追加ストーリー,,ABYSS_FLOOR_040_ELICIA,システム,"風が同じ向きに吹き続ける。
迷いも声も、不要な荷物のように押し流されていく。",,1/6,,,未参照/直接呼出要確認,story.js:4763,,
1639,第10段階以降 深淵,深淵・追加ストーリー,,ABYSS_FLOOR_040_ELICIA,風楔のエリシア,"風は国のために吹く。
福音を運び、従わぬ火を消し、逆らう息を奪う神の息吹。",,2/6,,,未参照/直接呼出要確認,story.js:4763,,
1640,第10段階以降 深淵,深淵・追加ストーリー,,ABYSS_FLOOR_040_ELICIA,エリーゼ,"違う。風は、人の背中を押すものだ。
洗濯物を乾かして、子どもの凧を持ち上げて、帰る道を知らせるものだ！",106,3/6,,,未参照/直接呼出要確認,story.js:4763,,
1641,第10段階以降 深淵,深淵・追加ストーリー,,ABYSS_FLOOR_040_ELICIA,風楔のエリシア,"小さな暮らしは、国の風下に置くもの。
旗が立つ限り、いくつかの家が潰れても国は残る。",,4/6,,,未参照/直接呼出要確認,story.js:4763,,
1642,第10段階以降 深淵,深淵・追加ストーリー,,ABYSS_FLOOR_040_ELICIA,エリーゼ,"家の灯りを知らない国なんて、ただの大きな箱です！
人の暮らしを運ばない風を、私は福音なんて呼ばない！",106,5/6,,,未参照/直接呼出要確認,story.js:4763,,
1643,第10段階以降 深淵,深淵・追加ストーリー,,ABYSS_FLOOR_040_ELICIA,風楔のエリシア,"ならば吹いてみなさい。
あなたの弱い息で、国のために荒れる私の風を裂いてみせなさい。",,6/6,,,未参照/直接呼出要確認,story.js:4763,,
1644,第10段階以降 深淵,深淵・追加ストーリー,,ABYSS_FLOOR_040_CLEAR,システム,押し流すだけだった風がほどけ、誰かの窓辺を撫でるような弱い風になった。,,1/2,,,未参照/直接呼出要確認,story.js:4771,,
1645,第10段階以降 深淵,深淵・追加ストーリー,,ABYSS_FLOOR_040_CLEAR,エリーゼ,"弱い息でも、火を消すためだけにあるんじゃない。
……帰り道を教える風に、いつか戻れますように。",106,2/2,,,未参照/直接呼出要確認,story.js:4771,,
1646,第10段階以降 深淵,深淵・追加ストーリー,,ABYSS_FLOOR_050_SYRIS,システム,"息が白く落ちる。床で凍ったその息は、
踏み出すたびに、薄い悲鳴のような音を立てた。",,1/9,,,未参照/直接呼出要確認,story.js:4775,,
1647,第10段階以降 深淵,深淵・追加ストーリー,,ABYSS_FLOOR_050_SYRIS,氷楔のシーリス,"水は始まり。水は終わり。
万物は水から立ち上がり、最後には水底へ還る。",,2/9,,,未参照/直接呼出要確認,story.js:4775,,
1648,第10段階以降 深淵,深淵・追加ストーリー,,ABYSS_FLOOR_050_SYRIS,氷楔のシーリス,"失敗した世界なら、沈めればいい。
底で静かに冷やし、濁りを沈ませ、また生み直せばいい。",,3/9,,,未参照/直接呼出要確認,story.js:4775,,
1649,第10段階以降 深淵,深淵・追加ストーリー,,ABYSS_FLOOR_050_SYRIS,ケイト,"……違います。水だけでは、命は育ちません。
凍った水底にあるのは、眠りであって未来じゃない。",104,4/9,,,未参照/直接呼出要確認,story.js:4775,,
1650,第10段階以降 深淵,深淵・追加ストーリー,,ABYSS_FLOOR_050_SYRIS,氷楔のシーリス,"震えているわ。その手で、何を読み解くの？
机の上で水を測る子に、沈む世界が止められるのかしら。",,5/9,,,未参照/直接呼出要確認,story.js:4775,,
1651,第10段階以降 深淵,深淵・追加ストーリー,,ABYSS_FLOOR_050_SYRIS,ケイト,"怖くないと言えば嘘になります。
でも、水だけの静けさより、火のある台所の方が僕は好きです。",104,6/9,,,未参照/直接呼出要確認,story.js:4775,,
1652,第10段階以降 深淵,深淵・追加ストーリー,,ABYSS_FLOOR_050_SYRIS,ケイト,"風が窓を鳴らして、雷で目が覚めて、
闇に休んで、光で朝を知る。命は、そうやって巡るんです。",104,7/9,,,未参照/直接呼出要確認,story.js:4775,,
1653,第10段階以降 深淵,深淵・追加ストーリー,,ABYSS_FLOOR_050_SYRIS,ケイト,"水だけで作る世界は、癒しではありません。
それは、誰の声も届かない冷たい混沌です。",104,8/9,,,未参照/直接呼出要確認,story.js:4775,,
1654,第10段階以降 深淵,深淵・追加ストーリー,,ABYSS_FLOOR_050_SYRIS,氷楔のシーリス,"ならば示しなさい。
あなたの震える手が、私の氷より深く命へ届くのだと。",,9/9,,,未参照/直接呼出要確認,story.js:4775,,
1655,第10段階以降 深淵,深淵・追加ストーリー,,ABYSS_FLOOR_050_CLEAR,システム,"凍った息が溶け、床に細い水筋を作った。
その水は、深淵の奥へは流れず、足元で静かに澄んだ。",,1/2,,,未参照/直接呼出要確認,story.js:4786,,
1656,第10段階以降 深淵,深淵・追加ストーリー,,ABYSS_FLOOR_050_CLEAR,ケイト,"水は、全部を沈めるためのものじゃない。
手を洗って、喉を潤して、明日へ渡すためのものです。",104,2/2,,,未参照/直接呼出要確認,story.js:4786,,
1657,第10段階以降 深淵,深淵・追加ストーリー,,ABYSS_FLOOR_060_GRAD,システム,"床の亀裂から火が噴いた。
石畳が赤く溶け、逃げ道が一つずつ炎に塗り潰される。",,1/8,,,未参照/直接呼出要確認,story.js:4790,,
1658,第10段階以降 深淵,深淵・追加ストーリー,,ABYSS_FLOOR_060_GRAD,炎楔のグラド,"火山の時とは違うぞ、小僧ども。
ここでは炎が、世界の骨まで食う。光も闇も、混沌すら灰だ。",,2/8,,,未参照/直接呼出要確認,story.js:4790,,
1659,第10段階以降 深淵,深淵・追加ストーリー,,ABYSS_FLOOR_060_GRAD,炎楔のグラド,"炎こそ最強だ。生み、壊し、灰まで支配する。
鍋の下で眠るだけの火に、本質などない。",,3/8,,,未参照/直接呼出要確認,story.js:4790,,
1660,第10段階以降 深淵,深淵・追加ストーリー,,ABYSS_FLOOR_060_GRAD,サラ,"違います。鍋の下の火が、どれだけ人を生かしてきたか。
凍えた手も、濡れた服も、帰りを待つ灯りも、火が守ってきました。",110,4/8,,,未参照/直接呼出要確認,story.js:4790,,
1661,第10段階以降 深淵,深淵・追加ストーリー,,ABYSS_FLOOR_060_GRAD,炎楔のグラド,"守る火だと？　甘い匂いがするな、小娘。
その甘さごと焦がしてやろう。",,5/8,,,未参照/直接呼出要確認,story.js:4790,,
1662,第10段階以降 深淵,深淵・追加ストーリー,,ABYSS_FLOOR_060_GRAD,ガイル,"火は支配するもんじゃねえ。
胸に宿して、信念を燃やして、誰かを守り抜くもんだ。",109,6/8,,,未参照/直接呼出要確認,story.js:4790,,
1663,第10段階以降 深淵,深淵・追加ストーリー,,ABYSS_FLOOR_060_GRAD,ガイル,"俺の炎は、俺のためじゃない。
大事な奴を焼かせないために、何度でも燃やす灯だ！",109,7/8,,,未参照/直接呼出要確認,story.js:4790,,
1664,第10段階以降 深淵,深淵・追加ストーリー,,ABYSS_FLOOR_060_GRAD,炎楔のグラド,"ならば証明してみせろ。
俺の豪火より、貴様らのちっぽけな灯こそが炎の神髄であるのだと！",,8/8,,,未参照/直接呼出要確認,story.js:4790,,
1665,第10段階以降 深淵,深淵・追加ストーリー,,ABYSS_FLOOR_060_CLEAR,システム,"炎は消えなかった。
ただ、焼き尽くす赤から、手をかざせる橙へと色を戻した。",,1/3,,,未参照/直接呼出要確認,story.js:4800,,
1666,第10段階以降 深淵,深淵・追加ストーリー,,ABYSS_FLOOR_060_CLEAR,サラ,"火は怖いです。でも、怖いからこそ、丁寧に扱うんです。
誰かの夕食を焦がさないように。",110,2/3,,,未参照/直接呼出要確認,story.js:4800,,
1667,第10段階以降 深淵,深淵・追加ストーリー,,ABYSS_FLOOR_060_CLEAR,ガイル,"ああ。豪火より先に、守る灯を絶やさねえ。
それが俺たちの炎だ。",109,3/3,,,未参照/直接呼出要確認,story.js:4800,,
1668,第10段階以降 深淵,深淵・追加ストーリー,,ABYSS_FLOOR_070_VELD,システム,"白い鎧が黒く脈打っている。
混沌の騎士は、祈る者の列を見下ろすように剣を構えた。",,1/11,,,未参照/直接呼出要確認,story.js:4805,,
1669,第10段階以降 深淵,深淵・追加ストーリー,,ABYSS_FLOOR_070_VELD,混沌の騎士ヴェルド,"遅い。あまりに遅い。
救いを名乗る足音は、いつも血の跡を踏んでから届く。",,2/11,,,未参照/直接呼出要確認,story.js:4805,,
1670,第10段階以降 深淵,深淵・追加ストーリー,,ABYSS_FLOOR_070_VELD,レイラ,"ヴェルド様……。
その声で、そんなことを言わないでください。",204,3/11,,,未参照/直接呼出要確認,story.js:4805,,
1671,第10段階以降 深淵,深淵・追加ストーリー,,ABYSS_FLOOR_070_VELD,混沌の騎士ヴェルド,"城門を閉じろ。外の泣き声は、壁の厚みで消える。
救いとは、残す命と捧げる命を選ぶことだ。",,4/11,,,未参照/直接呼出要確認,story.js:4805,,
1672,第10段階以降 深淵,深淵・追加ストーリー,,ABYSS_FLOOR_070_VELD,レイラ,"それは、あなたの言葉ではありません。
あなたは、門の外で泣く子にこそ毛布を掛ける人でした。",204,5/11,,,未参照/直接呼出要確認,story.js:4805,,
1673,第10段階以降 深淵,深淵・追加ストーリー,,ABYSS_FLOOR_070_VELD,混沌の騎士ヴェルド,"黙れ。名を呼ぶな。
光に選ばれた者も、光に縋る者も、等しく膝をつかせてやる。",,6/11,,,未参照/直接呼出要確認,story.js:4805,,
1674,第10段階以降 深淵,深淵・追加ストーリー,,ABYSS_FLOOR_070_VELD,システム,"振り上げた剣の下で、首元のペンダントがかすかに揺れた。
黒い鎧の中で、その小さな光だけが消えていない。",,7/11,,,未参照/直接呼出要確認,story.js:4805,,
1675,第10段階以降 深淵,深淵・追加ストーリー,,ABYSS_FLOOR_070_VELD,レイラ,"……まだ、持っていてくれた。
深淵が捨て忘れたのでもいい。そこに、呼びかけます。",204,8/11,,,未参照/直接呼出要確認,story.js:4805,,
1676,第10段階以降 深淵,深淵・追加ストーリー,,ABYSS_FLOOR_070_VELD,レイラ,"聖騎士として、あなたの非道を止める。
娘として、その胸に残った灯を、最後まで信じる。",204,9/11,,,未参照/直接呼出要確認,story.js:4805,,
1677,第10段階以降 深淵,深淵・追加ストーリー,,ABYSS_FLOOR_070_VELD,混沌の騎士ヴェルド,"灯など、踏めば消える。
来い。希望ごと斬り伏せ、泣き声を深淵の底へ落としてやる。",,10/11,,,未参照/直接呼出要確認,story.js:4805,,
1678,第10段階以降 深淵,深淵・追加ストーリー,,ABYSS_FLOOR_070_VELD,レイラ,"目を覚ませ、バカ親父。
今度は私が、あなたの頬を叩く番です。",204,11/11,,,未参照/直接呼出要確認,story.js:4805,,
1679,第10段階以降 深淵,深淵・追加ストーリー,,ABYSS_FLOOR_070_VELD_CLEAR,システム,"黒い脈動が鎧から抜け落ちた。
ヴェルドの剣が床を打ち、レイラは自分の剣を放り捨てて駆け寄った。",,1/13,,,未参照/直接呼出要確認,story.js:4818,,
1680,第10段階以降 深淵,深淵・追加ストーリー,,ABYSS_FLOOR_070_VELD_CLEAR,レイラ,父さん……！,204,2/13,,,未参照/直接呼出要確認,story.js:4818,,
1681,第10段階以降 深淵,深淵・追加ストーリー,,ABYSS_FLOOR_070_VELD_CLEAR,混沌の騎士ヴェルド,"泣き虫は……変わらんな、レイラ。
昔もそうだ。転んでは、私の袖を濡らした。",,3/13,,,未参照/直接呼出要確認,story.js:4818,,
1682,第10段階以降 深淵,深淵・追加ストーリー,,ABYSS_FLOOR_070_VELD_CLEAR,システム,"ヴェルドは震える手を伸ばし、
子どもをあやすように、レイラの涙を親指でぬぐった。",,4/13,,,未参照/直接呼出要確認,story.js:4818,,
1683,第10段階以降 深淵,深淵・追加ストーリー,,ABYSS_FLOOR_070_VELD_CLEAR,混沌の騎士ヴェルド,"すまん、レイラ。怖かったろう。
守れと教えた手で、お前の世界を傷つけた。",,5/13,,,未参照/直接呼出要確認,story.js:4818,,
1684,第10段階以降 深淵,深淵・追加ストーリー,,ABYSS_FLOOR_070_VELD_CLEAR,レイラ,"……うん。怖かった。
でも、今はここにいる。父さんが、ここにいる。",204,6/13,,,未参照/直接呼出要確認,story.js:4818,,
1685,第10段階以降 深淵,深淵・追加ストーリー,,ABYSS_FLOOR_070_VELD_CLEAR,混沌の騎士ヴェルド,"ああ……最後に、お前の声を聞けた。
泣くなとは言わん。涙のあとで、顔を上げろ。",,7/13,,,未参照/直接呼出要確認,story.js:4818,,
1686,第10段階以降 深淵,深淵・追加ストーリー,,ABYSS_FLOOR_070_VELD_CLEAR,レイラ,……はい。,204,8/13,,,未参照/直接呼出要確認,story.js:4818,,
1687,第10段階以降 深淵,深淵・追加ストーリー,,ABYSS_FLOOR_070_VELD_CLEAR,システム,"ヴェルドの瞳に、かすかな光が戻る。
彼はレイラの向こうに立つ者たちを、静かに見つめた。",,9/13,,,未参照/直接呼出要確認,story.js:4818,,
1688,第10段階以降 深淵,深淵・追加ストーリー,,ABYSS_FLOOR_070_VELD_CLEAR,混沌の騎士ヴェルド,……世界を、守ってくれ。,,10/13,,,未参照/直接呼出要確認,story.js:4818,,
1689,第10段階以降 深淵,深淵・追加ストーリー,,ABYSS_FLOOR_070_VELD_CLEAR,混沌の騎士ヴェルド,救世主たち。,,11/13,,,未参照/直接呼出要確認,story.js:4818,,
1690,第10段階以降 深淵,深淵・追加ストーリー,,ABYSS_FLOOR_070_VELD_CLEAR,システム,"ヴェルドはレイラの膝の中で、静かに息を吐いた。
床には輝く剣が、レイラの腕には古いペンダントが残された。",,12/13,,,未参照/直接呼出要確認,story.js:4818,,
1691,第10段階以降 深淵,深淵・追加ストーリー,,ABYSS_FLOOR_070_VELD_CLEAR,レイラ,"……行きます。
泣き止むのは、深淵を断ってからです。",204,13/13,,,未参照/直接呼出要確認,story.js:4818,,
1692,第10段階以降 深淵,深淵・追加ストーリー,,ABYSS_FLOOR_080_LILITH,常闇のリリス,"ここまで来たのね。
観察対象としては、予想を少しだけ上回ったわ。",,1/9,,,未参照/直接呼出要確認,story.js:4833,,
1693,第10段階以降 深淵,深淵・追加ストーリー,,ABYSS_FLOOR_080_LILITH,シャオ,"観察……？
お前、ジャスパーに手を貸していた魔族か。何を見て笑ってた。",105,2/9,,,未参照/直接呼出要確認,story.js:4833,,
1694,第10段階以降 深淵,深淵・追加ストーリー,,ABYSS_FLOOR_080_LILITH,常闇のリリス,"人と魔族がプリズムを巡って疑い、憎み、正義を名乗る。
火種は少しでいいの。あとは勝手に燃えるわ。",,3/9,,,未参照/直接呼出要確認,story.js:4833,,
1695,第10段階以降 深淵,深淵・追加ストーリー,,ABYSS_FLOOR_080_LILITH,常闇のリリス,"あの神官は、最後まで光を抱いているつもりだった。
眩しすぎて、自分の足元を見なかっただけ。",,4/9,,,未参照/直接呼出要確認,story.js:4833,,
1696,第10段階以降 深淵,深淵・追加ストーリー,,ABYSS_FLOOR_080_LILITH,レイラ,"……その言い方を、やめなさい。
人の誇りを、壊れ方で数えるな。",204,5/9,,,未参照/直接呼出要確認,story.js:4833,,
1697,第10段階以降 深淵,深淵・追加ストーリー,,ABYSS_FLOOR_080_LILITH,常闇のリリス,"高潔な者ほど、よく響くのよ。
信じたものが軋む音は、深淵まで届く。",,6/9,,,未参照/直接呼出要確認,story.js:4833,,
1698,第10段階以降 深淵,深淵・追加ストーリー,,ABYSS_FLOOR_080_LILITH,シャニー,"聞かなくていい。
この女は、痛みの名前を覚える気がない。",306,7/9,,,未参照/直接呼出要確認,story.js:4833,,
1699,第10段階以降 深淵,深淵・追加ストーリー,,ABYSS_FLOOR_080_LILITH,ジョセフ,"同感だ。
盾で口を塞ぐ趣味はねえが、今日だけは迷いそうだな。",101,8/9,,,未参照/直接呼出要確認,story.js:4833,,
1700,第10段階以降 深淵,深淵・追加ストーリー,,ABYSS_FLOOR_080_LILITH,常闇のリリス,"怒りなさい。悲しみなさい。
その色も、その熱も、深淵は余さず喜ぶわ。",,9/9,,,未参照/直接呼出要確認,story.js:4833,,
1701,第10段階以降 深淵,深淵・追加ストーリー,,ABYSS_FLOOR_080_CLEAR,システム,"リリスの影が床へほどけた。
笑い声だけが残り、すぐに深淵の奥へ吸われて消えた。",,1/3,,,未参照/直接呼出要確認,story.js:4844,,
1702,第10段階以降 深淵,深淵・追加ストーリー,,ABYSS_FLOOR_080_CLEAR,シャオ,"掌の上で踊らされてたって言われて、腹が立たないわけない。
でも、怒りの向きだけは、もう間違えない。",105,2/3,,,未参照/直接呼出要確認,story.js:4844,,
1703,第10段階以降 深淵,深淵・追加ストーリー,,ABYSS_FLOOR_080_CLEAR,シャニー,"うん。痛みを笑う相手に、痛みを渡さない。
私たちは、私たちのまま奥へ行こう。",306,3/3,,,未参照/直接呼出要確認,story.js:4844,,
1704,第10段階以降 深淵,深淵・追加ストーリー,,ABYSS_FLOOR_090_JASPER,システム,"白い祭壇が、黒い光を吐いている。
眩しいのに冷たい。祈りの場というより、裁きの台に近かった。",,1/14,,,未参照/直接呼出要確認,story.js:4849,,
1705,第10段階以降 深淵,深淵・追加ストーリー,,ABYSS_FLOOR_090_JASPER,暗黒神官ジャスパー,"来おったか、迷える子らよ。
膝をつけ。今なら、灰にするだけで済ませてやる。",,2/14,,,未参照/直接呼出要確認,story.js:4849,,
1706,第10段階以降 深淵,深淵・追加ストーリー,,ABYSS_FLOOR_090_JASPER,シャニー,"その光、冷たい。
闇のせいにしないで。あなたが選んだ冷たさだ。",306,3/14,,,未参照/直接呼出要確認,story.js:4849,,
1707,第10段階以降 深淵,深淵・追加ストーリー,,ABYSS_FLOOR_090_JASPER,暗黒神官ジャスパー,"闇の娘が、光を量るか。
光とは暴くもの。迷いを剥ぎ、弱さを照らし、影を消すものよ。",,4/14,,,未参照/直接呼出要確認,story.js:4849,,
1708,第10段階以降 深淵,深淵・追加ストーリー,,ABYSS_FLOOR_090_JASPER,レイラ,"違います。光は、目を焼くためにあるのではありません。
迷う人が、自分の足で帰る道を見つけるためにあります。",204,5/14,,,未参照/直接呼出要確認,story.js:4849,,
1709,第10段階以降 深淵,深淵・追加ストーリー,,ABYSS_FLOOR_090_JASPER,暗黒神官ジャスパー,"帰る道を選ばせるから、民は過つのだ。
パンの配り方すら誤る者どもに、国も未来も選ばせるな。",,6/14,,,未参照/直接呼出要確認,story.js:4849,,
1710,第10段階以降 深淵,深淵・追加ストーリー,,ABYSS_FLOOR_090_JASPER,サラ,"祈りは、数をそろえるためのものではありません。
名前を呼んで、手を伸ばすためのものです。",110,7/14,,,未参照/直接呼出要確認,story.js:4849,,
1711,第10段階以降 深淵,深淵・追加ストーリー,,ABYSS_FLOOR_090_JASPER,暗黒神官ジャスパー,"名を呼ぶから手が鈍る。
顔を見るから、要らぬ涙で式が濁る。",,8/14,,,未参照/直接呼出要確認,story.js:4849,,
1712,第10段階以降 深淵,深淵・追加ストーリー,,ABYSS_FLOOR_090_JASPER,ケイト,"だから楔を、騎士を、人を……材料にしたんですか。
救う相手の顔を見ない救済なんて、救済じゃありません。",104,9/14,,,未参照/直接呼出要確認,story.js:4849,,
1713,第10段階以降 深淵,深淵・追加ストーリー,,ABYSS_FLOOR_090_JASPER,暗黒神官ジャスパー,"顔など要らぬ。数を正し、穢れを分け、残すべき命を残す。
儂が照らし、儂が選び、儂が世界を正す。",,10/14,,,未参照/直接呼出要確認,story.js:4849,,
1714,第10段階以降 深淵,深淵・追加ストーリー,,ABYSS_FLOOR_090_JASPER,ジョセフ,"その光じゃ、盾の裏まで届かねえ。
人が隠してる震えを焼いて、立てなくしてるだけだ。",101,11/14,,,未参照/直接呼出要確認,story.js:4849,,
1715,第10段階以降 深淵,深淵・追加ストーリー,,ABYSS_FLOOR_090_JASPER,暗黒神官ジャスパー,"黙れ。名を与えれば従う。
光も混沌も、式の下で膝をつく。",,12/14,,,未参照/直接呼出要確認,story.js:4849,,
1716,第10段階以降 深淵,深淵・追加ストーリー,,ABYSS_FLOOR_090_JASPER,レイラ,"あなたの光は、人を照らしていない。
跪いた影を見て、自分が高い場所にいると思い込んでいるだけです。",204,13/14,,,未参照/直接呼出要確認,story.js:4849,,
1717,第10段階以降 深淵,深淵・追加ストーリー,,ABYSS_FLOOR_090_JASPER,暗黒神官ジャスパー,"ならば焼かれて知るがよい。
愚者の自由より、選ばれた一条の光こそが世界を救うのだ！",,14/14,,,未参照/直接呼出要確認,story.js:4849,,
1718,第10段階以降 深淵,深淵・追加ストーリー,,ABYSS_FLOOR_090_JASPER_CLEAR,暗黒神官ジャスパー,"王よ、力を。儂はまだ導ける！
式は残っている。民はまだ、儂の光を知らぬ！",,1/5,,,未参照/直接呼出要確認,story.js:4865,,
1719,第10段階以降 深淵,深淵・追加ストーリー,,ABYSS_FLOOR_090_JASPER_CLEAR,システム,"黒い腕が、ジャスパーの影を掴んだ。
影だけが先に怯え、体はそれに遅れて震え始めた。",,2/5,,,未参照/直接呼出要確認,story.js:4865,,
1720,第10段階以降 深淵,深淵・追加ストーリー,,ABYSS_FLOOR_090_JASPER_CLEAR,暗黒神官ジャスパー,"違う。儂は器ではない。
儂は選ばれた者だ。照らす側だ。王よ、儂の成果を、儂の……。",,3/5,,,未参照/直接呼出要確認,story.js:4865,,
1721,第10段階以降 深淵,深淵・追加ストーリー,,ABYSS_FLOOR_090_JASPER_CLEAR,システム,"最後の声は、祈りにも悲鳴にもならなかった。
研究成果も名も奪われ、選ばれたと信じた男だけが無残に消えた。",,4/5,,,未参照/直接呼出要確認,story.js:4865,,
1722,第10段階以降 深淵,深淵・追加ストーリー,,ABYSS_FLOOR_090_JASPER_CLEAR,シャニー,"……選ばれたんじゃない。
自分から、差し出しただけ。",306,5/5,,,未参照/直接呼出要確認,story.js:4865,,
1723,第10段階以降 深淵,深淵・追加ストーリー,,ABYSS_FLOOR_100_PHASE1,システム,"六つの光が床に縫い付けられている。
雷、風、水、火、光、そして闇。世界の呼吸が、ここで止められていた。",,1/8,,,未参照/直接呼出要確認,story.js:4872,,
1724,第10段階以降 深淵,深淵・追加ストーリー,,ABYSS_FLOOR_100_PHASE1,深淵王アゼルガラグ,"調和は古い檻だ。
六つの理は、王国の儀によって割れた。裂け目は広がり、我を形にした。",,2/8,,,未参照/直接呼出要確認,story.js:4872,,
1725,第10段階以降 深淵,深淵・追加ストーリー,,ABYSS_FLOOR_100_PHASE1,シャニー,"闇の光が、まだ残ってる。
……渡さなかったものまで、ここで縛る気なんだ。",306,3/8,,,未参照/直接呼出要確認,story.js:4872,,
1726,第10段階以降 深淵,深淵・追加ストーリー,,ABYSS_FLOOR_100_PHASE1,深淵王アゼルガラグ,"残ったからこそ欲しい。
沈まぬ石ほど、深い底へ落とした時によく鳴る。",,4/8,,,未参照/直接呼出要確認,story.js:4872,,
1727,第10段階以降 深淵,深淵・追加ストーリー,,ABYSS_FLOOR_100_PHASE1,ジョセフ,"人の悔いまで玉座の飾りにするな。
レナードの剣は、お前の号令で振らせるもんじゃねえ。",101,5/8,,,未参照/直接呼出要確認,story.js:4872,,
1728,第10段階以降 深淵,深淵・追加ストーリー,,ABYSS_FLOOR_100_PHASE1,深淵王アゼルガラグ,"悔いも誇りも、抱えきれぬ心が裂け目を広げる。
我は落ちたものを、ただ王冠へ編むだけだ。",,6/8,,,未参照/直接呼出要確認,story.js:4872,,
1729,第10段階以降 深淵,深淵・追加ストーリー,,ABYSS_FLOOR_100_PHASE1,シャオ,"だったら、その王冠ごと砕く。
火の里の炉も、姉さんの拳も、お前の飾りじゃない。",105,7/8,,,未参照/直接呼出要確認,story.js:4872,,
1730,第10段階以降 深淵,深淵・追加ストーリー,,ABYSS_FLOOR_100_PHASE1,深淵王アゼルガラグ,"よかろう。見せよう。
深淵化した理の成れの果てを。お前たちが救ったと思った楔の残響を。",,8/8,,,未参照/直接呼出要確認,story.js:4872,,
1731,第10段階以降 深淵,深淵・追加ストーリー,,ABYSS_FLOOR_100_PHASE2,システム,"黒い雷、黒い風、黒い氷、黒い炎。
四つの影が同時に崩れ、縛られていた光の破片がほどけていく。",,1/7,,,未参照/直接呼出要確認,story.js:4882,,
1732,第10段階以降 深淵,深淵・追加ストーリー,,ABYSS_FLOOR_100_PHASE2,深淵王アゼルガラグ,"破片を解いたか。
ならば傷口そのもので砕こう。理の外側から、世界の名を一つずつ削り取ってやる。",,2/7,,,未参照/直接呼出要確認,story.js:4882,,
1733,第10段階以降 深淵,深淵・追加ストーリー,,ABYSS_FLOOR_100_PHASE2,リュシオン,"勇者よ。ここから先は、祈りだけでは届きません。
けれど祈りを捨ててはなりません。刃に宿すのです。",,3/7,,,未参照/直接呼出要確認,story.js:4882,,
1734,第10段階以降 深淵,深淵・追加ストーリー,,ABYSS_FLOOR_100_PHASE2,エリーゼ,"風が、逃げろって言ってません。
背中を押してくれてます。……まだ、前へ行けます。",106,4/7,,,未参照/直接呼出要確認,story.js:4882,,
1735,第10段階以降 深淵,深淵・追加ストーリー,,ABYSS_FLOOR_100_PHASE2,ケイト,"息は整えます。傷も塞ぎます。
だから、もう少しだけ立ってください。私も立ちます。",104,5/7,,,未参照/直接呼出要確認,story.js:4882,,
1736,第10段階以降 深淵,深淵・追加ストーリー,,ABYSS_FLOOR_100_PHASE2,ガイル,"祈りも怒りも、置いてく必要なんかねえ。
全部持って立つんだ。ここで終わらせるぞ！",109,6/7,,,未参照/直接呼出要確認,story.js:4882,,
1737,第10段階以降 深淵,深淵・追加ストーリー,,ABYSS_FLOOR_100_PHASE2,レイラ,"はい。
選んで捨てる光ではなく、共に進む光で、この闇を越えます。",204,7/7,,,未参照/直接呼出要確認,story.js:4882,,
1738,第10段階以降 深淵,深淵・追加ストーリー,,ABYSS_FLOOR_100_CLEAR,システム,"六つの光が鎖を失った。
暴れていた残滓は静まり、闇の光が初めて他の属性と肩を並べた。",,1/7,,,未参照/直接呼出要確認,story.js:4891,,
1739,第10段階以降 深淵,深淵・追加ストーリー,,ABYSS_FLOOR_100_CLEAR,深淵王アゼルガラグ,"我は王ではない。
傷が見た、王の夢だ。混沌の底は、まだ我より深い……。",,2/7,,,未参照/直接呼出要確認,story.js:4891,,
1740,第10段階以降 深淵,深淵・追加ストーリー,,ABYSS_FLOOR_100_CLEAR,システム,"地上へ漏れていた深淵化が、遠くで静かに鎮まっていく。
世界は一度、大きく息を吹き返した。",,3/7,,,未参照/直接呼出要確認,story.js:4891,,
1741,第10段階以降 深淵,深淵・追加ストーリー,,ABYSS_FLOOR_100_CLEAR,リュシオン,"封印が解けました。
けれど今は、深淵の底を覗き込む時ではありません。",,4/7,,,未参照/直接呼出要確認,story.js:4891,,
1742,第10段階以降 深淵,深淵・追加ストーリー,,ABYSS_FLOOR_100_CLEAR,リュシオン,"戻りなさい。
あなたたちが守った地上の風を、もう一度吸うのです。",,5/7,,,未参照/直接呼出要確認,story.js:4891,,
1743,第10段階以降 深淵,深淵・追加ストーリー,,ABYSS_FLOOR_100_CLEAR,ジョセフ,"……そうだな。
勝ったって顔で帰ろうぜ。一度くらい、胸を張ってよ。",101,6/7,,,未参照/直接呼出要確認,story.js:4891,,
1744,第10段階以降 深淵,深淵・追加ストーリー,,ABYSS_FLOOR_100_CLEAR,シャニー,"道は、消えてない。
でも、今は戻れる。……戻ろう。",306,7/7,,,未参照/直接呼出要確認,story.js:4891,,
1745,第10段階以降 深淵,深淵・追加ストーリー,,ABYSS_SPIRIT_FINAL_BLESSING,システム,認められた精霊のプリズムが呼応し、幾重もの光が一行を包んだ。,,1/2,,,未参照/直接呼出要確認,story.js:,,
1746,第10段階以降 深淵,深淵・追加ストーリー,,ABYSS_SPIRIT_FINAL_BLESSING,シャニー,"精霊たちが、この戦いだけ力を重ねてくれている。
五つの属性を恐れず、魂の結び目を断とう。",306,2/2,,,未参照/直接呼出要確認,story.js:,,
1747,第10段階以降 深淵,深淵・追加ストーリー,,ABYSS_VEGNASIS_FALL_1,黒雷のレナード,"……盾よ。雷は、もう私を縛らぬ。
残る者を頼む。",,1/1,,,未参照/直接呼出要確認,story.js:,,
1748,第10段階以降 深淵,深淵・追加ストーリー,,ABYSS_VEGNASIS_FALL_1_ABSORB,黒雷のレナード,"……盾よ。雷は、もう私を縛らぬ。
残る者を頼む。",,1/2,,,未参照/直接呼出要確認,story.js:,,
1749,第10段階以降 深淵,深淵・追加ストーリー,,ABYSS_VEGNASIS_FALL_1_ABSORB,システム,黒雷の力が ヴェグナシス本体に取り込まれた……！,,2/2,,,未参照/直接呼出要確認,story.js:,,
1750,第10段階以降 深淵,深淵・追加ストーリー,,ABYSS_VEGNASIS_FALL_2,死風のエリシア,"風が……家々の灯りへ帰っていく。
押し流すだけの風では、なかった。",,1/1,,,未参照/直接呼出要確認,story.js:,,
1751,第10段階以降 深淵,深淵・追加ストーリー,,ABYSS_VEGNASIS_FALL_2_ABSORB,死風のエリシア,"風が……家々の灯りへ帰っていく。
押し流すだけの風では、なかった。",,1/2,,,未参照/直接呼出要確認,story.js:,,
1752,第10段階以降 深淵,深淵・追加ストーリー,,ABYSS_VEGNASIS_FALL_2_ABSORB,システム,死風の力が ヴェグナシス本体に取り込まれた……！,,2/2,,,未参照/直接呼出要確認,story.js:,,
1753,第10段階以降 深淵,深淵・追加ストーリー,,ABYSS_VEGNASIS_FALL_3,極零のシーリス,"水底にも……朝は届くのね。
凍らせた声を、連れていって。",,1/1,,,未参照/直接呼出要確認,story.js:,,
1754,第10段階以降 深淵,深淵・追加ストーリー,,ABYSS_VEGNASIS_FALL_3_ABSORB,極零のシーリス,"水底にも……朝は届くのね。
凍らせた声を、連れていって。",,1/2,,,未参照/直接呼出要確認,story.js:,,
1755,第10段階以降 深淵,深淵・追加ストーリー,,ABYSS_VEGNASIS_FALL_3_ABSORB,システム,極零の力が ヴェグナシス本体に取り込まれた……！,,2/2,,,未参照/直接呼出要確認,story.js:,,
1756,第10段階以降 深淵,深淵・追加ストーリー,,ABYSS_VEGNASIS_FALL_4,焦熱のグラド,"小さな灯か……。
灰より先に、守り抜いてみせろ。",,1/1,,,未参照/直接呼出要確認,story.js:,,
1757,第10段階以降 深淵,深淵・追加ストーリー,,ABYSS_VEGNASIS_FALL_4_ABSORB,焦熱のグラド,"小さな灯か……。
灰より先に、守り抜いてみせろ。",,1/2,,,未参照/直接呼出要確認,story.js:,,
1758,第10段階以降 深淵,深淵・追加ストーリー,,ABYSS_VEGNASIS_FALL_4_ABSORB,システム,焦熱の力が ヴェグナシス本体に取り込まれた……！,,2/2,,,未参照/直接呼出要確認,story.js:,,
1759,第10段階以降 深淵,深淵・追加ストーリー,,ABYSS_VEGNASIS_FALL_5,昏迷の黒騎士ヴェルド,"レイラ……顔を上げろ。
最後の門は、お前たちの手で開け。",,1/1,,,未参照/直接呼出要確認,story.js:,,
1760,第10段階以降 深淵,深淵・追加ストーリー,,ABYSS_VEGNASIS_FALL_5_ABSORB,昏迷の黒騎士ヴェルド,"レイラ……顔を上げろ。
最後の門は、お前たちの手で開け。",,1/2,,,未参照/直接呼出要確認,story.js:,,
1761,第10段階以降 深淵,深淵・追加ストーリー,,ABYSS_VEGNASIS_FALL_5_ABSORB,システム,昏迷の闇の力が ヴェグナシス本体に取り込まれた……！,,2/2,,,未参照/直接呼出要確認,story.js:,,
1762,第10段階以降 深淵,深淵・追加ストーリー,,ABYSS_VEGNASIS_LAST_STAND_1,黒雷のレナード,"ジョセフ……まだ剣を振れるなら、私を止めろ。
この雷で、もう誰の盾も焼かせるな。",,1/2,,,未参照/直接呼出要確認,story.js:,,
1763,第10段階以降 深淵,深淵・追加ストーリー,,ABYSS_VEGNASIS_LAST_STAND_1,システム,"四柱の力が黒雷へ重なった。
雷柱の傷が塞がり、三つの雷鳴が同時に走る。",,2/2,,,未参照/直接呼出要確認,story.js:,,
1764,第10段階以降 深淵,深淵・追加ストーリー,,ABYSS_VEGNASIS_LAST_STAND_2,死風のエリシア,"お願い……この風を止めて。
家々の灯りを、もう一つも消したくない。",,1/2,,,未参照/直接呼出要確認,story.js:,,
1765,第10段階以降 深淵,深淵・追加ストーリー,,ABYSS_VEGNASIS_LAST_STAND_2,システム,"四柱の力が死風へ重なった。
風柱の傷が塞がり、三つの風音が祭壇を裂く。",,2/2,,,未参照/直接呼出要確認,story.js:,,
1766,第10段階以降 深淵,深淵・追加ストーリー,,ABYSS_VEGNASIS_LAST_STAND_3,極零のシーリス,"止めて……。この冷たさで、もう誰の声も凍らせたくないの。
朝が来る前に、私を眠らせて。",,1/2,,,未参照/直接呼出要確認,story.js:,,
1767,第10段階以降 深淵,深淵・追加ストーリー,,ABYSS_VEGNASIS_LAST_STAND_3,システム,"四柱の力が極零へ重なった。
水柱の傷が塞がり、三つの冷気が脈打ち始める。",,2/2,,,未参照/直接呼出要確認,story.js:,,
1768,第10段階以降 深淵,深淵・追加ストーリー,,ABYSS_VEGNASIS_LAST_STAND_4,焦熱のグラド,"来い。俺ごと、この火を止めろ。
守るべき灯まで灰にする前に。",,1/2,,,未参照/直接呼出要確認,story.js:,,
1769,第10段階以降 深淵,深淵・追加ストーリー,,ABYSS_VEGNASIS_LAST_STAND_4,システム,"四柱の力が焦熱へ重なった。
火柱の傷が塞がり、三つの炎が一度に燃え上がる。",,2/2,,,未参照/直接呼出要確認,story.js:,,
1770,第10段階以降 深淵,深淵・追加ストーリー,,ABYSS_VEGNASIS_LAST_STAND_5,昏迷の黒騎士ヴェルド,"レイラ……止めてくれ。
この剣で、もうお前を泣かせたくはない。",,1/2,,,未参照/直接呼出要確認,story.js:,,
1771,第10段階以降 深淵,深淵・追加ストーリー,,ABYSS_VEGNASIS_LAST_STAND_5,システム,"四柱の力が昏迷の闇へ重なった。
闇柱の傷が塞がり、三つの剣気が静かに立ち上がる。",,2/2,,,未参照/直接呼出要確認,story.js:,,
1772,第10段階以降 深淵,深淵・追加ストーリー,,ABYSS_AZELGARAG_TRANSFORM,システム,"深淵王の肉体が崩れた。
しかし黒い亀裂は閉じず、砕けた力を吸い上げて新たな姿を形作ろうとしている。",,1/4,,,未参照/直接呼出要確認,story.js:,,
1773,第10段階以降 深淵,深淵・追加ストーリー,,ABYSS_AZELGARAG_TRANSFORM,光の神,"終わりを選ぶには、まだ早い。
異なる光を携えた者たちよ、いま一度立ちなさい。",,2/4,,,未参照/直接呼出要確認,story.js:,,
1774,第10段階以降 深淵,深淵・追加ストーリー,,ABYSS_AZELGARAG_TRANSFORM,システム,"柔らかな光が一行を包んだ。
HPとMPが全回復し、全能力が高まった。",,3/4,,,未参照/直接呼出要確認,story.js:,,
1775,第10段階以降 深淵,深淵・追加ストーリー,,ABYSS_AZELGARAG_TRANSFORM,シャニー,"これが最後。
今度こそ、深淵の意思ごと断つ。",306,4/4,,,未参照/直接呼出要確認,story.js:,,
1776,第10段階以降 深淵,深淵・追加ストーリー,,ABYSS_AZELGARAG_TRANSFORM_FINAL,深淵王アゼルガラグ・終極,"我は王ではない。深淵そのもの。
終わりを望む声がある限り、何度でも形を得る。",,1/2,,,未参照/直接呼出要確認,story.js:,,
1777,第10段階以降 深淵,深淵・追加ストーリー,,ABYSS_AZELGARAG_TRANSFORM_FINAL,深淵王アゼルガラグ・終極,来い。お前たちの光も、選び取った答えも――すべて、この底へ沈めてやろう。,,2/2,,,未参照/直接呼出要確認,story.js:,,
